agency,unit_id,supply,jsd_rest_bits,jsd_country_bits,family_n,unit_name,unit_type,F_pct,effective_family_n,marker_filled,supply_rank,state,label,direct_label
NSF,US_01015,1.166666666666,0.4351052633949129,0.43472403506649254,3,Calhoun County,county_or_equivalent,0.0233333333333208,2.8823529411758892,False,252,AL,"Calhoun County, AL",False
NSF,US_01073,5.0,0.37657317834242415,0.3752207542809415,6,Jefferson County,county_or_equivalent,0.10000000000000343,5.555555555555555,False,160,AL,"Jefferson County, AL",False
NSF,US_01081,8.833333333333,0.25933699269847393,0.25788891434168676,13,Lee County,county_or_equivalent,0.17666666666666606,10.762452107279376,False,135,AL,"Lee County, AL",False
NSF,US_01089,5.25,0.3427573625786176,0.3417822017211243,6,Madison County,county_or_equivalent,0.1050000000000036,5.444444444444445,False,157,AL,"Madison County, AL",False
NSF,US_01097,2.333333333333,0.29060974936700373,0.2897439571215618,3,Mobile County,county_or_equivalent,0.0466666666666616,2.5789473684205872,False,208,AL,"Mobile County, AL",False
NSF,US_01125,27.783333333332003,0.12428537549535755,0.12262716386900208,35,Tuscaloosa County,county_or_equivalent,0.5556666666666592,30.81867382359605,True,60,AL,"Tuscaloosa County, AL",False
NSF,US_02020,20.499999999998,0.20851399178040636,0.20642689336347958,29,Anchorage (county equivalent),county_or_equivalent,0.40999999999997405,24.66014669926363,True,80,AK,"Anchorage (county equivalent), AK",False
NSF,US_02090,49.75952380952,0.13780311623956812,0.134527385604031,79,Fairbanks North Star Borough,county_or_equivalent,0.9951904761904341,62.26760410373981,True,27,AK,"Fairbanks North Star Borough, AK",False
NSF,US_02110,7.809523809523,0.23186588088362478,0.23103882861181016,11,Juneau (county equivalent),county_or_equivalent,0.15619047619046536,9.04523289053182,False,142,AK,"Juneau (county equivalent), AK",False
NSF,US_02290,0.5,0.7213737002802088,0.7180165084943446,1,Yukon-Koyukuk (county equivalent),county_or_equivalent,0.010000000000000344,1.0,False,330,AK,"Yukon-Koyukuk (county equivalent), AK",False
NSF,US_04005,9.999999999999,0.22507934740067784,0.22411797145252332,15,Coconino County,county_or_equivalent,0.19999999999998685,12.16216216216088,False,124,AZ,"Coconino County, AZ",False
NSF,US_04013,90.033333333331,0.0993171461900248,0.09579066110616362,110,Maricopa County,county_or_equivalent,1.8006666666666817,99.07383616708894,True,7,AZ,"Maricopa County, AZ",False
NSF,US_04019,31.142857142856,0.15409504370548335,0.1521197871815132,39,Pima County,county_or_equivalent,0.6228571428571413,34.35780341596966,True,50,AZ,"Pima County, AZ",False
NSF,US_05007,1.0,0.7556995179552383,0.7519197833225031,1,Benton County,county_or_equivalent,0.020000000000000687,1.0,False,253,AR,"Benton County, AR",False
NSF,US_05143,22.283333333332997,0.25715994319067537,0.25423945569209555,26,Washington County,county_or_equivalent,0.4456666666666753,23.68613602936259,True,72,AR,"Washington County, AR",False
NSF,US_06001,74.666666666665,0.12553573687550093,0.12203335206343734,86,Alameda County,county_or_equivalent,1.4933333333333512,79.29830106676978,True,11,CA,"Alameda County, CA",False
NSF,US_06007,1.5,0.6336249295502272,0.6317487130369183,2,Butte County,county_or_equivalent,0.030000000000001033,1.8,False,242,CA,"Butte County, CA",False
NSF,US_06013,9.0,0.40544488994249595,0.4034720603843629,9,Contra Costa County,county_or_equivalent,0.18000000000000618,9.0,False,131,CA,"Contra Costa County, CA",False
NSF,US_06019,2.5,0.5390736104627354,0.5374571689317904,3,Fresno County,county_or_equivalent,0.05000000000000172,2.7777777777777777,False,200,CA,"Fresno County, CA",False
NSF,US_06023,1.0,0.2447012016796418,0.24381024597744072,1,Humboldt County,county_or_equivalent,0.020000000000000687,1.0,False,254,CA,"Humboldt County, CA",False
NSF,US_06027,1.0,0.4731414041032137,0.47215062263553387,1,Inyo County,county_or_equivalent,0.020000000000000687,1.0,False,255,CA,"Inyo County, CA",False
NSF,US_06037,132.933333333328,0.06801930860360424,0.0657816192394826,161,Los Angeles County,county_or_equivalent,2.6586666666666514,144.21210884723118,True,1,CA,"Los Angeles County, CA",True
NSF,US_06041,3.0,0.48928841080442814,0.4884331308539707,3,Marin County,county_or_equivalent,0.060000000000002066,3.0,False,187,CA,"Marin County, CA",False
NSF,US_06045,1.0,0.5764618130533048,0.5704379203138495,1,Mendocino County,county_or_equivalent,0.020000000000000687,1.0,False,256,CA,"Mendocino County, CA",False
NSF,US_06047,7.499999999999,0.22238624160791287,0.22137766273083093,10,Merced County,county_or_equivalent,0.14999999999998515,8.544303797466942,False,143,CA,"Merced County, CA",False
NSF,US_06053,5.2,0.37397596508110187,0.36579355170096234,6,Monterey County,county_or_equivalent,0.10400000000000358,5.365079365079366,False,159,CA,"Monterey County, CA",False
NSF,US_06055,1.0,0.16731974915007194,0.16695776124053785,1,Napa County,county_or_equivalent,0.020000000000000687,1.0,False,257,CA,"Napa County, CA",False
NSF,US_06057,1.0,0.7762069507785008,0.7754408123043682,1,Nevada County,county_or_equivalent,0.020000000000000687,1.0,False,258,CA,"Nevada County, CA",False
NSF,US_06059,49.416666666665996,0.13358658297943546,0.13117912896946732,59,Orange County,county_or_equivalent,0.9883333333333539,53.77718305551216,True,28,CA,"Orange County, CA",False
NSF,US_06065,18.666666666665,0.21300530991087105,0.21079668027908774,25,Riverside County,county_or_equivalent,0.37333333333331287,21.70242214532635,True,85,CA,"Riverside County, CA",False
NSF,US_06067,3.0,0.41858316958939773,0.41775794407737504,3,Sacramento County,county_or_equivalent,0.060000000000002066,3.0,False,188,CA,"Sacramento County, CA",False
NSF,US_06073,77.037301587299,0.10518849040159792,0.10259274511481713,90,San Diego County,county_or_equivalent,1.5407460317460329,81.8156448873331,True,9,CA,"San Diego County, CA",False
NSF,US_06075,12.5,0.3498358545042967,0.347063821753184,13,San Francisco County,county_or_equivalent,0.2500000000000086,12.755102040816327,False,111,CA,"San Francisco County, CA",False
NSF,US_06077,0.5,0.3582151353520698,0.3579804343064873,1,San Joaquin County,county_or_equivalent,0.010000000000000344,1.0,False,331,CA,"San Joaquin County, CA",False
NSF,US_06079,3.9000000000000004,0.28488984338659135,0.28437183002530186,6,San Luis Obispo County,county_or_equivalent,0.07800000000000269,4.567567567567568,False,177,CA,"San Luis Obispo County, CA",False
NSF,US_06081,4.0,0.47111477672826774,0.47003136587311956,4,San Mateo County,county_or_equivalent,0.08000000000000275,4.0,False,170,CA,"San Mateo County, CA",False
NSF,US_06083,31.199999999999996,0.15115898131803973,0.14890150387511805,38,Santa Barbara County,county_or_equivalent,0.6240000000000213,33.795436572993744,True,49,CA,"Santa Barbara County, CA",False
NSF,US_06085,65.533333333331,0.09706155538217923,0.09495737664020237,78,Santa Clara County,county_or_equivalent,1.310666666666665,70.75994764157961,True,16,CA,"Santa Clara County, CA",False
NSF,US_06087,28.249999999998998,0.1430962082769518,0.14164951394078534,34,Santa Cruz County,county_or_equivalent,0.5649999999999994,30.818181818180424,True,59,CA,"Santa Cruz County, CA",False
NSF,US_06095,1.0,0.8027236086053553,0.7912801731241603,1,Solano County,county_or_equivalent,0.020000000000000687,1.0,False,259,CA,"Solano County, CA",False
NSF,US_06097,4.5,0.22996708870944213,0.22888619260881635,6,Sonoma County,county_or_equivalent,0.09000000000000309,4.909090909090909,False,166,CA,"Sonoma County, CA",False
NSF,US_06113,31.866666666666,0.2292404867156472,0.22661509611179498,41,Yolo County,county_or_equivalent,0.637333333333342,35.13651916496787,True,44,CA,"Yolo County, CA",False
NSF,US_08005,3.142857142857,0.2462153104170908,0.24532120799893065,4,Arapahoe County,county_or_equivalent,0.06285714285714215,3.270270270270018,False,186,CO,"Arapahoe County, CO",False
NSF,US_08013,128.26666666666299,0.05813502763604624,0.0550593730343347,161,Boulder County,county_or_equivalent,2.565333333333348,142.125913056828,True,4,CO,"Boulder County, CO",True
NSF,US_08014,2.0,0.4187784828378168,0.4178016393757528,2,Broomfield County,county_or_equivalent,0.040000000000001375,2.0,False,215,CO,"Broomfield County, CO",False
NSF,US_08031,15.333333333333,0.222670481827003,0.22148605089088286,18,Denver County,county_or_equivalent,0.30666666666667053,16.661417322834183,False,98,CO,"Denver County, CO",False
NSF,US_08037,2.5,0.5192480430371809,0.5166070704104276,3,Eagle County,county_or_equivalent,0.05000000000000172,2.7777777777777777,False,201,CO,"Eagle County, CO",False
NSF,US_08041,1.0,0.4819005431023792,0.4812435515958297,1,El Paso County,county_or_equivalent,0.020000000000000687,1.0,False,260,CO,"El Paso County, CO",False
NSF,US_08051,1.0,0.35142320718530207,0.35098890531370786,1,Gunnison County,county_or_equivalent,0.020000000000000687,1.0,False,261,CO,"Gunnison County, CO",False
NSF,US_08059,24.309523809524002,0.20009255104895526,0.19818256139654702,30,Jefferson County,county_or_equivalent,0.48619047619049677,26.354548787116837,True,67,CO,"Jefferson County, CO",False
NSF,US_08069,59.416666666666,0.12827482957211436,0.12304698475781123,73,Larimer County,county_or_equivalent,1.188333333333361,65.62140183296682,True,22,CO,"Larimer County, CO",False
NSF,US_08077,1.0,0.4638386560213177,0.46333893983515,1,Mesa County,county_or_equivalent,0.020000000000000687,1.0,False,262,CO,"Mesa County, CO",False
NSF,US_09110,27.166666666667,0.16001291372158255,0.15851262777532865,35,Capitol County,county_or_equivalent,0.5433333333333586,30.876234747240588,True,62,CT,"Capitol County, CT",False
NSF,US_09120,1.0,0.29819763351770734,0.2976285053791315,1,Greater Bridgeport County,county_or_equivalent,0.020000000000000687,1.0,False,263,CT,"Greater Bridgeport County, CT",False
NSF,US_09130,1.0,0.5773939500833701,0.5765266125880842,1,Lower Connecticut River Valley County,county_or_equivalent,0.020000000000000687,1.0,False,264,CT,"Lower Connecticut River Valley County, CT",False
NSF,US_09170,32.499999999999,0.23425856489089064,0.231657016745546,37,South Central Connecticut County,county_or_equivalent,0.6500000000000024,34.53678474114304,True,42,CT,"South Central Connecticut County, CT",False
NSF,US_09190,2.0,0.5576969572090705,0.5498637663010677,2,Western Connecticut County,county_or_equivalent,0.040000000000001375,2.0,False,216,CT,"Western Connecticut County, CT",False
NSF,US_10001,2.0,0.38130174353099067,0.38048372260714075,2,Kent County,county_or_equivalent,0.040000000000001375,2.0,False,217,DE,"Kent County, DE",False
NSF,US_10003,31.499999999998,0.16414723537216855,0.16254212892156858,40,New Castle County,county_or_equivalent,0.6299999999999817,35.07216494845081,True,45,DE,"New Castle County, DE",False
NSF,US_10005,1.0,0.578067799855933,0.5771988210448259,1,Sussex County,county_or_equivalent,0.020000000000000687,1.0,False,265,DE,"Sussex County, DE",False
NSF,US_11001,61.309523809521,0.14600772671784223,0.14150691298086582,74,District of Columbia,county_or_equivalent,1.226190476190462,66.35767719982655,True,20,DC,"District of Columbia, DC",False
NSF,US_12001,41.309523809521004,0.09390923265555359,0.09240773822144477,56,Alachua County,county_or_equivalent,0.8261904761904485,47.50349148235721,True,32,FL,"Alachua County, FL",False
NSF,US_12009,3.0,0.45059320203059244,0.44936469526097483,3,Brevard County,county_or_equivalent,0.060000000000002066,3.0,False,189,FL,"Brevard County, FL",False
NSF,US_12011,0.5,0.8525224093505249,0.8505521091147159,1,Broward County,county_or_equivalent,0.010000000000000344,1.0,False,332,FL,"Broward County, FL",False
NSF,US_12021,3.0,0.3541713428861765,0.35286531686447103,3,Collier County,county_or_equivalent,0.060000000000002066,3.0,False,190,FL,"Collier County, FL",False
NSF,US_12057,30.283333333332,0.12623006211834378,0.12460118656792012,39,Hillsborough County,county_or_equivalent,0.6056666666666608,34.22331526189573,True,54,FL,"Hillsborough County, FL",False
NSF,US_12061,1.0,0.8351749255792004,0.8314572613326019,1,Indian River County,county_or_equivalent,0.020000000000000687,1.0,False,266,FL,"Indian River County, FL",False
NSF,US_12071,4.333333333333,0.3914981537872724,0.39047007825123076,5,Lee County,county_or_equivalent,0.08666666666666298,4.567567567567112,False,169,FL,"Lee County, FL",False
NSF,US_12073,27.449999999999996,0.11288997082114871,0.11173762375196537,33,Leon County,county_or_equivalent,0.5490000000000188,30.017030176277263,True,61,FL,"Leon County, FL",False
NSF,US_12085,1.0,0.6861882369702743,0.6855657908659281,1,Martin County,county_or_equivalent,0.020000000000000687,1.0,False,267,FL,"Martin County, FL",False
NSF,US_12086,35.309523809523,0.21032609517568954,0.2072913515289155,44,Miami-Dade County,county_or_equivalent,0.7061904761904843,39.58902309506117,True,40,FL,"Miami-Dade County, FL",False
NSF,US_12095,25.092857142855998,0.18102918138415017,0.17900698149613617,34,Orange County,county_or_equivalent,0.5018571428571372,29.00785378668462,True,64,FL,"Orange County, FL",False
NSF,US_12099,11.833333333332998,0.24615391451664234,0.2450375553713138,14,Palm Beach County,county_or_equivalent,0.2366666666666681,12.892583120204142,False,115,FL,"Palm Beach County, FL",False
NSF,US_12109,1.0,0.3506115641113762,0.3494790586254741,1,St. Johns County,county_or_equivalent,0.020000000000000687,1.0,False,268,FL,"St. Johns County, FL",False
NSF,US_12115,2.166666666667,0.39974613932818953,0.39788002781051246,4,Sarasota County,county_or_equivalent,0.04333333333334149,3.0727272727279944,False,214,FL,"Sarasota County, FL",False
NSF,US_12127,5.0,0.5823520898571893,0.580169455842672,5,Volusia County,county_or_equivalent,0.10000000000000343,5.0,False,161,FL,"Volusia County, FL",False
NSF,US_13031,1.833333333333,0.25502315661340247,0.25471870848364037,3,Bulloch County,county_or_equivalent,0.03666666666666126,2.469387755101546,False,239,GA,"Bulloch County, GA",False
NSF,US_13059,28.916666666666,0.1981323299994282,0.19585576732067952,33,Clarke County,county_or_equivalent,0.5783333333333399,30.646220412317742,True,57,GA,"Clarke County, GA",False
NSF,US_13067,2.0,0.6208741346809821,0.6192804486473471,2,Cobb County,county_or_equivalent,0.040000000000001375,2.0,False,218,GA,"Cobb County, GA",False
NSF,US_13121,72.616666666664,0.0816687452453052,0.07960577062985973,88,Fulton County,county_or_equivalent,1.45233333333333,79.14090190895509,True,13,GA,"Fulton County, GA",False
NSF,US_13135,1.0,0.7305920817111795,0.7214179063439546,1,Gwinnett County,county_or_equivalent,0.020000000000000687,1.0,False,269,GA,"Gwinnett County, GA",False
NSF,US_15001,2.0,0.4307197265533226,0.4289872785952449,2,Hawaii County,county_or_equivalent,0.040000000000001375,2.0,False,219,HI,"Hawaii County, HI",False
NSF,US_15003,31.416666666665,0.13413508751431685,0.13253092965950652,38,Honolulu County,county_or_equivalent,0.6283333333333216,34.19028145296859,True,46,HI,"Honolulu County, HI",False
NSF,US_16001,13.142857142856,0.21527701193482107,0.21337220305801402,17,Ada County,county_or_equivalent,0.2628571428571291,14.572166427544964,False,108,ID,"Ada County, ID",False
NSF,US_16005,1.0,0.4731414041032137,0.47215062263553387,1,Bannock County,county_or_equivalent,0.020000000000000687,1.0,False,270,ID,"Bannock County, ID",False
NSF,US_16057,10.22619047619,0.16501837870735298,0.16341668876925755,13,Latah County,county_or_equivalent,0.20452380952380705,11.07314254843333,False,121,ID,"Latah County, ID",False
NSF,US_17019,72.74999999999699,0.09214712988407131,0.08968837456592775,90,Champaign County,county_or_equivalent,1.4549999999999899,79.64562650224276,True,12,IL,"Champaign County, IL",False
NSF,US_17031,69.366666666664,0.0810452227203832,0.07848853379401247,81,Cook County,county_or_equivalent,1.3873333333333278,74.28254586309795,True,15,IL,"Cook County, IL",False
NSF,US_17037,5.0,0.3204495649166444,0.3194837466450736,5,DeKalb County,county_or_equivalent,0.10000000000000343,5.0,False,162,IL,"DeKalb County, IL",False
NSF,US_17043,0.333333333333,0.6135956367143439,0.6133862968344608,1,DuPage County,county_or_equivalent,0.00666666666666023,1.0,False,341,IL,"DuPage County, IL",False
NSF,US_17077,4.0,0.4737463900555031,0.47259717265235146,4,Jackson County,county_or_equivalent,0.08000000000000275,4.0,False,171,IL,"Jackson County, IL",False
NSF,US_17089,2.0,0.266184488251374,0.2657514874387419,2,Kane County,county_or_equivalent,0.040000000000001375,2.0,False,220,IL,"Kane County, IL",False
NSF,US_17097,1.0,0.4731414041032137,0.47215062263553387,1,Lake County,county_or_equivalent,0.020000000000000687,1.0,False,271,IL,"Lake County, IL",False
NSF,US_17111,2.0,0.6204069630521509,0.6191247558638542,2,McHenry County,county_or_equivalent,0.040000000000001375,2.0,False,221,IL,"McHenry County, IL",False
NSF,US_17119,0.5,0.48157180768462116,0.4812435515958297,1,Madison County,county_or_equivalent,0.010000000000000344,1.0,False,333,IL,"Madison County, IL",False
NSF,US_18035,1.0,0.4298516666083545,0.4289872785952449,1,Delaware County,county_or_equivalent,0.020000000000000687,1.0,False,272,IN,"Delaware County, IN",False
NSF,US_18097,2.0,0.49235311996350384,0.49061295514411113,2,Marion County,county_or_equivalent,0.040000000000001375,2.0,False,222,IN,"Marion County, IN",False
NSF,US_18105,20.166666666664998,0.27155255956504937,0.26913551032038424,27,Monroe County,county_or_equivalent,0.40333333333331384,23.500802568215924,True,81,IN,"Monroe County, IN",False
NSF,US_18127,1.0,0.6854653645691695,0.6837089764410104,1,Porter County,county_or_equivalent,0.020000000000000687,1.0,False,273,IN,"Porter County, IN",False
NSF,US_18141,29.783333333333,0.13327338321695031,0.13033940251811668,37,St. Joseph County,county_or_equivalent,0.5956666666666806,33.20580436523157,True,55,IN,"St. Joseph County, IN",False
NSF,US_18151,1.0,0.7643663264298046,0.7630879722326676,1,Steuben County,county_or_equivalent,0.020000000000000687,1.0,False,274,IN,"Steuben County, IN",False
NSF,US_18157,50.533333333331996,0.10747832088043857,0.10521168414192858,60,Tippecanoe County,county_or_equivalent,1.0106666666666746,54.93488861267622,True,26,IN,"Tippecanoe County, IN",False
NSF,US_18167,1.333333333333,0.4654068630135629,0.46486302408017377,2,Vigo County,county_or_equivalent,0.026666666666660916,1.59999999999952,False,248,IN,"Vigo County, IN",False
NSF,US_19013,2.25,0.5973729038205932,0.5930191960340124,3,Black Hawk County,county_or_equivalent,0.045000000000001546,2.4545454545454546,False,211,IA,"Black Hawk County, IA",False
NSF,US_19103,16.583333333332,0.20090888065635076,0.19940782044511912,22,Johnson County,county_or_equivalent,0.3316666666666514,18.95691718525422,True,92,IA,"Johnson County, IA",False
NSF,US_19113,0.25,0.5583761907954691,0.5581662904287265,1,Linn County,county_or_equivalent,0.005000000000000172,1.0,False,347,IA,"Linn County, IA",False
NSF,US_19169,47.666666666665,0.11224818857251924,0.11016296227226258,55,Story County,county_or_equivalent,0.9533333333333329,50.15082771305718,True,29,IA,"Story County, IA",False
NSF,US_20045,21.499999999999,0.21712732774480412,0.21528760991343593,27,Douglas County,county_or_equivalent,0.4299999999999948,23.755888650962195,True,76,KS,"Douglas County, KS",False
NSF,US_20161,18.699999999999,0.2535313265680314,0.2512600736311437,24,Riley County,county_or_equivalent,0.3739999999999929,20.572016864397078,True,84,KS,"Riley County, KS",False
NSF,US_20173,2.5,0.6154637260254858,0.613010124424531,3,Sedgwick County,county_or_equivalent,0.05000000000000172,2.7777777777777777,False,202,KS,"Sedgwick County, KS",False
NSF,US_21067,14.333333333333,0.22666761907350688,0.22499368759477623,15,Fayette County,county_or_equivalent,0.28666666666666984,14.559055118109788,False,102,KY,"Fayette County, KY",False
NSF,US_21111,8.0,0.32567147166805943,0.3246224470944102,8,Jefferson County,county_or_equivalent,0.1600000000000055,8.0,False,141,KY,"Jefferson County, KY",False
NSF,US_21227,0.25,0.48438444231206346,0.4832273196481424,1,Warren County,county_or_equivalent,0.005000000000000172,1.0,False,348,KY,"Warren County, KY",False
NSF,US_22033,35.333333333333,0.11855544973096908,0.11709348988965845,43,East Baton Rouge Parish,county_or_equivalent,0.7066666666666843,38.561990561990235,True,39,LA,"East Baton Rouge Parish, LA",False
NSF,US_22055,8.916666666666,0.2588374408121611,0.25777389034313636,11,Lafayette Parish,county_or_equivalent,0.17833333333332613,9.596814752723304,False,134,LA,"Lafayette Parish, LA",False
NSF,US_22071,13.499999999999,0.24580792887906908,0.24385097524161817,19,Orleans Parish,county_or_equivalent,0.26999999999998925,16.443609022554945,False,105,LA,"Orleans Parish, LA",False
NSF,US_22109,3.0,0.33603877727184966,0.33542917929331867,3,Terrebonne Parish,county_or_equivalent,0.060000000000002066,3.0,False,191,LA,"Terrebonne Parish, LA",False
NSF,US_23001,1.0,0.35142320718530207,0.35098890531370786,2,Androscoggin County,county_or_equivalent,0.020000000000000687,2.0,False,275,ME,"Androscoggin County, ME",False
NSF,US_23005,5.333333333333,0.5305569933840327,0.5283697361241148,6,Cumberland County,county_or_equivalent,0.10666666666666366,5.565217391303895,False,153,ME,"Cumberland County, ME",False
NSF,US_23011,2.0,0.532772230169311,0.5284146274896067,2,Kennebec County,county_or_equivalent,0.040000000000001375,2.0,False,223,ME,"Kennebec County, ME",False
NSF,US_23013,1.0,0.5590069404437725,0.5581662904287265,1,Knox County,county_or_equivalent,0.020000000000000687,1.0,False,276,ME,"Knox County, ME",False
NSF,US_23015,5.533333333333,0.23924802480782772,0.23839112900578538,7,Lincoln County,county_or_equivalent,0.11066666666666382,5.943917169973656,False,151,ME,"Lincoln County, ME",False
NSF,US_23019,9.0,0.273594214198253,0.27169206469855733,10,Penobscot County,county_or_equivalent,0.18000000000000618,9.529411764705882,False,132,ME,"Penobscot County, ME",False
NSF,US_24003,2.0,0.6147722963372766,0.6133387470612603,2,Anne Arundel County,county_or_equivalent,0.040000000000001375,2.0,False,224,MD,"Anne Arundel County, MD",False
NSF,US_24005,2.5,0.31948442908544916,0.3188111757554006,3,Baltimore County,county_or_equivalent,0.05000000000000172,2.7777777777777777,False,203,MD,"Baltimore County, MD",False
NSF,US_24019,13.583333333333,0.46356385064283745,0.45699485867088796,16,Dorchester County,county_or_equivalent,0.27166666666666933,14.558356164383103,False,104,MD,"Dorchester County, MD",False
NSF,US_24031,4.0,0.48567146983233833,0.483987137739392,4,Montgomery County,county_or_equivalent,0.08000000000000275,4.0,False,172,MD,"Montgomery County, MD",False
NSF,US_24033,40.583333333332995,0.16144181120260517,0.1586595615582411,47,Prince George's County,county_or_equivalent,0.8116666666666877,43.28691367037735,True,34,MD,"Prince George's County, MD",False
NSF,US_24039,1.0,0.6539359006864545,0.6504193182218061,1,Somerset County,county_or_equivalent,0.020000000000000687,1.0,False,277,MD,"Somerset County, MD",False
NSF,US_24510,28.583333333332998,0.12305160575554251,0.12177860754647428,36,Baltimore (county equivalent),county_or_equivalent,0.5716666666666796,31.961151860907037,True,58,MD,"Baltimore (county equivalent), MD",False
NSF,US_25001,75.083333333331,0.09219253424882573,0.09029935694225785,95,Barnstable County,county_or_equivalent,1.5016666666666716,83.37280476532514,True,10,MA,"Barnstable County, MA",False
NSF,US_25003,1.5,0.5103026734535278,0.5095827594713135,2,Berkshire County,county_or_equivalent,0.030000000000001033,1.8,False,243,MA,"Berkshire County, MA",False
NSF,US_25005,2.5,0.5775453064938534,0.5756373996658314,3,Bristol County,county_or_equivalent,0.05000000000000172,2.7777777777777777,False,204,MA,"Bristol County, MA",False
NSF,US_25009,1.0,0.4906091327946708,0.4894255224481563,1,Essex County,county_or_equivalent,0.020000000000000687,1.0,False,278,MA,"Essex County, MA",False
NSF,US_25013,1.0,0.4731414041032137,0.47215062263553387,1,Hampden County,county_or_equivalent,0.020000000000000687,1.0,False,279,MA,"Hampden County, MA",False
NSF,US_25015,31.333333333332,0.11339775870227717,0.11168978641835277,36,Hampshire County,county_or_equivalent,0.6266666666666615,33.34339622641327,True,47,MA,"Hampshire County, MA",False
NSF,US_25017,129.34285714285298,0.06906530388659492,0.06546293119530319,155,Middlesex County,county_or_equivalent,2.5868571428571485,140.496942732734,True,3,MA,"Middlesex County, MA",True
NSF,US_25021,7.2,0.399594696752842,0.39804334958989696,8,Norfolk County,county_or_equivalent,0.14400000000000496,7.363636363636364,False,145,MA,"Norfolk County, MA",False
NSF,US_25023,1.0,0.6004120575510639,0.6000396201090337,1,Plymouth County,county_or_equivalent,0.020000000000000687,1.0,False,280,MA,"Plymouth County, MA",False
NSF,US_25025,64.58333333333,0.06605636422918805,0.06456308804734484,79,Suffolk County,county_or_equivalent,1.2916666666666445,71.08829447271403,True,19,MA,"Suffolk County, MA",False
NSF,US_25027,21.5,0.23228945937403123,0.2297199449407621,23,Worcester County,county_or_equivalent,0.43000000000001476,21.867279894875278,True,75,MA,"Worcester County, MA",False
NSF,US_26049,1.0,0.45092180851425484,0.4496714124632709,1,Genesee County,county_or_equivalent,0.020000000000000687,1.0,False,281,MI,"Genesee County, MI",False
NSF,US_26061,17.944444444443,0.12991549217042356,0.12888112359912662,23,Houghton County,county_or_equivalent,0.3588888888888723,19.86840601789928,True,89,MI,"Houghton County, MI",False
NSF,US_26065,29.333333333330998,0.15486570825593624,0.15265413093337335,38,Ingham County,county_or_equivalent,0.5866666666666401,32.900690387675965,True,56,MI,"Ingham County, MI",False
NSF,US_26073,2.75,0.31410969622336127,0.31197091998852094,4,Isabella County,county_or_equivalent,0.05500000000000189,3.27027027027027,False,198,MI,"Isabella County, MI",False
NSF,US_26077,1.0,0.25859146228896535,0.258218409933006,1,Kalamazoo County,county_or_equivalent,0.020000000000000687,1.0,False,282,MI,"Kalamazoo County, MI",False
NSF,US_26103,3.5,0.48886633595163687,0.48775584545761774,4,Marquette County,county_or_equivalent,0.07000000000000241,3.769230769230769,False,180,MI,"Marquette County, MI",False
NSF,US_26125,4.0,0.28223663619748535,0.28155339827644466,4,Oakland County,county_or_equivalent,0.08000000000000275,4.0,False,173,MI,"Oakland County, MI",False
NSF,US_26139,1.666666666666,0.3760645871085837,0.375527462292119,3,Ottawa County,county_or_equivalent,0.03333333333332115,2.272727272726281,False,241,MI,"Ottawa County, MI",False
NSF,US_26161,104.983333333331,0.0667529105356974,0.06369595042776247,123,Washtenaw County,county_or_equivalent,2.0996666666666925,112.25333627564669,True,6,MI,"Washtenaw County, MI",False
NSF,US_26163,15.333333333332998,0.21503505252655464,0.21385294898558166,16,Wayne County,county_or_equivalent,0.30666666666667053,15.558823529411317,False,99,MI,"Wayne County, MI",False
NSF,US_27007,0.25,0.4723979030564686,0.47215062263553387,1,Beltrami County,county_or_equivalent,0.005000000000000172,1.0,False,349,MN,"Beltrami County, MN",False
NSF,US_27053,39.949999999998,0.13495807967703238,0.13279798735900042,49,Hennepin County,county_or_equivalent,0.7989999999999875,43.70314674942104,True,37,MN,"Hennepin County, MN",False
NSF,US_27103,0.333333333333,0.4116883288068172,0.4115697639746209,1,Nicollet County,county_or_equivalent,0.00666666666666023,1.0,False,342,MN,"Nicollet County, MN",False
NSF,US_27123,4.0,0.49767725443462874,0.4959257514083042,4,Ramsey County,county_or_equivalent,0.08000000000000275,4.0,False,174,MN,"Ramsey County, MN",False
NSF,US_27131,1.0,0.35142320718530207,0.35098890531370786,1,Rice County,county_or_equivalent,0.020000000000000687,1.0,False,283,MN,"Rice County, MN",False
NSF,US_27137,6.366666666666,0.36920964739943735,0.3676516846693811,9,St. Louis County,county_or_equivalent,0.1273333333333244,7.353557750452591,False,148,MN,"St. Louis County, MN",False
NSF,US_28035,3.5,0.39207459875931194,0.3910817945565489,4,Forrest County,county_or_equivalent,0.07000000000000241,3.769230769230769,False,181,MS,"Forrest County, MS",False
NSF,US_28071,3.333333333333,0.262988070555784,0.2624887701719013,5,Lafayette County,county_or_equivalent,0.0666666666666623,4.255319148935682,False,184,MS,"Lafayette County, MS",False
NSF,US_28105,4.5,0.44469095620664817,0.4436398159690446,7,Oktibbeha County,county_or_equivalent,0.09000000000000309,5.5648854961833765,False,167,MS,"Oktibbeha County, MS",False
NSF,US_29019,9.0,0.3111066199023833,0.30932874961520906,11,Boone County,county_or_equivalent,0.18000000000000618,10.125,False,133,MO,"Boone County, MO",False
NSF,US_29037,1.0,0.3584501799130753,0.3579804343064873,1,Cass County,county_or_equivalent,0.020000000000000687,1.0,False,284,MO,"Cass County, MO",False
NSF,US_29077,1.0,0.3584501799130753,0.3579804343064873,1,Greene County,county_or_equivalent,0.020000000000000687,1.0,False,285,MO,"Greene County, MO",False
NSF,US_29095,1.0,0.5764618130533048,0.5704379203138495,1,Jackson County,county_or_equivalent,0.020000000000000687,1.0,False,286,MO,"Jackson County, MO",False
NSF,US_29161,16.333333333332998,0.24042718846054417,0.23842108513044707,20,Phelps County,county_or_equivalent,0.3266666666666712,17.801668211306307,True,93,MO,"Phelps County, MO",False
NSF,US_29225,1.0,0.3506115641113762,0.3494790586254741,1,Webster County,county_or_equivalent,0.020000000000000687,1.0,False,287,MO,"Webster County, MO",False
NSF,US_29510,15.833333333333,0.3342068387270833,0.3317347687637318,20,St. Louis (county equivalent),county_or_equivalent,0.3166666666666709,17.592592592592265,True,97,MO,"St. Louis (county equivalent), MO",False
NSF,US_30031,9.5,0.2843217065004161,0.28318994741799186,11,Gallatin County,county_or_equivalent,0.19000000000000652,10.314285714285715,False,127,MT,"Gallatin County, MT",False
NSF,US_30063,9.5,0.37876997414501207,0.37639476298878166,12,Missoula County,county_or_equivalent,0.19000000000000652,10.93939393939394,False,128,MT,"Missoula County, MT",False
NSF,US_31055,5.0,0.5063784653011199,0.5041400699718979,5,Douglas County,county_or_equivalent,0.10000000000000343,5.0,False,163,NE,"Douglas County, NE",False
NSF,US_31109,9.666666666666,0.3406943837154211,0.3394454840730257,14,Lancaster County,county_or_equivalent,0.19333333333332664,11.54030874785496,False,126,NE,"Lancaster County, NE",False
NSF,US_32003,5.0,0.3581880350883037,0.35741199422268993,6,Clark County,county_or_equivalent,0.10000000000000343,5.555555555555555,False,164,NV,"Clark County, NV",False
NSF,US_32031,30.583333333332998,0.1627237105476094,0.16026476796228944,38,Washoe County,county_or_equivalent,0.611666666666681,33.93524817334308,True,53,NV,"Washoe County, NV",False
NSF,US_33005,0.333333333333,0.24410649942106455,0.24381024597744072,1,Cheshire County,county_or_equivalent,0.00666666666666023,1.0,False,343,NH,"Cheshire County, NH",False
NSF,US_33009,12.616666666666,0.1846359576586003,0.18338028716083776,17,Grafton County,county_or_equivalent,0.25233333333332864,14.373297549473588,False,109,NH,"Grafton County, NH",False
NSF,US_33013,2.0,0.47257828631976817,0.47174327208108824,2,Merrimack County,county_or_equivalent,0.040000000000001375,2.0,False,225,NH,"Merrimack County, NH",False
NSF,US_33017,18.066666666665,0.1974902077357966,0.19578338216979937,28,Strafford County,county_or_equivalent,0.3613333333333124,22.472766217868003,True,87,NH,"Strafford County, NH",False
NSF,US_34001,1.0,0.674532032796447,0.6736619809534001,1,Atlantic County,county_or_equivalent,0.020000000000000687,1.0,False,288,NJ,"Atlantic County, NJ",False
NSF,US_34007,2.25,0.3931128099415894,0.38981180199348864,3,Camden County,county_or_equivalent,0.045000000000001546,2.4545454545454546,False,212,NJ,"Camden County, NJ",False
NSF,US_34013,24.416666666666,0.31602627509054404,0.31225735683689404,28,Essex County,county_or_equivalent,0.48833333333333684,25.88151944528097,True,66,NJ,"Essex County, NJ",False
NSF,US_34015,3.0,0.5312036073890276,0.5286054245607984,4,Gloucester County,county_or_equivalent,0.060000000000002066,3.6,False,192,NJ,"Gloucester County, NJ",False
NSF,US_34017,6.033333333333,0.3697845981623045,0.36718969599558937,10,Hudson County,county_or_equivalent,0.12066666666666416,8.270891189093168,False,149,NJ,"Hudson County, NJ",False
NSF,US_34019,1.0,0.16731974915007194,0.16695776124053785,1,Hunterdon County,county_or_equivalent,0.020000000000000687,1.0,False,289,NJ,"Hunterdon County, NJ",False
NSF,US_34021,33.059523809523,0.14255990084792822,0.1410471152623595,40,Mercer County,county_or_equivalent,0.6611904761904827,35.62345077351495,True,41,NJ,"Mercer County, NJ",False
NSF,US_34023,32.083333333331,0.18303806602751485,0.18083182330039213,43,Middlesex County,county_or_equivalent,0.641666666666642,37.30807953687057,True,43,NJ,"Middlesex County, NJ",False
NSF,US_34035,1.0,0.16731974915007194,0.16695776124053785,1,Somerset County,county_or_equivalent,0.020000000000000687,1.0,False,290,NJ,"Somerset County, NJ",False
NSF,US_34039,1.0,0.6019862950387127,0.5955207500055142,1,Union County,county_or_equivalent,0.020000000000000687,1.0,False,291,NJ,"Union County, NJ",False
NSF,US_35001,11.0,0.2459876387072293,0.24465405717298977,13,Bernalillo County,county_or_equivalent,0.22000000000000755,12.1,False,117,NM,"Bernalillo County, NM",False
NSF,US_35013,9.833333333333,0.44575894091190393,0.44155932922549906,11,Doña Ana County,county_or_equivalent,0.19666666666666674,10.329376854598951,False,125,NM,"Doña Ana County, NM",False
NSF,US_35028,3.0,0.3300295835618823,0.3293222760876015,3,Los Alamos County,county_or_equivalent,0.060000000000002066,3.0,False,193,NM,"Los Alamos County, NM",False
NSF,US_35053,5.666666666666,0.5084505562978673,0.5066045010534413,8,Socorro County,county_or_equivalent,0.1133333333333239,6.799999999999041,False,150,NM,"Socorro County, NM",False
NSF,US_36001,9.033333333332001,0.30872600442148573,0.3073783944408729,13,Albany County,county_or_equivalent,0.18066666666664624,10.550351960923251,False,130,NY,"Albany County, NY",False
NSF,US_36007,8.833333333333,0.31082527044821484,0.30929474669658286,10,Broome County,county_or_equivalent,0.17666666666666606,9.332225913620807,False,136,NY,"Broome County, NY",False
NSF,US_36015,1.0,0.24692656442766678,0.24577795213278883,1,Chemung County,county_or_equivalent,0.020000000000000687,1.0,False,292,NY,"Chemung County, NY",False
NSF,US_36027,2.0,0.6640715276396452,0.6613450469392355,2,Dutchess County,county_or_equivalent,0.040000000000001375,2.0,False,226,NY,"Dutchess County, NY",False
NSF,US_36029,40.533333333333,0.11858120596993466,0.11669434026874735,47,Erie County,county_or_equivalent,0.8106666666666879,43.63619193767292,True,35,NY,"Erie County, NY",False
NSF,US_36047,10.0,0.4095513435546646,0.40724592826267436,10,Kings County,county_or_equivalent,0.20000000000000687,10.0,False,122,NY,"Kings County, NY",False
NSF,US_36053,0.666666666667,0.4221684261411479,0.4218852251911434,2,Madison County,county_or_equivalent,0.013333333333340457,1.6000000000009604,False,329,NY,"Madison County, NY",False
NSF,US_36055,14.249999999999,0.25752631636386014,0.25516180661088883,18,Monroe County,county_or_equivalent,0.28499999999998976,15.746365105006682,False,103,NY,"Monroe County, NY",False
NSF,US_36059,2.0,0.4198716183217005,0.41854760740928204,2,Nassau County,county_or_equivalent,0.040000000000001375,2.0,False,227,NY,"Nassau County, NY",False
NSF,US_36061,132.699999999996,0.05701898020312658,0.054440890663619235,152,New York County,county_or_equivalent,2.6540000000000115,140.75108460591798,True,2,NY,"New York County, NY",True
NSF,US_36065,1.0,0.25348354796665934,0.2527750907734249,1,Oneida County,county_or_equivalent,0.020000000000000687,1.0,False,293,NY,"Oneida County, NY",False
NSF,US_36067,21.416666666666,0.1902067238362267,0.18868555430839193,26,Onondaga County,county_or_equivalent,0.42833333333333473,23.81860800576954,True,78,NY,"Onondaga County, NY",False
NSF,US_36081,4.0,0.4441687481752411,0.4420513468453911,4,Queens County,county_or_equivalent,0.08000000000000275,4.0,False,175,NY,"Queens County, NY",False
NSF,US_36083,19.166666666666,0.18223215121052322,0.18070106650404127,23,Rensselaer County,county_or_equivalent,0.38333333333333314,20.583657587547727,True,82,NY,"Rensselaer County, NY",False
NSF,US_36085,0.5,0.35120591773371557,0.35098890531370786,1,Richmond County,county_or_equivalent,0.010000000000000344,1.0,False,334,NY,"Richmond County, NY",False
NSF,US_36089,8.333333333333,0.2946723634618045,0.2930297994567737,12,St. Lawrence County,county_or_equivalent,0.1666666666666657,10.504201680671782,False,139,NY,"St. Lawrence County, NY",False
NSF,US_36091,0.333333333333,0.3511335495061458,0.35098890531370786,1,Saratoga County,county_or_equivalent,0.00666666666666023,1.0,False,344,NY,"Saratoga County, NY",False
NSF,US_36093,2.25,0.5703327788534849,0.5690096388110908,3,Schenectady County,county_or_equivalent,0.045000000000001546,2.4545454545454546,False,213,NY,"Schenectady County, NY",False
NSF,US_36103,24.444444444442997,0.17545248253518048,0.17396176330542887,33,Suffolk County,county_or_equivalent,0.48888888888887677,28.5125184094235,True,65,NY,"Suffolk County, NY",False
NSF,US_36109,57.25,0.12136419906182962,0.11879340038888268,64,Tompkins County,county_or_equivalent,1.1450000000000393,60.192449942609485,True,23,NY,"Tompkins County, NY",False
NSF,US_36111,1.5,0.44432346888369717,0.4424542637716071,2,Ulster County,county_or_equivalent,0.030000000000001033,1.8,False,244,NY,"Ulster County, NY",False
NSF,US_36119,2.0,0.6437119875012761,0.6381680408052772,2,Westchester County,county_or_equivalent,0.040000000000001375,2.0,False,228,NY,"Westchester County, NY",False
NSF,US_37021,0.25,0.41618435160978917,0.4161162284547688,1,Buncombe County,county_or_equivalent,0.005000000000000172,1.0,False,350,NC,"Buncombe County, NC",False
NSF,US_37031,2.0,0.15947596955078497,0.15456127623314198,2,Carteret County,county_or_equivalent,0.040000000000001375,2.0,False,229,NC,"Carteret County, NC",False
NSF,US_37063,22.583333333333,0.27945725538457844,0.2749722339179606,26,Durham County,county_or_equivalent,0.4516666666666756,24.086913742210108,True,70,NC,"Durham County, NC",False
NSF,US_37067,2.0,0.4749404586861158,0.474093903813684,2,Forsyth County,county_or_equivalent,0.040000000000001375,2.0,False,230,NC,"Forsyth County, NC",False
NSF,US_37081,16.166666666666,0.2726949982262877,0.2704020262790177,20,Guilford County,county_or_equivalent,0.3233333333333311,18.059500959691963,True,95,NC,"Guilford County, NC",False
NSF,US_37119,16.999999999998998,0.23574179602371123,0.23320679141732426,19,Mecklenburg County,county_or_equivalent,0.33999999999999164,17.693877551019046,False,91,NC,"Mecklenburg County, NC",False
NSF,US_37129,8.833333333333,0.24664763885461505,0.24546994139402206,10,New Hanover County,county_or_equivalent,0.17666666666666606,9.332225913620807,False,137,NC,"New Hanover County, NC",False
NSF,US_37135,31.283333333332,0.19225087732112656,0.18980440880277877,41,Orange County,county_or_equivalent,0.6256666666666615,35.34829284932956,True,48,NC,"Orange County, NC",False
NSF,US_37147,13.25,0.21714493463948653,0.21559553557153224,15,Pitt County,county_or_equivalent,0.2650000000000091,13.975124378109452,False,107,NC,"Pitt County, NC",False
NSF,US_37175,1.0,0.29819763351770734,0.2976285053791315,1,Transylvania County,county_or_equivalent,0.020000000000000687,1.0,False,294,NC,"Transylvania County, NC",False
NSF,US_37183,40.416666666665,0.12034846435876548,0.11871487657929412,52,Wake County,county_or_equivalent,0.8083333333333278,46.185941488314924,True,36,NC,"Wake County, NC",False
NSF,US_37189,3.833333333333,0.3283713797218706,0.32672977445245105,6,Watauga County,county_or_equivalent,0.07666666666666264,5.1359223300965935,False,179,NC,"Watauga County, NC",False
NSF,US_37191,1.0,0.24692656442766678,0.24577795213278883,1,Wayne County,county_or_equivalent,0.020000000000000687,1.0,False,295,NC,"Wayne County, NC",False
NSF,US_38017,2.0,0.29701774912425627,0.2963397817778406,3,Cass County,county_or_equivalent,0.040000000000001375,2.6666666666666665,False,231,ND,"Cass County, ND",False
NSF,US_38035,2.5,0.6421941955004078,0.640182702691,3,Grand Forks County,county_or_equivalent,0.05000000000000172,2.7777777777777777,False,205,ND,"Grand Forks County, ND",False
NSF,US_39009,0.9999999999999998,0.38738287216308187,0.3866301238312516,2,Athens County,county_or_equivalent,0.02000000000000068,2.0,False,328,OH,"Athens County, OH",False
NSF,US_39017,1.0,0.7762069507785008,0.7754408123043682,1,Butler County,county_or_equivalent,0.020000000000000687,1.0,False,296,OH,"Butler County, OH",False
NSF,US_39035,14.666666666666,0.21472054249705724,0.21330623944648566,17,Cuyahoga County,county_or_equivalent,0.29333333333333006,15.67611336032297,False,100,OH,"Cuyahoga County, OH",False
NSF,US_39049,41.033333333331996,0.1291456979650715,0.12729768616189294,52,Franklin County,county_or_equivalent,0.8206666666666681,45.50838626364377,True,33,OH,"Franklin County, OH",False
NSF,US_39061,12.333333333333,0.41277449219198936,0.4106673249096106,14,Hamilton County,county_or_equivalent,0.2466666666666685,13.100478468899066,False,113,OH,"Hamilton County, OH",False
NSF,US_39089,1.0,0.5590069404437725,0.5581662904287265,1,Licking County,county_or_equivalent,0.020000000000000687,1.0,False,297,OH,"Licking County, OH",False
NSF,US_39093,5.5,0.3693414674039458,0.3676618161446436,6,Lorain County,county_or_equivalent,0.11000000000000378,5.761904761904762,False,152,OH,"Lorain County, OH",False
NSF,US_39095,3.0,0.5753510070672805,0.5712425462268027,4,Lucas County,county_or_equivalent,0.060000000000002066,3.6,False,194,OH,"Lucas County, OH",False
NSF,US_39113,3.866666666667,0.4453662123346726,0.44416091813904446,6,Montgomery County,county_or_equivalent,0.07733333333334266,4.506363027462114,False,178,OH,"Montgomery County, OH",False
NSF,US_39133,4.0,0.42542711098301395,0.4242407038243564,5,Portage County,county_or_equivalent,0.08000000000000275,4.571428571428571,False,176,OH,"Portage County, OH",False
NSF,US_39153,5.0,0.3275757236181436,0.3256507613338394,5,Summit County,county_or_equivalent,0.10000000000000343,5.0,False,165,OH,"Summit County, OH",False
NSF,US_39173,1.0,0.4485103044513782,0.44760512124751484,1,Wood County,county_or_equivalent,0.020000000000000687,1.0,False,298,OH,"Wood County, OH",False
NSF,US_40027,21.638888888888,0.09208950211425063,0.09122583565590875,27,Cleveland County,county_or_equivalent,0.4327777777777749,23.90926283440239,True,74,OK,"Cleveland County, OK",False
NSF,US_40109,2.0,0.40932008289404315,0.4086735630482754,2,Oklahoma County,county_or_equivalent,0.040000000000001375,2.0,False,232,OK,"Oklahoma County, OK",False
NSF,US_40119,10.666666666665,0.27267015749423157,0.27122452660445306,16,Payne County,county_or_equivalent,0.21333333333330734,13.298701298698868,False,120,OK,"Payne County, OK",False
NSF,US_40143,0.5,0.683361178916081,0.6827681256057774,1,Tulsa County,county_or_equivalent,0.010000000000000344,1.0,False,335,OK,"Tulsa County, OK",False
NSF,US_41003,64.999999999997,0.12178205499365875,0.11866044091481334,83,Benton County,county_or_equivalent,1.2999999999999847,73.16017316016894,True,18,OR,"Benton County, OR",False
NSF,US_41017,1.0,0.4298516666083545,0.4289872785952449,1,Deschutes County,county_or_equivalent,0.020000000000000687,1.0,False,299,OR,"Deschutes County, OR",False
NSF,US_41029,1.0,0.35142320718530207,0.35098890531370786,1,Jackson County,county_or_equivalent,0.020000000000000687,1.0,False,300,OR,"Jackson County, OR",False
NSF,US_41039,21.476190476189,0.14585125210280356,0.14450010147952558,25,Lane County,county_or_equivalent,0.42952380952379476,22.84762707104587,True,77,OR,"Lane County, OR",False
NSF,US_41047,2.0,0.5248016085782592,0.5212942714746918,2,Marion County,county_or_equivalent,0.040000000000001375,2.0,False,233,OR,"Marion County, OR",False
NSF,US_41051,31.009523809523,0.16148379808571126,0.15997083179926314,42,Multnomah County,county_or_equivalent,0.6201904761904813,36.586542244430476,True,51,OR,"Multnomah County, OR",False
NSF,US_42003,59.449999999998,0.10634842182542506,0.10401497916038656,70,Allegheny County,county_or_equivalent,1.189000000000001,63.947092260600655,True,21,PA,"Allegheny County, PA",False
NSF,US_42019,1.0,0.5764618130533048,0.5704379203138495,1,Butler County,county_or_equivalent,0.020000000000000687,1.0,False,301,PA,"Butler County, PA",False
NSF,US_42027,71.11111111110799,0.09431732673379838,0.09155491315296313,91,Centre County,county_or_equivalent,1.4222222222222085,79.93364882665315,True,14,PA,"Centre County, PA",False
NSF,US_42029,2.333333333333,0.611619737802263,0.6091318430925433,3,Chester County,county_or_equivalent,0.0466666666666616,2.578947368420587,False,209,PA,"Chester County, PA",False
NSF,US_42061,0.333333333333,0.5663548069052573,0.5658909556571557,1,Huntingdon County,county_or_equivalent,0.00666666666666023,1.0,False,345,PA,"Huntingdon County, PA",False
NSF,US_42063,0.5,0.35120591773371557,0.35098890531370786,1,Indiana County,county_or_equivalent,0.010000000000000344,1.0,False,336,PA,"Indiana County, PA",False
NSF,US_42071,1.333333333333,0.33836949737567174,0.3370433061334904,2,Lancaster County,county_or_equivalent,0.026666666666660916,1.59999999999952,False,249,PA,"Lancaster County, PA",False
NSF,US_42077,1.0,0.16731974915007194,0.16695776124053785,1,Lehigh County,county_or_equivalent,0.020000000000000687,1.0,False,302,PA,"Lehigh County, PA",False
NSF,US_42091,8.5,0.2743891072784057,0.273595708324359,9,Montgomery County,county_or_equivalent,0.17000000000000584,8.757575757575758,False,138,PA,"Montgomery County, PA",False
NSF,US_42095,10.833333333333,0.4593650660782415,0.45663127952712523,13,Northampton County,county_or_equivalent,0.21666666666666745,11.449864498644656,False,118,PA,"Northampton County, PA",False
NSF,US_42101,44.333333333333,0.1427171274901347,0.14013834936205433,54,Philadelphia County,county_or_equivalent,0.8866666666666906,48.54614065180137,True,31,PA,"Philadelphia County, PA",False
NSF,US_44001,1.0,0.49283210030612146,0.4921805486571226,1,Bristol County,county_or_equivalent,0.020000000000000687,1.0,False,303,RI,"Bristol County, RI",False
NSF,US_44003,18.0,0.3535550302556021,0.34986731767524587,18,Kent County,county_or_equivalent,0.36000000000001237,18.0,False,88,RI,"Kent County, RI",False
NSF,US_44007,17.366666666666,0.2807807767239635,0.2782447329985881,21,Providence County,county_or_equivalent,0.34733333333333194,18.835681076954184,True,90,RI,"Providence County, RI",False
NSF,US_44009,16.249999999998998,0.21961566387788162,0.21750660990663312,22,Washington County,county_or_equivalent,0.32499999999999113,18.503649635035078,True,94,RI,"Washington County, RI",False
NSF,US_45019,2.333333333333,0.3313485205947826,0.32972161955152535,3,Charleston County,county_or_equivalent,0.0466666666666616,2.5789473684205872,False,210,SC,"Charleston County, SC",False
NSF,US_45051,2.8333333333329995,0.4392129766122713,0.43823073068006724,5,Horry County,county_or_equivalent,0.05666666666666194,4.313432835820396,False,197,SC,"Horry County, SC",False
NSF,US_45063,1.0,0.4298516666083545,0.4289872785952449,1,Lexington County,county_or_equivalent,0.020000000000000687,1.0,False,304,SC,"Lexington County, SC",False
NSF,US_45077,22.166666666666,0.11218795711944772,0.11110733965515189,28,Pickens County,county_or_equivalent,0.44333333333333524,24.75717284814462,True,73,SC,"Pickens County, SC",False
NSF,US_45079,18.083333333332998,0.1524364305853483,0.15123334297864022,22,Richland County,county_or_equivalent,0.3616666666666724,19.910782241014342,True,86,SC,"Richland County, SC",False
NSF,US_46011,5.249999999999,0.3435719487147437,0.34245043557081806,8,Brookings County,county_or_equivalent,0.1049999999999836,6.6930860033719375,False,158,SD,"Brookings County, SD",False
NSF,US_46103,7.0,0.356909800153406,0.3558151140858895,8,Pennington County,county_or_equivalent,0.14000000000000482,7.538461538461538,False,146,SD,"Pennington County, SD",False
NSF,US_47001,0.25,0.5583761907954691,0.5581662904287265,1,Anderson County,county_or_equivalent,0.005000000000000172,1.0,False,351,TN,"Anderson County, TN",False
NSF,US_47037,22.833333333332,0.1220065899322681,0.12063313992130341,32,Davidson County,county_or_equivalent,0.4566666666666557,26.81285714285524,True,69,TN,"Davidson County, TN",False
NSF,US_47065,2.0,0.3425730280148138,0.3411372326304799,3,Hamilton County,county_or_equivalent,0.040000000000001375,2.6666666666666665,False,234,TN,"Hamilton County, TN",False
NSF,US_47093,30.666666666665996,0.17740506192899436,0.1751301640363108,35,Knox County,county_or_equivalent,0.6133333333333411,32.74274661508613,True,52,TN,"Knox County, TN",False
NSF,US_47105,1.0,0.24692656442766678,0.24577795213278883,1,Loudon County,county_or_equivalent,0.020000000000000687,1.0,False,305,TN,"Loudon County, TN",False
NSF,US_47141,3.0,0.5053442818723886,0.503641716715729,3,Putnam County,county_or_equivalent,0.060000000000002066,3.0,False,195,TN,"Putnam County, TN",False
NSF,US_47157,5.333333333333,0.33332234590721727,0.3322211320923013,7,Shelby County,county_or_equivalent,0.10666666666666366,6.168674698794708,False,154,TN,"Shelby County, TN",False
NSF,US_48029,14.416666666665998,0.20060212362209426,0.1991998071649201,18,Bexar County,county_or_equivalent,0.2883333333333299,15.945125199785963,False,101,TX,"Bexar County, TX",False
NSF,US_48041,86.361111111108,0.08459573298007154,0.08194235864280494,110,Brazos County,county_or_equivalent,1.7272222222222193,97.08111284085331,True,8,TX,"Brazos County, TX",False
NSF,US_48113,15.866666666666,0.20654639671492261,0.2050272098513646,20,Dallas County,county_or_equivalent,0.3173333333333309,17.651604861326582,True,96,TX,"Dallas County, TX",False
NSF,US_48121,10.666666666666,0.2715739439514684,0.2700188818792555,16,Denton County,county_or_equivalent,0.21333333333332732,13.837837837836858,False,119,TX,"Denton County, TX",False
NSF,US_48141,12.583333333333,0.14378565872948754,0.1430277376591491,16,El Paso County,county_or_equivalent,0.25166666666666865,14.170913610938003,False,110,TX,"El Paso County, TX",False
NSF,US_48143,1.0,0.7473297906925919,0.7460475621075755,1,Erath County,county_or_equivalent,0.020000000000000687,1.0,False,306,TX,"Erath County, TX",False
NSF,US_48167,1.0,0.5773939500833701,0.5765266125880842,1,Galveston County,county_or_equivalent,0.020000000000000687,1.0,False,307,TX,"Galveston County, TX",False
NSF,US_48201,56.699999999998994,0.11478804797510028,0.11249447216364789,72,Harris County,county_or_equivalent,1.1340000000000188,63.332333756510586,True,24,TX,"Harris County, TX",False
NSF,US_48209,10.0,0.3446795844982142,0.343140093620421,11,Hays County,county_or_equivalent,0.20000000000000687,10.526315789473685,False,123,TX,"Hays County, TX",False
NSF,US_48215,0.333333333333,0.6515865726018631,0.6504193182218061,1,Hidalgo County,county_or_equivalent,0.00666666666666023,1.0,False,346,TX,"Hidalgo County, TX",False
NSF,US_48245,0.5,0.6447562647854215,0.6442070109430573,1,Jefferson County,county_or_equivalent,0.010000000000000344,1.0,False,337,TX,"Jefferson County, TX",False
NSF,US_48273,1.0,0.3980428069572066,0.3978089448355749,2,Kleberg County,county_or_equivalent,0.020000000000000687,2.0,False,308,TX,"Kleberg County, TX",False
NSF,US_48303,21.027777777776997,0.14299143019483843,0.14169632788979222,28,Lubbock County,county_or_equivalent,0.4205555555555544,23.663087913448223,True,79,TX,"Lubbock County, TX",False
NSF,US_48309,5.333333333333,0.38594226320644837,0.38489822479262314,7,McLennan County,county_or_equivalent,0.10666666666666366,6.168674698794708,False,155,TX,"McLennan County, TX",False
NSF,US_48355,9.333333333333,0.2769828354636352,0.2758674281825573,12,Nueces County,county_or_equivalent,0.1866666666666664,10.739726027396788,False,129,TX,"Nueces County, TX",False
NSF,US_48381,1.833333333333,0.3971549521713305,0.3967349694617944,3,Randall County,county_or_equivalent,0.03666666666666126,2.469387755101546,False,240,TX,"Randall County, TX",False
NSF,US_48423,1.5,0.6291112563311688,0.6246032085389353,2,Smith County,county_or_equivalent,0.030000000000001033,1.8,False,245,TX,"Smith County, TX",False
NSF,US_48439,11.416666666667,0.30983698476455135,0.30701300490203204,15,Tarrant County,county_or_equivalent,0.22833333333334785,12.917412250516787,False,116,TX,"Tarrant County, TX",False
NSF,US_48451,1.0,0.6120812718177925,0.6114600196411376,1,Tom Green County,county_or_equivalent,0.020000000000000687,1.0,False,309,TX,"Tom Green County, TX",False
NSF,US_48453,65.08333333332901,0.07739247180131506,0.07528927207805645,89,Travis County,county_or_equivalent,1.301666666666625,75.7809665796933,True,17,TX,"Travis County, TX",False
NSF,US_48471,1.0,0.38154193456627883,0.3809660768661214,1,Walker County,county_or_equivalent,0.020000000000000687,1.0,False,310,TX,"Walker County, TX",False
NSF,US_48473,2.0,0.5190517117671051,0.5181673026459628,2,Waller County,county_or_equivalent,0.040000000000001375,2.0,False,235,TX,"Waller County, TX",False
NSF,US_49005,13.392857142855998,0.20566352944253527,0.20444139211921522,21,Cache County,county_or_equivalent,0.2678571428571292,16.600320037773376,True,106,UT,"Cache County, UT",False
NSF,US_49011,1.0,0.41199192295060516,0.4114883865888074,1,Davis County,county_or_equivalent,0.020000000000000687,1.0,False,311,UT,"Davis County, UT",False
NSF,US_49035,37.166666666666,0.1420593517474445,0.14019962442216363,42,Salt Lake County,county_or_equivalent,0.7433333333333457,39.49880857823579,True,38,UT,"Salt Lake County, UT",False
NSF,US_49049,4.416666666666,0.2323622758984864,0.2318162899872241,8,Utah County,county_or_equivalent,0.08833333333332304,6.4279176201363,False,168,UT,"Utah County, UT",False
NSF,US_49057,1.0,0.5773939500833701,0.5765266125880842,1,Weber County,county_or_equivalent,0.020000000000000687,1.0,False,312,UT,"Weber County, UT",False
NSF,US_50001,2.5,0.6988394299295458,0.6950573800406998,3,Addison County,county_or_equivalent,0.05000000000000172,2.7777777777777777,False,206,VT,"Addison County, VT",False
NSF,US_50003,1.333333333333,0.6057269737304839,0.5962598904907476,2,Bennington County,county_or_equivalent,0.026666666666660916,1.59999999999952,False,250,VT,"Bennington County, VT",False
NSF,US_50007,12.499999999999,0.26423002623260233,0.2624964133850773,17,Chittenden County,county_or_equivalent,0.2499999999999886,14.763779527557622,False,112,VT,"Chittenden County, VT",False
NSF,US_50023,0.5,0.5714366142047165,0.5696592878904154,1,Washington County,county_or_equivalent,0.010000000000000344,1.0,False,338,VT,"Washington County, VT",False
NSF,US_50025,1.0,0.3378849577981233,0.33738261536401687,1,Windham County,county_or_equivalent,0.020000000000000687,1.0,False,313,VT,"Windham County, VT",False
NSF,US_51013,1.0,0.6839554762954816,0.6827681256057774,1,Arlington County,county_or_equivalent,0.020000000000000687,1.0,False,314,VA,"Arlington County, VA",False
NSF,US_51059,3.0,0.2887670402923824,0.2879533457661801,3,Fairfax County,county_or_equivalent,0.060000000000002066,3.0,False,196,VA,"Fairfax County, VA",False
NSF,US_51073,7.499999999998999,0.17814073459972674,0.1774162534635123,11,Gloucester County,county_or_equivalent,0.14999999999998515,9.246575342464302,False,144,VA,"Gloucester County, VA",False
NSF,US_51085,1.0,0.25859146228896535,0.258218409933006,1,Hanover County,county_or_equivalent,0.020000000000000687,1.0,False,315,VA,"Hanover County, VA",False
NSF,US_51121,53.869047619044,0.10304809019237336,0.10013082642843492,70,Montgomery County,county_or_equivalent,1.077380952380917,60.92503548272362,True,25,VA,"Montgomery County, VA",False
NSF,US_51125,1.0,0.4878917059005653,0.4832273196481424,1,Nelson County,county_or_equivalent,0.020000000000000687,1.0,False,316,VA,"Nelson County, VA",False
NSF,US_51131,1.0,0.16731974915007194,0.16695776124053785,1,Northampton County,county_or_equivalent,0.020000000000000687,1.0,False,317,VA,"Northampton County, VA",False
NSF,US_51147,1.0,0.5961047550214703,0.5947541769490801,1,Prince Edward County,county_or_equivalent,0.020000000000000687,1.0,False,318,VA,"Prince Edward County, VA",False
NSF,US_51179,2.0,0.6852397736733447,0.6834773055325243,2,Stafford County,county_or_equivalent,0.040000000000001375,2.0,False,236,VA,"Stafford County, VA",False
NSF,US_51510,1.0,0.8064540039183954,0.805056788048895,1,Alexandria (county equivalent),county_or_equivalent,0.020000000000000687,1.0,False,319,VA,"Alexandria (county equivalent), VA",False
NSF,US_51540,22.426190476189998,0.21770939741360218,0.21574034324228555,27,Charlottesville (county equivalent),county_or_equivalent,0.44852380952381543,23.96747795063714,True,71,VA,"Charlottesville (county equivalent), VA",False
NSF,US_51600,23.333333333332998,0.2642186997141781,0.25980868007039076,25,Fairfax (county equivalent),county_or_equivalent,0.466666666666676,24.078624078623633,True,68,VA,"Fairfax (county equivalent), VA",False
NSF,US_51660,1.0,0.5773939500833701,0.5765266125880842,1,Harrisonburg (county equivalent),county_or_equivalent,0.020000000000000687,1.0,False,320,VA,"Harrisonburg (county equivalent), VA",False
NSF,US_51683,0.25,0.5583761907954691,0.5581662904287265,1,Manassas (county equivalent),county_or_equivalent,0.005000000000000172,1.0,False,352,VA,"Manassas (county equivalent), VA",False
NSF,US_51710,8.249999999999,0.26474936126106097,0.26348473544317336,13,Norfolk (county equivalent),county_or_equivalent,0.16499999999998566,10.641693811073448,False,140,VA,"Norfolk (county equivalent), VA",False
NSF,US_51760,3.5,0.2959397565412459,0.2934868258515942,4,Richmond (county equivalent),county_or_equivalent,0.07000000000000241,3.769230769230769,False,182,VA,"Richmond (county equivalent), VA",False
NSF,US_51830,3.333333333333,0.4104314433629457,0.4094004640896643,4,Williamsburg (county equivalent),county_or_equivalent,0.0666666666666623,3.5714285714281124,False,185,VA,"Williamsburg (county equivalent), VA",False
NSF,US_53011,1.0,0.35142320718530207,0.35098890531370786,1,Clark County,county_or_equivalent,0.020000000000000687,1.0,False,321,WA,"Clark County, WA",False
NSF,US_53033,120.616666666665,0.07213868627957958,0.06962761442930589,149,King County,county_or_equivalent,2.412333333333383,133.07493476366088,True,5,WA,"King County, WA",True
NSF,US_53035,1.0,0.23423889009076576,0.2326135249609843,1,Kitsap County,county_or_equivalent,0.020000000000000687,1.0,False,322,WA,"Kitsap County, WA",False
NSF,US_53037,2.666666666667,0.2758718448642245,0.27538610036158867,4,Kittitas County,county_or_equivalent,0.05333333333334183,3.1219512195128236,False,199,WA,"Kittitas County, WA",False
NSF,US_53057,1.0,0.5481084025968023,0.5464443965061683,1,Skagit County,county_or_equivalent,0.020000000000000687,1.0,False,323,WA,"Skagit County, WA",False
NSF,US_53063,2.0,0.7185806103089565,0.713489005669058,2,Spokane County,county_or_equivalent,0.040000000000001375,2.0,False,237,WA,"Spokane County, WA",False
NSF,US_53067,1.5,0.4857002420476358,0.4812721969281511,2,Thurston County,county_or_equivalent,0.030000000000001033,1.8,False,246,WA,"Thurston County, WA",False
NSF,US_53071,0.5,0.5675596824781813,0.5673464515084053,1,Walla Walla County,county_or_equivalent,0.010000000000000344,1.0,False,339,WA,"Walla Walla County, WA",False
NSF,US_53073,3.5,0.27363826337575603,0.2732724140590106,5,Whatcom County,county_or_equivalent,0.07000000000000241,4.454545454545454,False,183,WA,"Whatcom County, WA",False
NSF,US_53075,18.75,0.3535606000407018,0.350248022395438,25,Whitman County,county_or_equivalent,0.3750000000000129,21.699528504072155,True,83,WA,"Whitman County, WA",False
NSF,US_54053,1.0,0.5944489539038883,0.5929491560333979,1,Mason County,county_or_equivalent,0.020000000000000687,1.0,False,324,WV,"Mason County, WV",False
NSF,US_54061,11.892857142857,0.3180909618221861,0.31580837289721725,14,Monongalia County,county_or_equivalent,0.2378571428571482,12.480472706808975,False,114,WV,"Monongalia County, WV",False
NSF,US_55025,47.033333333331,0.1207462126798837,0.11883960104636701,58,Dane County,county_or_equivalent,0.9406666666666523,51.51353868843228,True,30,WI,"Dane County, WI",False
NSF,US_55033,2.0,0.4741366302919182,0.47215062263553387,2,Dunn County,county_or_equivalent,0.040000000000001375,2.0,False,238,WI,"Dunn County, WI",False
NSF,US_55035,0.5,0.5769599174285985,0.5765266125880842,1,Eau Claire County,county_or_equivalent,0.010000000000000344,1.0,False,340,WI,"Eau Claire County, WI",False
NSF,US_55043,1.5,0.3913292823762238,0.39044315613196395,2,Grant County,county_or_equivalent,0.030000000000001033,1.8,False,247,WI,"Grant County, WI",False
NSF,US_55079,26.166666666666,0.23694942827595292,0.23366760077966678,28,Milwaukee County,county_or_equivalent,0.523333333333338,26.880043620500736,True,63,WI,"Milwaukee County, WI",False
NSF,US_55133,1.0,0.16731974915007194,0.16695776124053785,1,Waukesha County,county_or_equivalent,0.020000000000000687,1.0,False,325,WI,"Waukesha County, WI",False
NSF,US_56001,6.7777777777770005,0.35623003319820695,0.3547866602428722,10,Albany County,county_or_equivalent,0.13555555555554466,8.010764262646827,False,147,WY,"Albany County, WY",False
NSF,US_56033,1.0,0.3506115641113762,0.3494790586254741,1,Sheridan County,county_or_equivalent,0.020000000000000687,1.0,False,326,WY,"Sheridan County, WY",False
NSF,US_72097,5.333333333333,0.3407660526977702,0.3398940542915699,7,Mayagüez (county equivalent),county_or_equivalent,0.10666666666666366,6.168674698794708,False,156,PR,"Mayagüez (county equivalent), PR",False
NSF,US_72113,1.0,0.578067799855933,0.5771988210448259,1,Ponce (county equivalent),county_or_equivalent,0.020000000000000687,1.0,False,327,PR,"Ponce (county equivalent), PR",False
NSF,US_72127,2.5,0.6610596751726218,0.6595427288846496,3,San Juan (county equivalent),county_or_equivalent,0.05000000000000172,2.7777777777777777,False,207,PR,"San Juan (county equivalent), PR",False
NSF,US_78030,1.25,0.6439026698797485,0.6407835943633777,4,St. Thomas (county equivalent),county_or_equivalent,0.02500000000000086,3.461538461539314,False,251,VI,"St. Thomas (county equivalent), VI",False
NSFC,CN_110000,1219.0,0.012026524063005644,0.007634480008587921,1219,Beijing,prefecture_or_equivalent,21.979805265055894,1219.0,True,1,,Beijing,True
NSFC,CN_120000,113.0,0.11259762164149892,0.1075301801686241,113,Tianjin,prefecture_or_equivalent,2.0375045077533356,113.0,True,10,,Tianjin,False
NSFC,CN_130100,20.0,0.1871768470326916,0.18549407032056683,20,Shijiazhuang,prefecture_or_equivalent,0.36062026685899745,20.0,True,39,,Shijiazhuang,False
NSFC,CN_130200,5.0,0.2996349357083879,0.2982336591016014,5,唐山,prefecture_or_equivalent,0.09015506671474936,5.0,False,61,,唐山,False
NSFC,CN_130300,4.0,0.42684194961757704,0.42386168516759437,4,秦皇岛,prefecture_or_equivalent,0.0721240533717995,4.0,False,69,,秦皇岛,False
NSFC,CN_130400,5.0,0.17378407092436723,0.17217963441165265,5,邯郸,prefecture_or_equivalent,0.09015506671474936,5.0,False,62,,邯郸,False
NSFC,CN_130600,9.0,0.27133709415424057,0.2700869711814711,9,Baoding,prefecture_or_equivalent,0.16227912008654885,9.0,False,47,,Baoding,False
NSFC,CN_130800,1.0,0.2433317413784445,0.24302198867471447,1,承德,prefecture_or_equivalent,0.018031013342949875,1.0,False,101,,承德,False
NSFC,CN_131000,3.0,0.5305622330184363,0.5295228089913309,3,廊坊,prefecture_or_equivalent,0.05409304002884962,3.0,False,78,,廊坊,False
NSFC,CN_140100,24.0,0.21076939361318026,0.2084653417136002,24,Taiyuan,prefecture_or_equivalent,0.43274432023079695,24.0,True,35,,Taiyuan,False
NSFC,CN_140700,5.0,0.3673388914142269,0.3664776222031523,5,晋中,prefecture_or_equivalent,0.09015506671474936,5.0,False,63,,晋中,False
NSFC,CN_150100,60.0,0.08001769047232718,0.0783378951353829,60,Hohhot,prefecture_or_equivalent,1.0818608005769925,60.0,True,24,,Hohhot,False
NSFC,CN_150200,2.0,0.5801348809598804,0.5787190177482262,2,包头,prefecture_or_equivalent,0.03606202668589975,2.0,False,83,,包头,False
NSFC,CN_150400,1.0,0.2865762985903326,0.2863431603711889,1,赤峰,prefecture_or_equivalent,0.018031013342949875,1.0,False,102,,赤峰,False
NSFC,CN_150500,1.0,0.2866784484700438,0.28644869009811036,1,通辽,prefecture_or_equivalent,0.018031013342949875,1.0,False,103,,通辽,False
NSFC,CN_210100,66.0,0.14608325798485564,0.14280021733257312,66,Shenyang,prefecture_or_equivalent,1.1900468806346918,66.0,True,21,,Shenyang,False
NSFC,CN_210200,65.0,0.11506585080895963,0.11109006323123055,65,Dalian,prefecture_or_equivalent,1.1720158672917418,65.0,True,22,,Dalian,False
NSFC,CN_210700,2.0,0.6712116620442189,0.6682598443428485,2,锦州,prefecture_or_equivalent,0.03606202668589975,2.0,False,84,,锦州,False
NSFC,CN_220100,83.0,0.09769210774883222,0.09504132469596462,83,Changchun,prefecture_or_equivalent,1.4965741074648395,83.0,True,17,,Changchun,False
NSFC,CN_220200,2.0,0.28957257416378646,0.28757870857264994,2,吉林,prefecture_or_equivalent,0.03606202668589975,2.0,False,85,,吉林,False
NSFC,CN_220300,3.0,0.3470955576720762,0.34660817530366117,3,四平,prefecture_or_equivalent,0.05409304002884962,3.0,False,79,,四平,False
NSFC,CN_222400,8.0,0.37075309362205033,0.3692783533726507,8,延吉,prefecture_or_equivalent,0.144248106743599,8.0,False,49,,延吉,False
NSFC,CN_230100,97.0,0.10524060012584659,0.1009873916390797,97,Harbin,prefecture_or_equivalent,1.7490082942661378,97.0,True,12,,Harbin,False
NSFC,CN_230600,1.0,0.6359795177557245,0.63436002217644,1,大庆,prefecture_or_equivalent,0.018031013342949875,1.0,False,104,,大庆,False
NSFC,CN_310000,336.0,0.037601423113701,0.03260144675338361,336,Shanghai,prefecture_or_equivalent,6.058420483231157,336.0,True,4,,Shanghai,True
NSFC,CN_320100,546.0,0.02274439231721937,0.01915276427759123,546,Nanjing,prefecture_or_equivalent,9.844933285250631,546.0,True,2,,Nanjing,True
NSFC,CN_320200,1.0,0.32355161104120267,0.3227046350196352,1,Wuxi,prefecture_or_equivalent,0.018031013342949875,1.0,False,105,,Wuxi,False
NSFC,CN_320300,50.0,0.17891656061246483,0.1761413567016664,50,徐州,prefecture_or_equivalent,0.9015506671474937,50.0,True,27,,徐州,False
NSFC,CN_320400,1.0,0.6159280707508586,0.6153855526735378,1,常州,prefecture_or_equivalent,0.018031013342949875,1.0,False,106,,常州,False
NSFC,CN_320500,37.0,0.11721017581710232,0.11615747789617573,37,Suzhou,prefecture_or_equivalent,0.6671474936891453,37.0,True,31,,Suzhou,False
NSFC,CN_320600,8.0,0.3220350193277731,0.3208225629712719,8,南通,prefecture_or_equivalent,0.144248106743599,8.0,False,50,,南通,False
NSFC,CN_320800,5.0,0.29629467086656547,0.2948246966758056,5,淮阴,prefecture_or_equivalent,0.09015506671474936,5.0,False,64,,淮阴,False
NSFC,CN_320900,2.0,0.22759224008903436,0.22666629827892754,2,盐城,prefecture_or_equivalent,0.03606202668589975,2.0,False,86,,盐城,False
NSFC,CN_321000,7.0,0.3476358292919263,0.3452917483608952,7,扬州,prefecture_or_equivalent,0.12621709340064913,7.0,False,53,,扬州,False
NSFC,CN_321100,13.0,0.3451116435445265,0.34276746415432274,13,镇江,prefecture_or_equivalent,0.23440317345834835,13.0,False,42,,镇江,False
NSFC,CN_330100,154.0,0.06689792367730248,0.06388809944659321,154,Hangzhou,prefecture_or_equivalent,2.7767760548142806,154.0,True,8,,Hangzhou,False
NSFC,CN_330200,20.0,0.2629715708406351,0.26126337275909706,20,宁波,prefecture_or_equivalent,0.36062026685899745,20.0,True,40,,宁波,False
NSFC,CN_330300,2.0,0.43496002577663195,0.4332109982674672,2,温州,prefecture_or_equivalent,0.03606202668589975,2.0,False,87,,温州,False
NSFC,CN_330500,1.0,0.6850901431759752,0.6835688167738714,1,湖州,prefecture_or_equivalent,0.018031013342949875,1.0,False,107,,湖州,False
NSFC,CN_330600,1.0,0.716888660275522,0.7138183097356476,1,绍兴,prefecture_or_equivalent,0.018031013342949875,1.0,False,108,,绍兴,False
NSFC,CN_330700,8.0,0.30956797452860046,0.3077258370523546,8,金华,prefecture_or_equivalent,0.144248106743599,8.0,False,51,,金华,False
NSFC,CN_330900,4.0,0.5285183312239292,0.5271211424101746,4,舟山,prefecture_or_equivalent,0.0721240533717995,4.0,False,70,,舟山,False
NSFC,CN_331000,1.0,0.7141442255010183,0.713434042243631,1,台州,prefecture_or_equivalent,0.018031013342949875,1.0,False,109,,台州,False
NSFC,CN_340100,57.0,0.12393497740513294,0.12191696671058658,57,Hefei,prefecture_or_equivalent,1.0277677605481428,57.0,True,26,,Hefei,False
NSFC,CN_340200,13.0,0.40198051841294535,0.3999032109759658,13,芜湖,prefecture_or_equivalent,0.23440317345834835,13.0,False,43,,芜湖,False
NSFC,CN_340300,2.0,0.509386937336524,0.5009207159236101,2,蚌埠,prefecture_or_equivalent,0.03606202668589975,2.0,False,88,,蚌埠,False
NSFC,CN_340400,4.0,0.47837880674185423,0.4760138030629306,4,淮南,prefecture_or_equivalent,0.0721240533717995,4.0,False,71,,淮南,False
NSFC,CN_340500,5.0,0.49843426501021026,0.4961801614277263,5,马鞍山,prefecture_or_equivalent,0.09015506671474936,5.0,False,65,,马鞍山,False
NSFC,CN_340600,2.0,0.30874467898930386,0.3080037462194261,2,淮北,prefecture_or_equivalent,0.03606202668589975,2.0,False,89,,淮北,False
NSFC,CN_341000,1.0,0.2433317413784445,0.24302198867471447,1,黄山,prefecture_or_equivalent,0.018031013342949875,1.0,False,110,,黄山,False
NSFC,CN_341100,2.0,0.6299644246134294,0.6291297449582907,2,滁州,prefecture_or_equivalent,0.03606202668589975,2.0,False,90,,滁州,False
NSFC,CN_341300,1.0,0.3304854513415705,0.32987539152150624,1,宿州,prefecture_or_equivalent,0.018031013342949875,1.0,False,111,,宿州,False
NSFC,CN_350100,40.0,0.14548142631639926,0.14352154063075967,40,Fuzhou,prefecture_or_equivalent,0.7212405337179949,40.0,True,28,,Fuzhou,False
NSFC,CN_350200,68.0,0.1080698953305194,0.10481706805203449,68,Xiamen,prefecture_or_equivalent,1.2261089073205915,68.0,True,20,,Xiamen,False
NSFC,CN_350500,11.0,0.23986939041743646,0.23837468997278377,11,泉州,prefecture_or_equivalent,0.1983411467724486,11.0,False,45,,泉州,False
NSFC,CN_360100,75.0,0.09588910848174716,0.09304314969713769,75,Nanchang,prefecture_or_equivalent,1.3523260007212405,75.0,True,18,,Nanchang,False
NSFC,CN_360700,7.0,0.35365183752723184,0.3525227508171564,7,赣州,prefecture_or_equivalent,0.12621709340064913,7.0,False,54,,赣州,False
NSFC,CN_360900,1.0,0.3300779820323446,0.3297698617945848,1,宜春,prefecture_or_equivalent,0.018031013342949875,1.0,False,112,,宜春,False
NSFC,CN_361100,1.0,0.2433317413784445,0.24302198867471447,1,上饶,prefecture_or_equivalent,0.018031013342949875,1.0,False,113,,上饶,False
NSFC,CN_370100,60.0,0.13857169178986387,0.1357194403202173,60,Jinan,prefecture_or_equivalent,1.0818608005769925,60.0,True,25,,Jinan,False
NSFC,CN_370200,69.0,0.1298164076462586,0.12627460831350534,69,Qingdao,prefecture_or_equivalent,1.2441399206635413,69.0,True,19,,Qingdao,False
NSFC,CN_370300,8.0,0.31429865022115827,0.31292027656648674,8,淄博,prefecture_or_equivalent,0.144248106743599,8.0,False,52,,淄博,False
NSFC,CN_370600,21.0,0.15631845675186873,0.1552109900701611,21,烟台,prefecture_or_equivalent,0.3786512802019473,21.0,True,37,,烟台,False
NSFC,CN_370800,6.0,0.377521756703501,0.3762301319961466,6,曲阜,prefecture_or_equivalent,0.10818608005769924,6.0,False,55,,曲阜,False
NSFC,CN_370900,3.0,0.3377956534796283,0.3373812123050621,3,泰安,prefecture_or_equivalent,0.05409304002884962,3.0,False,80,,泰安,False
NSFC,CN_371300,4.0,0.27475359381863124,0.27434831802349546,4,临沂,prefecture_or_equivalent,0.0721240533717995,4.0,False,72,,临沂,False
NSFC,CN_410100,61.0,0.07123521588227623,0.06994692438429874,61,Zhengzhou,prefecture_or_equivalent,1.0998918139199423,61.0,True,23,,Zhengzhou,False
NSFC,CN_410200,21.0,0.17958958716565657,0.17815687775950098,21,开封,prefecture_or_equivalent,0.3786512802019473,21.0,True,38,,开封,False
NSFC,CN_410400,1.0,0.33028793762737757,0.3296643320676633,1,平顶山,prefecture_or_equivalent,0.018031013342949875,1.0,False,114,,平顶山,False
NSFC,CN_410700,6.0,0.4777302463178846,0.47638787192358545,6,新乡,prefecture_or_equivalent,0.10818608005769924,6.0,False,56,,新乡,False
NSFC,CN_410800,6.0,0.2528195391405991,0.251709586844672,6,焦作,prefecture_or_equivalent,0.10818608005769924,6.0,False,57,,焦作,False
NSFC,CN_411000,1.0,0.6159280707508586,0.6153855526735378,1,许昌,prefecture_or_equivalent,0.018031013342949875,1.0,False,115,,许昌,False
NSFC,CN_411300,1.0,0.43956976771887013,0.4392462567189655,1,南阳,prefecture_or_equivalent,0.018031013342949875,1.0,False,116,,南阳,False
NSFC,CN_411500,6.0,0.3198224958772994,0.31858577165281243,6,信阳,prefecture_or_equivalent,0.10818608005769924,6.0,False,58,,信阳,False
NSFC,CN_420100,338.0,0.03744992864778822,0.03313127213103672,338,Wuhan,prefecture_or_equivalent,6.094482509917057,338.0,True,3,,Wuhan,True
NSFC,CN_420500,5.0,0.19172426930136788,0.19091392669784016,5,宜昌,prefecture_or_equivalent,0.09015506671474936,5.0,False,66,,宜昌,False
NSFC,CN_420600,2.0,0.604294492538068,0.6028080093246435,2,襄阳,prefecture_or_equivalent,0.03606202668589975,2.0,False,91,,襄阳,False
NSFC,CN_421000,2.0,0.6659901327585125,0.6628245408724541,2,荆州,prefecture_or_equivalent,0.03606202668589975,2.0,False,92,,荆州,False
NSFC,CN_422800,1.0,0.6645551260238498,0.6639352010790857,1,恩施,prefecture_or_equivalent,0.018031013342949875,1.0,False,117,,恩施,False
NSFC,CN_430100,91.99999999999999,0.10941115412060018,0.10656692213293119,92,Changsha,prefecture_or_equivalent,1.658853227551388,92.0,True,14,,Changsha,False
NSFC,CN_430300,11.0,0.4052798412859078,0.40327960206154695,11,湘潭,prefecture_or_equivalent,0.1983411467724486,11.0,False,46,,湘潭,False
NSFC,CN_430400,1.0,0.43956976771887013,0.4392462567189655,1,衡阳,prefecture_or_equivalent,0.018031013342949875,1.0,False,118,,衡阳,False
NSFC,CN_430600,1.0,0.7535046897046683,0.7525169938547336,1,岳阳,prefecture_or_equivalent,0.018031013342949875,1.0,False,119,,岳阳,False
NSFC,CN_430700,2.0,0.46875505631270165,0.46771189280184483,2,常德,prefecture_or_equivalent,0.03606202668589975,2.0,False,93,,常德,False
NSFC,CN_433100,4.0,0.3292131844650221,0.3280848630304876,4,吉首,prefecture_or_equivalent,0.0721240533717995,4.0,False,73,,吉首,False
NSFC,CN_440100,334.0,0.029782274896821056,0.026228115203064693,334,Guangzhou,prefecture_or_equivalent,6.022358456545258,334.0,True,5,,Guangzhou,True
NSFC,CN_440300,94.0,0.07029950038801608,0.06852302629578062,94,Shenzhen,prefecture_or_equivalent,1.694915254237288,94.0,True,13,,Shenzhen,False
NSFC,CN_440400,1.0,0.6898475323752423,0.689077137729734,1,珠海,prefecture_or_equivalent,0.018031013342949875,1.0,False,120,,珠海,False
NSFC,CN_440500,4.0,0.5003963867389658,0.49871119982310985,4,汕头,prefecture_or_equivalent,0.0721240533717995,4.0,False,74,,汕头,False
NSFC,CN_440600,2.0,0.3414507545486573,0.34113412269683996,2,佛山,prefecture_or_equivalent,0.03606202668589975,2.0,False,94,,佛山,False
NSFC,CN_440800,2.0,0.330386694484474,0.3297698617945848,2,湛江,prefecture_or_equivalent,0.03606202668589975,2.0,False,95,,湛江,False
NSFC,CN_441900,5.0,0.43163361148248025,0.43041100422952827,5,东莞,prefecture_or_equivalent,0.09015506671474936,5.0,False,67,,东莞,False
NSFC,CN_450100,40.0,0.17141618181569532,0.16934257588256568,40,Nanning,prefecture_or_equivalent,0.7212405337179949,40.0,True,29,,Nanning,False
NSFC,CN_450300,26.0,0.21338799296888786,0.2086832927367035,26,桂林,prefecture_or_equivalent,0.4688063469166967,26.0,True,33,,桂林,False
NSFC,CN_450700,2.0,0.17482845906849281,0.1745161568183391,2,钦州,prefecture_or_equivalent,0.03606202668589975,2.0,False,96,,钦州,False
NSFC,CN_450900,1.0,0.595373723203009,0.5943242888374958,1,玉林,prefecture_or_equivalent,0.018031013342949875,1.0,False,121,,玉林,False
NSFC,CN_460100,25.0,0.19833841816757,0.19648049921633842,25,海口,prefecture_or_equivalent,0.45077533357374683,25.0,True,34,,海口,False
NSFC,CN_460200,2.0,0.7231697538416066,0.7215279259140546,2,三亚,prefecture_or_equivalent,0.03606202668589975,2.0,False,97,,三亚,False
NSFC,CN_460400,2.0,0.5964273486108768,0.5943242888374958,2,儋州,prefecture_or_equivalent,0.03606202668589975,2.0,False,98,,儋州,False
NSFC,CN_500000,106.0,0.08334021785585781,0.0809425617316297,106,Chongqing,prefecture_or_equivalent,1.9112874143526866,106.0,True,11,,Chongqing,False
NSFC,CN_510100,140.0,0.05742637595607898,0.05447707191419978,140,Chengdu,prefecture_or_equivalent,2.5243418680129825,140.0,True,9,,Chengdu,False
NSFC,CN_510700,6.0,0.31392211258052466,0.3116111004952807,6,绵阳,prefecture_or_equivalent,0.10818608005769924,6.0,False,59,,绵阳,False
NSFC,CN_511300,4.0,0.08351397435257503,0.0829631615284707,4,南充,prefecture_or_equivalent,0.0721240533717995,4.0,False,75,,南充,False
NSFC,CN_511800,6.0,0.3438174099296032,0.34278344373431785,6,雅安,prefecture_or_equivalent,0.10818608005769924,6.0,False,60,,雅安,False
NSFC,CN_520100,39.0,0.1455589995412388,0.14396647721834568,39,Guiyang,prefecture_or_equivalent,0.703209520375045,39.0,True,30,,Guiyang,False
NSFC,CN_520300,1.0,0.6072221749980257,0.6057594535360263,1,遵义,prefecture_or_equivalent,0.018031013342949875,1.0,False,122,,遵义,False
NSFC,CN_520600,1.0,0.595373723203009,0.5943242888374958,1,铜仁,prefecture_or_equivalent,0.018031013342949875,1.0,False,123,,铜仁,False
NSFC,CN_530100,86.0,0.0729522419798932,0.07083398753760144,86,Kunming,prefecture_or_equivalent,1.550667147493689,86.0,True,15,,Kunming,False
NSFC,CN_530300,2.0,0.14478623500166152,0.1443382092824452,2,曲靖,prefecture_or_equivalent,0.03606202668589975,2.0,False,99,,曲靖,False
NSFC,CN_530400,3.0,0.3001223992438707,0.29960272758534096,3,玉溪,prefecture_or_equivalent,0.05409304002884962,3.0,False,81,,玉溪,False
NSFC,CN_532800,12.0,0.19681592935862216,0.19446852683412766,12,西双版纳,prefecture_or_equivalent,0.21637216011539848,12.0,False,44,,西双版纳,False
NSFC,CN_532900,3.0,0.33216029810408276,0.32898660529396045,3,大理,prefecture_or_equivalent,0.05409304002884962,3.0,False,82,,大理,False
NSFC,CN_540100,5.0,0.34769310417039545,0.3464355354000904,5,拉萨,prefecture_or_equivalent,0.09015506671474936,5.0,False,68,,拉萨,False
NSFC,CN_540400,4.0,0.3419601204160484,0.34085649705014587,4,林芝,prefecture_or_equivalent,0.0721240533717995,4.0,False,76,,林芝,False
NSFC,CN_610100,204.0,0.03992122667707711,0.03728815711084512,204,Xi'an,prefecture_or_equivalent,3.678326721961774,204.0,True,6,,Xi'an,False
NSFC,CN_610300,4.0,0.2740146921963529,0.27291863726616894,4,宝鸡,prefecture_or_equivalent,0.0721240533717995,4.0,False,77,,宝鸡,False
NSFC,CN_610400,36.0,0.1102181679469678,0.10825936404370246,36,Yangling,prefecture_or_equivalent,0.6491164803461954,36.0,True,32,,Yangling,False
NSFC,CN_610600,2.0,0.5255484252691323,0.5244288414347604,2,延安,prefecture_or_equivalent,0.03606202668589975,2.0,False,100,,延安,False
NSFC,CN_620100,183.0,0.07721061068299283,0.072641617614006,183,Lanzhou,prefecture_or_equivalent,3.299675441759827,183.0,True,7,,Lanzhou,False
NSFC,CN_623000,1.0,0.2866784484700438,0.28644869009811036,1,合作,prefecture_or_equivalent,0.018031013342949875,1.0,False,124,,合作,False
NSFC,CN_630100,18.0,0.15616408510313298,0.15505999609446577,18,西宁,prefecture_or_equivalent,0.3245582401730977,18.0,False,41,,西宁,False
NSFC,CN_640100,24.0,0.1507128244272017,0.14902386002626605,24,银川,prefecture_or_equivalent,0.43274432023079695,24.0,True,36,,银川,False
NSFC,CN_650100,86.0,0.06973914313164632,0.06782540944935207,86,乌鲁木齐,prefecture_or_equivalent,1.550667147493689,86.0,True,16,,乌鲁木齐,False
NSFC,CN_659001,9.0,0.3791157734068667,0.3769398922445803,9,石河子,prefecture_or_equivalent,0.16227912008654885,9.0,False,48,,石河子,False
NSFC,CN_659002,1.0,0.5671601668885006,0.5658095059969035,1,阿拉尔,prefecture_or_equivalent,0.018031013342949875,1.0,False,125,,阿拉尔,False
NSFC,CN_810000,1.0,0.5396321139258864,0.536757664467271,1,香港,prefecture_or_equivalent,0.018031013342949875,1.0,False,126,,香港,False
