现稿图号,现稿子图,汇总文件夹,原始制图目录,文件数
图1,图1a,正文图\图1\图1a,E:\可持续发展目标基金\定稿撰写\成图\成图精简休整版本\figure1\figure1a,8
图1,图1b,正文图\图1\图1b,E:\可持续发展目标基金\定稿撰写\成图\成图精简休整版本\figure1\figure1e\新最终,23
图1,图1c,正文图\图1\图1c,E:\可持续发展目标基金\定稿撰写\成图\成图精简休整版本\figure1\figure1d,10
图2,图2a,正文图\图2\图2a,E:\可持续发展目标基金\定稿撰写\成图\成图精简休整版本\figure2\figure2a\全量连接位移与累计差异组合图,33
图2,图2b,正文图\图2\图2b,E:\可持续发展目标基金\定稿撰写\成图\成图精简休整版本\figure2\figure2b\新配色,20
图2,图2c,正文图\图2\图2c,E:\可持续发展目标基金\定稿撰写\成图\成图精简休整版本\figure2\figure2c\全量路径任务配对圆环图,55
图2,图2d,正文图\图2\图2d,E:\可持续发展目标基金\定稿撰写\成图\成图精简休整版本\figure2\figure2d\子级知识任务簇与干预圆环图\重设计版,54
图3,图3a,正文图\图3\图3a,E:\可持续发展目标基金\定稿撰写\成图\成图精简休整版本\figure3\figure3a\复核规范版本,34
图3,图3b,正文图\图3\图3b,E:\可持续发展目标基金\定稿撰写\成图\成图精简休整版本\figure3\figure3b\重构nsfcnsf,25
图3,图3c,正文图\图3\图3c,E:\可持续发展目标基金\定稿撰写\成图\成图精简休整版本\figure3\figure3c,38
图3,图3d,正文图\图3\图3d,E:\可持续发展目标基金\定稿撰写\成图\成图精简休整版本\figure3\figure3d,26
图4,图4a,正文图\图4\图4a,E:\可持续发展目标基金\定稿撰写\成图\figure4\配色同一figrue\figure4a\合并输出\新\modelviz叙事重构\全量构成重构,48
图4,图4b,正文图\图4\图4b,E:\可持续发展目标基金\定稿撰写\成图\figure4\配色同一figrue\figure4d\新图剑法\modelviz正文重构,47
图4,图4c,正文图\图4\图4c,E:\可持续发展目标基金\定稿撰写\成图\figure4\配色同一figrue\figure4b\叠层重构输出,26
图4,图4d,正文图\图4\图4d,E:\可持续发展目标基金\定稿撰写\成图\figure4\配色同一figrue\figure4c\整合,18
图5,图5a,正文图\图5\图5a,E:\可持续发展目标基金\定稿撰写\成图\figure5\重新输出figure\figure5c\重构,13
图5,图5b,正文图\图5\图5b,E:\可持续发展目标基金\定稿撰写\成图\figure5\重新输出figure\figure5e,15
图5,图5c,正文图\图5\图5c,E:\可持续发展目标基金\定稿撰写\成图\成图精简休整版本\figure5\figure5c\休整,124
图S1,图S1,补充图\图S1,E:\可持续发展目标基金\定稿撰写\成图\llm流程图,180
图S2,图S2,补充图\图S2,E:\可持续发展目标基金\定稿撰写\成图\figure1\figure1b,45
图S3,图S3,补充图\图S3,E:\可持续发展目标基金\定稿撰写\成图\figure1\figure1c\figure1c网络\gephi_import,40
图S4,图S4a,补充图\图S4\图S4a,E:\可持续发展目标基金\定稿撰写\成图\figure1\figure1c\figure1c重构,19
图S4,图S4b,补充图\图S4\图S4b,E:\可持续发展目标基金\定稿撰写\成图\补充s图\完善s3,48
图S5,图S5a,补充图\图S5\图S5a,E:\可持续发展目标基金\定稿撰写\成图\figure2\figure2a\s5,18
图S5,图S5b,补充图\图S5\图S5b,E:\可持续发展目标基金\定稿撰写\成图\补充s图\s6,32
图S6,图S6,补充图\图S6,E:\可持续发展目标基金\定稿撰写\成图\figure2\figure2e\最终新,39
图S7,图S7a,补充图\图S7\图S7a,E:\可持续发展目标基金\定稿撰写\成图\成图精简休整版本\figure3\洛伦兹曲线,29
图S7,图S7b,补充图\图S7\图S7b,E:\可持续发展目标基金\定稿撰写\成图\成图精简休整版本\figure5\figure5a,13
图S8,图S8a,补充图\图S8\图S8a,E:\可持续发展目标基金\定稿撰写\成图\figure5\重新输出figure\figure5b\modelviz重构,57
图S8,图S8b,补充图\图S8\图S8b,E:\可持续发展目标基金\定稿撰写\成图\figure5\重新输出figure\figure5d\重构输出,35
图S9,图S9,补充图\图S9,E:\可持续发展目标基金\定稿撰写\成图\figure5\重新输出figure\figure5a,16
