agency,unit_id,unit_name,supply,family_n,effective_family_n,jsd_country_bits,jsd_rest_bits,supported_goal_supply_pct,F_pct
NSF,US_01015,Calhoun County,1.166666666666,3,2.8823529411758892,0.43472403506649254,0.4351052633949129,0.0,0.0233333333333208
NSF,US_01073,Jefferson County,5.0,6,5.555555555555555,0.3752207542809414,0.37657317834242415,0.0,0.10000000000000343
NSF,US_01081,Lee County,8.833333333333,13,10.762452107279376,0.2578889143416867,0.25933699269847393,0.0,0.17666666666666606
NSF,US_01089,Madison County,5.25,6,5.444444444444445,0.34178220172112433,0.3427573625786175,0.0,0.1050000000000036
NSF,US_01097,Mobile County,2.333333333333,3,2.5789473684205872,0.28974395712156176,0.29060974936700373,0.0,0.0466666666666616
NSF,US_01125,Tuscaloosa County,27.783333333332003,35,30.81867382359605,0.12262716386900205,0.12428537549535755,0.0,0.5556666666666592
NSF,US_02020,Anchorage (county equivalent),20.499999999998,29,24.66014669926363,0.20642689336347964,0.20851399178040636,0.0,0.40999999999997405
NSF,US_02090,Fairbanks North Star Borough,49.759523809520005,79,62.26760410373981,0.13452738560403096,0.13780311623956812,40.93018804727511,0.9951904761904343
NSF,US_02110,Juneau (county equivalent),7.809523809523,11,9.04523289053182,0.23103882861181022,0.23186588088362475,0.0,0.15619047619046536
NSF,US_02290,Yukon-Koyukuk (county equivalent),0.5,1,1.0,0.7180165084943447,0.7213737002802088,0.0,0.010000000000000344
NSF,US_04005,Coconino County,9.999999999999002,15,12.16216216216088,0.22411797145252324,0.2250793474006778,0.0,0.1999999999999869
NSF,US_04013,Maricopa County,90.033333333331,110,99.07383616708894,0.09579066110616362,0.09931714619002478,37.39355794150264,1.8006666666666817
NSF,US_04019,Pima County,31.142857142855995,39,34.35780341596966,0.1521197871815132,0.1540950437054834,0.0,0.6228571428571413
NSF,US_05007,Benton County,1.0,1,1.0,0.7519197833225032,0.7556995179552382,0.0,0.020000000000000687
NSF,US_05143,Washington County,22.283333333332997,26,23.68613602936259,0.2542394556920955,0.25715994319067537,0.0,0.4456666666666753
NSF,US_06001,Alameda County,74.66666666666501,86,79.29830106676978,0.12203335206343728,0.12553573687550088,41.11607142857122,1.4933333333333514
NSF,US_06007,Butte County,1.5,2,1.8,0.6317487130369183,0.6336249295502271,0.0,0.030000000000001033
NSF,US_06013,Contra Costa County,9.0,9,9.0,0.4034720603843629,0.40544488994249583,0.0,0.18000000000000618
NSF,US_06019,Fresno County,2.5,3,2.7777777777777777,0.5374571689317904,0.5390736104627354,0.0,0.05000000000000172
NSF,US_06023,Humboldt County,1.0,1,1.0,0.2438102459774407,0.24470120167964177,0.0,0.020000000000000687
NSF,US_06027,Inyo County,1.0,1,1.0,0.472150622635534,0.47314140410321376,0.0,0.020000000000000687
NSF,US_06037,Los Angeles County,132.93333333332797,161,144.21210884723118,0.06578161923948263,0.06801930860360426,80.942828485456,2.658666666666651
NSF,US_06041,Marin County,3.0,3,3.0,0.48843313085397067,0.48928841080442803,0.0,0.060000000000002066
NSF,US_06045,Mendocino County,1.0,1,1.0,0.5704379203138494,0.5764618130533048,0.0,0.020000000000000687
NSF,US_06047,Merced County,7.499999999999,10,8.544303797466942,0.22137766273083093,0.22238624160791287,0.0,0.14999999999998515
NSF,US_06053,Monterey County,5.2,6,5.365079365079366,0.36579355170096234,0.3739759650811018,0.0,0.10400000000000358
NSF,US_06055,Napa County,1.0,1,1.0,0.16695776124053785,0.16731974915007192,0.0,0.020000000000000687
NSF,US_06057,Nevada County,1.0,1,1.0,0.7754408123043682,0.7762069507785007,0.0,0.020000000000000687
NSF,US_06059,Orange County,49.416666666666,59,53.77718305551216,0.1311791289694673,0.13358658297943546,45.19392917369369,0.988333333333354
NSF,US_06065,Riverside County,18.666666666664998,25,21.70242214532635,0.2107966802790878,0.21300530991087102,0.0,0.3733333333333128
NSF,US_06067,Sacramento County,3.0,3,3.0,0.41775794407737504,0.41858316958939773,0.0,0.060000000000002066
NSF,US_06073,San Diego County,77.037301587299,90,81.8156448873331,0.1025927451148171,0.10518849040159793,54.70654290335451,1.5407460317460329
NSF,US_06075,San Francisco County,12.5,13,12.755102040816327,0.347063821753184,0.3498358545042967,0.0,0.2500000000000086
NSF,US_06077,San Joaquin County,0.5,1,1.0,0.35798043430648735,0.3582151353520698,0.0,0.010000000000000344
NSF,US_06079,San Luis Obispo County,3.9,6,4.567567567567568,0.2843718300253019,0.28488984338659135,0.0,0.07800000000000268
NSF,US_06081,San Mateo County,4.0,4,4.0,0.47003136587311956,0.47111477672826774,0.0,0.08000000000000275
NSF,US_06083,Santa Barbara County,31.199999999999996,38,33.795436572993744,0.14890150387511805,0.15115898131803973,34.72222222222169,0.6240000000000213
NSF,US_06085,Santa Clara County,65.533333333331,78,70.75994764157961,0.09495737664020241,0.09706155538217921,39.08952187181955,1.310666666666665
NSF,US_06087,Santa Cruz County,28.249999999998998,34,30.818181818180424,0.14164951394078534,0.14309620827695177,0.0,0.5649999999999994
NSF,US_06095,Solano County,1.0,1,1.0,0.7912801731241603,0.8027236086053553,0.0,0.020000000000000687
NSF,US_06097,Sonoma County,4.5,6,4.909090909090909,0.22888619260881635,0.22996708870944213,0.0,0.09000000000000309
NSF,US_06113,Yolo County,31.866666666666,41,35.13651916496787,0.226615096111795,0.22924048671564723,0.0,0.637333333333342
NSF,US_08005,Arapahoe County,3.142857142857,4,3.270270270270018,0.24532120799893065,0.2462153104170908,0.0,0.06285714285714215
NSF,US_08013,Boulder County,128.26666666666299,161,142.125913056828,0.05505937303433468,0.058135027636046235,68.3991683991675,2.565333333333348
NSF,US_08014,Broomfield County,1.9999999999999998,2,2.0,0.4178016393757528,0.41877848283781693,0.0,0.04000000000000137
NSF,US_08031,Denver County,15.333333333333002,18,16.661417322834183,0.22148605089088283,0.22267048182700294,0.0,0.3066666666666706
NSF,US_08037,Eagle County,2.5,3,2.7777777777777777,0.5166070704104276,0.5192480430371809,0.0,0.05000000000000172
NSF,US_08041,El Paso County,1.0,1,1.0,0.48124355159582966,0.48190054310237906,0.0,0.020000000000000687
NSF,US_08051,Gunnison County,1.0,1,1.0,0.35098890531370786,0.3514232071853021,0.0,0.020000000000000687
NSF,US_08059,Jefferson County,24.309523809524002,30,26.354548787116837,0.19818256139654708,0.20009255104895526,0.0,0.48619047619049677
NSF,US_08069,Larimer County,59.416666666665996,73,65.62140183296682,0.12304698475781127,0.12827482957211436,35.92800374006548,1.1883333333333608
NSF,US_08077,Mesa County,1.0,1,1.0,0.46333893983515007,0.4638386560213177,0.0,0.020000000000000687
NSF,US_09110,Capitol County,27.166666666667,35,30.876234747240588,0.15851262777532862,0.16001291372158255,0.0,0.5433333333333586
NSF,US_09120,Greater Bridgeport County,1.0,1,1.0,0.2976285053791315,0.29819763351770734,0.0,0.020000000000000687
NSF,US_09130,Lower Connecticut River Valley County,1.0,1,1.0,0.5765266125880841,0.5773939500833701,0.0,0.020000000000000687
NSF,US_09170,South Central Connecticut County,32.499999999999005,37,34.53678474114304,0.23165701674554595,0.23425856489089059,0.0,0.6500000000000025
NSF,US_09190,Western Connecticut County,2.0,2,2.0,0.5498637663010676,0.5576969572090705,0.0,0.040000000000001375
NSF,US_10001,Kent County,2.0,2,2.0,0.38048372260714075,0.38130174353099067,0.0,0.040000000000001375
NSF,US_10003,New Castle County,31.499999999998003,40,35.07216494845081,0.16254212892156852,0.16414723537216855,0.0,0.6299999999999817
NSF,US_10005,Sussex County,1.0,1,1.0,0.5771988210448259,0.578067799855933,0.0,0.020000000000000687
NSF,US_11001,District of Columbia,61.309523809521,74,66.35767719982655,0.14150691298086585,0.14600772671784223,46.692556634305596,1.226190476190462
NSF,US_12001,Alachua County,41.309523809521,56,47.50349148235721,0.09240773822144478,0.09390923265555362,34.69740634005798,0.8261904761904484
NSF,US_12009,Brevard County,3.0,3,3.0,0.4493646952609747,0.45059320203059244,0.0,0.060000000000002066
NSF,US_12011,Broward County,0.5,1,1.0,0.8505521091147159,0.8525224093505249,0.0,0.010000000000000344
NSF,US_12021,Collier County,3.0,3,3.0,0.35286531686447103,0.3541713428861765,0.0,0.060000000000002066
NSF,US_12057,Hillsborough County,30.283333333331996,39,34.22331526189573,0.12460118656792013,0.12623006211834378,0.0,0.6056666666666607
NSF,US_12061,Indian River County,1.0,1,1.0,0.8314572613326018,0.8351749255792004,0.0,0.020000000000000687
NSF,US_12071,Lee County,4.333333333333,5,4.567567567567112,0.39047007825123076,0.3914981537872724,0.0,0.08666666666666298
NSF,US_12073,Leon County,27.449999999999996,33,30.017030176277263,0.11173762375196537,0.11288997082114874,0.0,0.5490000000000188
NSF,US_12085,Martin County,1.0,1,1.0,0.6855657908659282,0.6861882369702743,0.0,0.020000000000000687
NSF,US_12086,Miami-Dade County,35.309523809523,44,39.58902309506117,0.2072913515289154,0.21032609517568954,59.27174645987971,0.7061904761904843
NSF,US_12095,Orange County,25.092857142855998,34,29.00785378668462,0.17900698149613617,0.1810291813841502,0.0,0.5018571428571372
NSF,US_12099,Palm Beach County,11.833333333333,14,12.892583120204142,0.24503755537131375,0.2461539145166423,0.0,0.23666666666666814
NSF,US_12109,St. Johns County,1.0,1,1.0,0.3494790586254742,0.35061156411137623,0.0,0.020000000000000687
NSF,US_12115,Sarasota County,2.166666666667,4,3.0727272727279944,0.3978800278105124,0.39974613932818953,0.0,0.04333333333334149
NSF,US_12127,Volusia County,4.999999999999999,5,5.0,0.580169455842672,0.5823520898571896,0.0,0.10000000000000342
NSF,US_13031,Bulloch County,1.833333333333,3,2.469387755101546,0.25471870848364037,0.2550231566134025,0.0,0.03666666666666126
NSF,US_13059,Clarke County,28.916666666665996,33,30.646220412317742,0.19585576732067955,0.19813232999942815,0.0,0.5783333333333398
NSF,US_13067,Cobb County,2.0,2,2.0,0.619280448647347,0.6208741346809821,0.0,0.040000000000001375
NSF,US_13121,Fulton County,72.616666666664,88,79.14090190895509,0.07960577062985977,0.0816687452453052,27.541886619233047,1.45233333333333
NSF,US_13135,Gwinnett County,1.0,1,1.0,0.7214179063439546,0.7305920817111795,0.0,0.020000000000000687
NSF,US_15001,Hawaii County,2.0,2,2.0,0.4289872785952449,0.43071972655332247,0.0,0.040000000000001375
NSF,US_15003,Honolulu County,31.416666666665,38,34.19028145296859,0.13253092965950655,0.13413508751431688,0.0,0.6283333333333216
NSF,US_16001,Ada County,13.142857142855998,17,14.572166427544964,0.21337220305801402,0.21527701193482116,0.0,0.262857142857129
NSF,US_16005,Bannock County,1.0,1,1.0,0.472150622635534,0.47314140410321376,0.0,0.020000000000000687
NSF,US_16057,Latah County,10.226190476189998,13,11.07314254843333,0.16341668876925755,0.165018378707353,0.0,0.204523809523807
NSF,US_17019,Champaign County,72.74999999999699,90,79.64562650224276,0.08968837456592775,0.09214712988407131,51.43184421534898,1.4549999999999899
NSF,US_17031,Cook County,69.366666666664,81,74.28254586309795,0.07848853379401247,0.08104522272038317,23.786641037963193,1.3873333333333278
NSF,US_17037,DeKalb County,5.0,5,5.0,0.3194837466450736,0.3204495649166444,0.0,0.10000000000000343
NSF,US_17043,DuPage County,0.333333333333,1,1.0,0.6133862968344608,0.6135956367143439,0.0,0.00666666666666023
NSF,US_17077,Jackson County,4.0,4,4.0,0.47259717265235146,0.4737463900555031,0.0,0.08000000000000275
NSF,US_17089,Kane County,1.9999999999999998,2,2.0,0.26575148743874194,0.266184488251374,0.0,0.04000000000000137
NSF,US_17097,Lake County,1.0,1,1.0,0.472150622635534,0.47314140410321376,0.0,0.020000000000000687
NSF,US_17111,McHenry County,2.0,2,2.0,0.6191247558638542,0.6204069630521508,0.0,0.040000000000001375
NSF,US_17119,Madison County,0.5,1,1.0,0.48124355159582966,0.4815718076846211,0.0,0.010000000000000344
NSF,US_18035,Delaware County,1.0,1,1.0,0.4289872785952449,0.4298516666083543,0.0,0.020000000000000687
NSF,US_18097,Marion County,2.0,2,2.0,0.4906129551441111,0.49235311996350384,0.0,0.040000000000001375
NSF,US_18105,Monroe County,20.166666666664998,27,23.500802568215924,0.2691355103203842,0.2715525595650494,0.0,0.40333333333331384
NSF,US_18127,Porter County,1.0,1,1.0,0.6837089764410104,0.6854653645691695,0.0,0.020000000000000687
NSF,US_18141,St. Joseph County,29.783333333333,37,33.20580436523157,0.13033940251811668,0.13327338321695031,0.0,0.5956666666666806
NSF,US_18151,Steuben County,1.0,1,1.0,0.7630879722326676,0.7643663264298047,0.0,0.020000000000000687
NSF,US_18157,Tippecanoe County,50.533333333331996,60,54.93488861267622,0.10521168414192857,0.10747832088043857,19.415127528583298,1.0106666666666746
NSF,US_18167,Vigo County,1.333333333333,2,1.59999999999952,0.46486302408017366,0.46540686301356277,0.0,0.026666666666660916
NSF,US_19013,Black Hawk County,2.25,3,2.4545454545454546,0.5930191960340125,0.5973729038205933,0.0,0.045000000000001546
NSF,US_19103,Johnson County,16.583333333332,22,18.95691718525422,0.19940782044511907,0.2009088806563507,0.0,0.3316666666666514
NSF,US_19113,Linn County,0.25,1,1.0,0.5581662904287263,0.5583761907954692,0.0,0.005000000000000172
NSF,US_19169,Story County,47.666666666665,55,50.15082771305718,0.11016296227226259,0.11224818857251925,28.58391608391708,0.9533333333333329
NSF,US_20045,Douglas County,21.499999999999,27,23.755888650962195,0.21528760991343593,0.21712732774480412,0.0,0.4299999999999948
NSF,US_20161,Riley County,18.699999999999,24,20.572016864397078,0.2512600736311437,0.2535313265680314,0.0,0.3739999999999929
NSF,US_20173,Sedgwick County,2.5,3,2.7777777777777777,0.613010124424531,0.6154637260254859,0.0,0.05000000000000172
NSF,US_21067,Fayette County,14.333333333333002,15,14.559055118109788,0.2249936875947762,0.22666761907350685,0.0,0.2866666666666699
NSF,US_21111,Jefferson County,8.0,8,8.0,0.3246224470944102,0.3256714716680595,0.0,0.1600000000000055
NSF,US_21227,Warren County,0.25,1,1.0,0.4832273196481423,0.4843844423120634,0.0,0.005000000000000172
NSF,US_22033,East Baton Rouge Parish,35.333333333333,43,38.561990561990235,0.11709348988965845,0.11855544973096903,55.188679245282124,0.7066666666666843
NSF,US_22055,Lafayette Parish,8.916666666666,11,9.596814752723304,0.25777389034313636,0.25883744081216103,0.0,0.17833333333332613
NSF,US_22071,Orleans Parish,13.499999999998998,19,16.443609022554945,0.24385097524161822,0.24580792887906913,0.0,0.26999999999998925
NSF,US_22109,Terrebonne Parish,3.0,3,3.0,0.3354291792933186,0.33603877727184966,0.0,0.060000000000002066
NSF,US_23001,Androscoggin County,1.0,2,2.0,0.35098890531370786,0.3514232071853021,0.0,0.020000000000000687
NSF,US_23005,Cumberland County,5.333333333333,6,5.565217391303895,0.5283697361241148,0.5305569933840326,0.0,0.10666666666666366
NSF,US_23011,Kennebec County,2.0,2,2.0,0.5284146274896067,0.532772230169311,0.0,0.040000000000001375
NSF,US_23013,Knox County,1.0,1,1.0,0.5581662904287263,0.5590069404437725,0.0,0.020000000000000687
NSF,US_23015,Lincoln County,5.533333333333,7,5.943917169973656,0.23839112900578543,0.23924802480782761,0.0,0.11066666666666382
NSF,US_23019,Penobscot County,9.0,10,9.529411764705882,0.27169206469855733,0.273594214198253,0.0,0.18000000000000618
NSF,US_24003,Anne Arundel County,2.0,2,2.0,0.6133387470612603,0.6147722963372766,0.0,0.040000000000001375
NSF,US_24005,Baltimore County,2.5,3,2.7777777777777777,0.3188111757554006,0.3194844290854491,0.0,0.05000000000000172
NSF,US_24019,Dorchester County,13.583333333332998,16,14.558356164383103,0.45699485867088796,0.4635638506428375,0.0,0.27166666666666933
NSF,US_24031,Montgomery County,4.0,4,4.0,0.48398713773939195,0.48567146983233833,0.0,0.08000000000000275
NSF,US_24033,Prince George's County,40.583333333332995,47,43.28691367037735,0.1586595615582411,0.16144181120260515,0.0,0.8116666666666877
NSF,US_24039,Somerset County,1.0,1,1.0,0.6504193182218062,0.6539359006864545,0.0,0.020000000000000687
NSF,US_24510,Baltimore (county equivalent),28.583333333332995,36,31.961151860907037,0.12177860754647428,0.12305160575554254,0.0,0.5716666666666795
NSF,US_25001,Barnstable County,75.08333333333101,95,83.37280476532514,0.09029935694225776,0.09219253424882574,64.53940066592698,1.5016666666666718
NSF,US_25003,Berkshire County,1.5,2,1.8,0.5095827594713135,0.5103026734535278,0.0,0.030000000000001033
NSF,US_25005,Bristol County,2.5,3,2.7777777777777777,0.5756373996658315,0.5775453064938534,0.0,0.05000000000000172
NSF,US_25009,Essex County,1.0,1,1.0,0.48942552244815624,0.4906091327946707,0.0,0.020000000000000687
NSF,US_25013,Hampden County,1.0,1,1.0,0.472150622635534,0.47314140410321376,0.0,0.020000000000000687
NSF,US_25015,Hampshire County,31.333333333332,36,33.34339622641327,0.11168978641835277,0.11339775870227717,0.0,0.6266666666666615
NSF,US_25017,Middlesex County,129.342857142853,155,140.496942732734,0.0654629311953032,0.06906530388659492,74.86991630464041,2.586857142857149
NSF,US_25021,Norfolk County,7.199999999999999,8,7.363636363636364,0.39804334958989707,0.39959469675284204,0.0,0.14400000000000493
NSF,US_25023,Plymouth County,1.0,1,1.0,0.6000396201090337,0.6004120575510639,0.0,0.020000000000000687
NSF,US_25025,Suffolk County,64.58333333332999,79,71.08829447271403,0.06456308804734484,0.06605636422918808,48.19354838709617,1.2916666666666443
NSF,US_25027,Worcester County,21.5,23,21.867279894875278,0.22971994494076203,0.23228945937403123,0.0,0.43000000000001476
NSF,US_26049,Genesee County,1.0,1,1.0,0.4496714124632709,0.4509218085142549,0.0,0.020000000000000687
NSF,US_26061,Houghton County,17.944444444442997,23,19.86840601789928,0.12888112359912665,0.12991549217042359,0.0,0.35888888888887227
NSF,US_26065,Ingham County,29.333333333330998,38,32.900690387675965,0.15265413093337335,0.15486570825593624,0.0,0.5866666666666401
NSF,US_26073,Isabella County,2.75,4,3.27027027027027,0.31197091998852083,0.31410969622336116,0.0,0.05500000000000189
NSF,US_26077,Kalamazoo County,1.0,1,1.0,0.25821840993300604,0.25859146228896535,0.0,0.020000000000000687
NSF,US_26103,Marquette County,3.5,4,3.769230769230769,0.48775584545761774,0.48886633595163687,0.0,0.07000000000000241
NSF,US_26125,Oakland County,4.0,4,4.0,0.2815533982764447,0.2822366361974853,0.0,0.08000000000000275
NSF,US_26139,Ottawa County,1.666666666666,3,2.272727272726281,0.37552746229211903,0.3760645871085837,0.0,0.03333333333332115
NSF,US_26161,Washtenaw County,104.98333333333099,123,112.25333627564669,0.06369595042776251,0.06675291053569742,69.91585966026366,2.099666666666692
NSF,US_26163,Wayne County,15.333333333333,16,15.558823529411317,0.21385294898558166,0.21503505252655464,0.0,0.30666666666667053
NSF,US_27007,Beltrami County,0.25,1,1.0,0.472150622635534,0.47239790305646867,0.0,0.005000000000000172
NSF,US_27053,Hennepin County,39.949999999998006,49,43.70314674942104,0.13279798735900042,0.13495807967703236,0.0,0.7989999999999876
NSF,US_27103,Nicollet County,0.333333333333,1,1.0,0.4115697639746209,0.4116883288068171,0.0,0.00666666666666023
NSF,US_27123,Ramsey County,4.0,4,4.0,0.4959257514083042,0.49767725443462874,0.0,0.08000000000000275
NSF,US_27131,Rice County,1.0,1,1.0,0.35098890531370786,0.3514232071853021,0.0,0.020000000000000687
NSF,US_27137,St. Louis County,6.366666666666,9,7.353557750452591,0.367651684669381,0.3692096473994373,0.0,0.1273333333333244
NSF,US_28035,Forrest County,3.5,4,3.769230769230769,0.39108179455654885,0.39207459875931194,0.0,0.07000000000000241
NSF,US_28071,Lafayette County,3.333333333333,5,4.255319148935682,0.2624887701719013,0.26298807055578394,0.0,0.0666666666666623
NSF,US_28105,Oktibbeha County,4.5,7,5.5648854961833765,0.44363981596904467,0.4446909562066483,0.0,0.09000000000000309
NSF,US_29019,Boone County,9.0,11,10.125,0.30932874961520906,0.31110661990238336,0.0,0.18000000000000618
NSF,US_29037,Cass County,1.0,1,1.0,0.35798043430648735,0.3584501799130754,0.0,0.020000000000000687
NSF,US_29077,Greene County,1.0,1,1.0,0.35798043430648735,0.3584501799130754,0.0,0.020000000000000687
NSF,US_29095,Jackson County,1.0,1,1.0,0.5704379203138494,0.5764618130533048,0.0,0.020000000000000687
NSF,US_29161,Phelps County,16.333333333332998,20,17.801668211306307,0.23842108513044713,0.24042718846054417,0.0,0.3266666666666712
NSF,US_29225,Webster County,1.0,1,1.0,0.3494790586254742,0.35061156411137623,0.0,0.020000000000000687
NSF,US_29510,St. Louis (county equivalent),15.833333333333002,20,17.592592592592265,0.3317347687637317,0.33420683872708323,0.0,0.3166666666666709
NSF,US_30031,Gallatin County,9.5,11,10.314285714285715,0.28318994741799186,0.28432170650041605,0.0,0.19000000000000652
NSF,US_30063,Missoula County,9.5,12,10.93939393939394,0.3763947629887816,0.37876997414501207,0.0,0.19000000000000652
NSF,US_31055,Douglas County,5.0,5,5.0,0.5041400699718979,0.5063784653011199,0.0,0.10000000000000343
NSF,US_31109,Lancaster County,9.666666666666,14,11.54030874785496,0.33944548407302566,0.3406943837154211,0.0,0.19333333333332664
NSF,US_32003,Clark County,5.0,6,5.555555555555555,0.3574119942226899,0.35818803508830366,0.0,0.10000000000000343
NSF,US_32031,Washoe County,30.583333333332998,38,33.93524817334308,0.16026476796228942,0.1627237105476094,0.0,0.611666666666681
NSF,US_33005,Cheshire County,0.333333333333,1,1.0,0.2438102459774407,0.24410649942106455,0.0,0.00666666666666023
NSF,US_33009,Grafton County,12.616666666666,17,14.373297549473588,0.18338028716083782,0.1846359576586003,0.0,0.25233333333332864
NSF,US_33013,Merrimack County,1.9999999999999998,2,2.0,0.4717432720810883,0.4725782863197682,0.0,0.04000000000000137
NSF,US_33017,Strafford County,18.066666666665,28,22.472766217868003,0.19578338216979943,0.1974902077357966,0.0,0.3613333333333124
NSF,US_34001,Atlantic County,1.0,1,1.0,0.6736619809534001,0.674532032796447,0.0,0.020000000000000687
NSF,US_34007,Camden County,2.25,3,2.4545454545454546,0.38981180199348864,0.3931128099415894,0.0,0.045000000000001546
NSF,US_34013,Essex County,24.416666666666,28,25.88151944528097,0.31225735683689404,0.31602627509054404,0.0,0.48833333333333684
NSF,US_34015,Gloucester County,3.0,4,3.6,0.5286054245607984,0.5312036073890276,0.0,0.060000000000002066
NSF,US_34017,Hudson County,6.033333333332999,10,8.270891189093168,0.3671896959955894,0.3697845981623046,0.0,0.12066666666666413
NSF,US_34019,Hunterdon County,1.0,1,1.0,0.16695776124053785,0.16731974915007192,0.0,0.020000000000000687
NSF,US_34021,Mercer County,33.05952380952301,40,35.62345077351495,0.14104711526235944,0.1425599008479282,38.56679870363694,0.6611904761904829
NSF,US_34023,Middlesex County,32.083333333331,43,37.30807953687057,0.1808318233003921,0.18303806602751477,34.93506493506332,0.641666666666642
NSF,US_34035,Somerset County,1.0,1,1.0,0.16695776124053785,0.16731974915007192,0.0,0.020000000000000687
NSF,US_34039,Union County,1.0,1,1.0,0.595520750005514,0.6019862950387126,0.0,0.020000000000000687
NSF,US_35001,Bernalillo County,11.0,13,12.1,0.24465405717298977,0.2459876387072293,0.0,0.22000000000000755
NSF,US_35013,Doña Ana County,9.833333333333,11,10.329376854598951,0.44155932922549895,0.445758940911904,0.0,0.19666666666666674
NSF,US_35028,Los Alamos County,3.0,3,3.0,0.3293222760876015,0.3300295835618822,0.0,0.060000000000002066
NSF,US_35053,Socorro County,5.666666666666,8,6.799999999999041,0.5066045010534413,0.5084505562978673,0.0,0.1133333333333239
NSF,US_36001,Albany County,9.033333333332001,13,10.550351960923251,0.30737839444087284,0.3087260044214857,0.0,0.18066666666664624
NSF,US_36007,Broome County,8.833333333333,10,9.332225913620807,0.3092947466965829,0.31082527044821484,0.0,0.17666666666666606
NSF,US_36015,Chemung County,1.0,1,1.0,0.24577795213278883,0.24692656442766675,0.0,0.020000000000000687
NSF,US_36027,Dutchess County,2.0,2,2.0,0.6613450469392355,0.6640715276396453,0.0,0.040000000000001375
NSF,US_36029,Erie County,40.533333333333,47,43.63619193767292,0.11669434026874734,0.11858120596993466,0.0,0.8106666666666879
NSF,US_36047,Kings County,10.0,10,10.0,0.40724592826267436,0.4095513435546646,0.0,0.20000000000000687
NSF,US_36053,Madison County,0.666666666667,2,1.6000000000009604,0.42188522519114335,0.4221684261411479,0.0,0.013333333333340457
NSF,US_36055,Monroe County,14.249999999999,18,15.746365105006682,0.2551618066108888,0.25752631636386014,0.0,0.28499999999998976
NSF,US_36059,Nassau County,2.0,2,2.0,0.418547607409282,0.4198716183217004,0.0,0.040000000000001375
NSF,US_36061,New York County,132.699999999996,152,140.75108460591798,0.054440890663619186,0.0570189802031266,61.37905048982639,2.6540000000000115
NSF,US_36065,Oneida County,1.0,1,1.0,0.2527750907734249,0.25348354796665934,0.0,0.020000000000000687
NSF,US_36067,Onondaga County,21.416666666666003,26,23.81860800576954,0.1886855543083919,0.1902067238362267,0.0,0.42833333333333484
NSF,US_36081,Queens County,4.0,4,4.0,0.44205134684539105,0.4441687481752412,0.0,0.08000000000000275
NSF,US_36083,Rensselaer County,19.166666666666,23,20.583657587547727,0.18070106650404125,0.18223215121052322,0.0,0.38333333333333314
NSF,US_36085,Richmond County,0.5,1,1.0,0.35098890531370786,0.35120591773371557,0.0,0.010000000000000344
NSF,US_36089,St. Lawrence County,8.333333333333,12,10.504201680671782,0.2930297994567736,0.2946723634618045,0.0,0.1666666666666657
NSF,US_36091,Saratoga County,0.333333333333,1,1.0,0.35098890531370786,0.3511335495061456,0.0,0.00666666666666023
NSF,US_36093,Schenectady County,2.25,3,2.4545454545454546,0.5690096388110908,0.5703327788534849,0.0,0.045000000000001546
NSF,US_36103,Suffolk County,24.444444444442997,33,28.5125184094235,0.17396176330542887,0.1754524825351805,0.0,0.48888888888887677
NSF,US_36109,Tompkins County,57.25,64,60.192449942609485,0.11879340038888273,0.12136419906182959,20.160116448326345,1.1450000000000393
NSF,US_36111,Ulster County,1.5,2,1.8,0.44245426377160707,0.44432346888369717,0.0,0.030000000000001033
NSF,US_36119,Westchester County,2.0,2,2.0,0.6381680408052772,0.6437119875012761,0.0,0.040000000000001375
NSF,US_37021,Buncombe County,0.25,1,1.0,0.41611622845476876,0.4161843516097891,0.0,0.005000000000000172
NSF,US_37031,Carteret County,2.0,2,2.0,0.154561276233142,0.15947596955078502,0.0,0.040000000000001375
NSF,US_37063,Durham County,22.583333333333,26,24.086913742210108,0.2749722339179606,0.27945725538457844,0.0,0.4516666666666756
NSF,US_37067,Forsyth County,2.0,2,2.0,0.47409390381368405,0.4749404586861158,0.0,0.040000000000001375
NSF,US_37081,Guilford County,16.166666666666003,20,18.059500959691963,0.27040202627901766,0.2726949982262877,0.0,0.3233333333333312
NSF,US_37119,Mecklenburg County,16.999999999998998,19,17.693877551019046,0.23320679141732426,0.23574179602371123,0.0,0.33999999999999164
NSF,US_37129,New Hanover County,8.833333333332998,10,9.332225913620807,0.24546994139402212,0.24664763885461505,0.0,0.17666666666666603
NSF,US_37135,Orange County,31.283333333331996,41,35.34829284932956,0.18980440880277882,0.19225087732112658,0.0,0.6256666666666614
NSF,US_37147,Pitt County,13.25,15,13.975124378109452,0.21559553557153224,0.21714493463948656,0.0,0.2650000000000091
NSF,US_37175,Transylvania County,1.0,1,1.0,0.2976285053791315,0.29819763351770734,0.0,0.020000000000000687
NSF,US_37183,Wake County,40.416666666665,52,46.185941488314924,0.11871487657929414,0.12034846435876548,0.0,0.8083333333333278
NSF,US_37189,Watauga County,3.833333333333,6,5.1359223300965935,0.326729774452451,0.3283713797218706,0.0,0.07666666666666264
NSF,US_37191,Wayne County,1.0,1,1.0,0.24577795213278883,0.24692656442766675,0.0,0.020000000000000687
NSF,US_38017,Cass County,2.0,3,2.6666666666666665,0.2963397817778406,0.2970177491242563,0.0,0.040000000000001375
NSF,US_38035,Grand Forks County,2.5,3,2.7777777777777777,0.6401827026909999,0.6421941955004078,0.0,0.05000000000000172
NSF,US_39009,Athens County,0.9999999999999998,2,2.0,0.38663012383125156,0.38738287216308187,0.0,0.02000000000000068
NSF,US_39017,Butler County,1.0,1,1.0,0.7754408123043682,0.7762069507785007,0.0,0.020000000000000687
NSF,US_39035,Cuyahoga County,14.666666666666,17,15.67611336032297,0.21330623944648563,0.21472054249705722,0.0,0.29333333333333006
NSF,US_39049,Franklin County,41.033333333332,52,45.50838626364377,0.12729768616189296,0.1291456979650715,0.0,0.8206666666666682
NSF,US_39061,Hamilton County,12.333333333333,14,13.100478468899066,0.41066732490961055,0.41277449219198936,0.0,0.2466666666666685
NSF,US_39089,Licking County,1.0,1,1.0,0.5581662904287263,0.5590069404437725,0.0,0.020000000000000687
NSF,US_39093,Lorain County,5.5,6,5.761904761904762,0.36766181614464366,0.3693414674039459,0.0,0.11000000000000378
NSF,US_39095,Lucas County,3.0,4,3.6,0.5712425462268027,0.5753510070672805,0.0,0.060000000000002066
NSF,US_39113,Montgomery County,3.866666666667,6,4.506363027462114,0.44416091813904435,0.44536621233467255,0.0,0.07733333333334266
NSF,US_39133,Portage County,4.0,5,4.571428571428571,0.4242407038243564,0.42542711098301395,0.0,0.08000000000000275
NSF,US_39153,Summit County,5.0,5,5.0,0.32565076133383936,0.3275757236181436,0.0,0.10000000000000343
NSF,US_39173,Wood County,1.0,1,1.0,0.4476051212475149,0.4485103044513782,0.0,0.020000000000000687
NSF,US_40027,Cleveland County,21.638888888888,27,23.90926283440239,0.09122583565590878,0.09208950211425061,0.0,0.4327777777777749
NSF,US_40109,Oklahoma County,2.0,2,2.0,0.4086735630482754,0.4093200828940431,0.0,0.040000000000001375
NSF,US_40119,Payne County,10.666666666665002,16,13.298701298698868,0.2712245266044529,0.27267015749423146,0.0,0.21333333333330734
NSF,US_40143,Tulsa County,0.5,1,1.0,0.6827681256057774,0.6833611789160811,0.0,0.010000000000000344
NSF,US_41003,Benton County,64.99999999999702,83,73.16017316016894,0.1186604409148133,0.12178205499365874,49.10256410256251,1.299999999999985
NSF,US_41017,Deschutes County,1.0,1,1.0,0.4289872785952449,0.4298516666083543,0.0,0.020000000000000687
NSF,US_41029,Jackson County,1.0,1,1.0,0.35098890531370786,0.3514232071853021,0.0,0.020000000000000687
NSF,US_41039,Lane County,21.476190476189,25,22.84762707104587,0.14450010147952558,0.14585125210280353,0.0,0.42952380952379476
NSF,US_41047,Marion County,2.0,2,2.0,0.5212942714746918,0.5248016085782593,0.0,0.040000000000001375
NSF,US_41051,Multnomah County,31.009523809523003,42,36.586542244430476,0.15997083179926308,0.16148379808571123,0.0,0.6201904761904814
NSF,US_42003,Allegheny County,59.449999999998,70,63.947092260600655,0.10401497916038654,0.10634842182542503,31.67928231006526,1.189000000000001
NSF,US_42019,Butler County,1.0,1,1.0,0.5704379203138494,0.5764618130533048,0.0,0.020000000000000687
NSF,US_42027,Centre County,71.11111111110799,91,79.93364882665315,0.0915549131529631,0.09431732673379838,40.52734374999951,1.4222222222222085
NSF,US_42029,Chester County,2.333333333333,3,2.578947368420587,0.6091318430925433,0.6116197378022629,0.0,0.0466666666666616
NSF,US_42061,Huntingdon County,0.333333333333,1,1.0,0.5658909556571559,0.5663548069052572,0.0,0.00666666666666023
NSF,US_42063,Indiana County,0.5,1,1.0,0.35098890531370786,0.35120591773371557,0.0,0.010000000000000344
NSF,US_42071,Lancaster County,1.333333333333,2,1.59999999999952,0.3370433061334904,0.33836949737567174,0.0,0.026666666666660916
NSF,US_42077,Lehigh County,1.0,1,1.0,0.16695776124053785,0.16731974915007192,0.0,0.020000000000000687
NSF,US_42091,Montgomery County,8.5,9,8.757575757575758,0.273595708324359,0.2743891072784057,0.0,0.17000000000000584
NSF,US_42095,Northampton County,10.833333333333,13,11.449864498644656,0.45663127952712523,0.45936506607824157,0.0,0.21666666666666745
NSF,US_42101,Philadelphia County,44.333333333333,54,48.54614065180137,0.1401383493620543,0.14271712749013468,23.715538847118598,0.8866666666666906
NSF,US_44001,Bristol County,1.0,1,1.0,0.4921805486571226,0.4928321003061214,0.0,0.020000000000000687
NSF,US_44003,Kent County,18.0,18,18.0,0.3498673176752459,0.35355503025560214,0.0,0.36000000000001237
NSF,US_44007,Providence County,17.366666666666,21,18.835681076954184,0.2782447329985881,0.2807807767239635,0.0,0.34733333333333194
NSF,US_44009,Washington County,16.249999999999,22,18.503649635035078,0.217506609906633,0.21961566387788156,0.0,0.3249999999999912
NSF,US_45019,Charleston County,2.333333333333,3,2.5789473684205872,0.32972161955152535,0.33134852059478265,0.0,0.0466666666666616
NSF,US_45051,Horry County,2.833333333333,5,4.313432835820396,0.4382307306800672,0.43921297661227127,0.0,0.05666666666666195
NSF,US_45063,Lexington County,1.0,1,1.0,0.4289872785952449,0.4298516666083543,0.0,0.020000000000000687
NSF,US_45077,Pickens County,22.166666666666,28,24.75717284814462,0.11110733965515188,0.11218795711944772,0.0,0.44333333333333524
NSF,US_45079,Richland County,18.083333333333,22,19.910782241014342,0.15123334297864022,0.15243643058534828,0.0,0.36166666666667246
NSF,US_46011,Brookings County,5.249999999999,8,6.6930860033719375,0.34245043557081806,0.3435719487147437,0.0,0.1049999999999836
NSF,US_46103,Pennington County,7.0,8,7.538461538461538,0.3558151140858895,0.35690980015340595,0.0,0.14000000000000482
NSF,US_47001,Anderson County,0.25,1,1.0,0.5581662904287263,0.5583761907954692,0.0,0.005000000000000172
NSF,US_47037,Davidson County,22.833333333332,32,26.81285714285524,0.12063313992130341,0.1220065899322681,0.0,0.4566666666666557
NSF,US_47065,Hamilton County,2.0,3,2.6666666666666665,0.3411372326304799,0.3425730280148138,0.0,0.040000000000001375
NSF,US_47093,Knox County,30.666666666666003,35,32.74274661508613,0.17513016403631076,0.17740506192899427,0.0,0.6133333333333412
NSF,US_47105,Loudon County,1.0,1,1.0,0.24577795213278883,0.24692656442766675,0.0,0.020000000000000687
NSF,US_47141,Putnam County,3.0,3,3.0,0.5036417167157291,0.5053442818723886,0.0,0.060000000000002066
NSF,US_47157,Shelby County,5.333333333333,7,6.168674698794708,0.33222113209230136,0.33332234590721727,0.0,0.10666666666666366
NSF,US_48029,Bexar County,14.416666666666,18,15.945125199785963,0.19919980716492003,0.2006021236220942,0.0,0.2883333333333299
NSF,US_48041,Brazos County,86.361111111108,110,97.08111284085331,0.08194235864280494,0.08459573298007156,78.25989064007757,1.7272222222222193
NSF,US_48113,Dallas County,15.866666666666,20,17.651604861326582,0.20502720985136463,0.20654639671492264,0.0,0.3173333333333309
NSF,US_48121,Denton County,10.666666666666,16,13.837837837836858,0.2700188818792555,0.27157394395146833,0.0,0.21333333333332732
NSF,US_48141,El Paso County,12.583333333333,16,14.170913610938003,0.14302773765914908,0.14378565872948754,0.0,0.25166666666666865
NSF,US_48143,Erath County,1.0,1,1.0,0.7460475621075755,0.747329790692592,0.0,0.020000000000000687
NSF,US_48167,Galveston County,1.0,1,1.0,0.5765266125880841,0.5773939500833701,0.0,0.020000000000000687
NSF,US_48201,Harris County,56.699999999998994,72,63.332333756510586,0.1124944721636479,0.11478804797510031,65.65745639819691,1.1340000000000188
NSF,US_48209,Hays County,10.0,11,10.526315789473685,0.343140093620421,0.3446795844982141,0.0,0.20000000000000687
NSF,US_48215,Hidalgo County,0.333333333333,1,1.0,0.6504193182218062,0.6515865726018631,0.0,0.00666666666666023
NSF,US_48245,Jefferson County,0.5,1,1.0,0.6442070109430573,0.6447562647854215,0.0,0.010000000000000344
NSF,US_48273,Kleberg County,1.0,2,2.0,0.39780894483557494,0.3980428069572067,0.0,0.020000000000000687
NSF,US_48303,Lubbock County,21.027777777777,28,23.663087913448223,0.14169632788979217,0.1429914301948384,0.0,0.42055555555555446
NSF,US_48309,McLennan County,5.333333333332999,7,6.168674698794708,0.3848982247926232,0.3859422632064484,0.0,0.10666666666666366
NSF,US_48355,Nueces County,9.333333333333,12,10.739726027396788,0.2758674281825573,0.27698283546363517,0.0,0.1866666666666664
NSF,US_48381,Randall County,1.833333333333,3,2.469387755101546,0.3967349694617943,0.3971549521713305,0.0,0.03666666666666126
NSF,US_48423,Smith County,1.5,2,1.8,0.6246032085389351,0.6291112563311687,0.0,0.030000000000001033
NSF,US_48439,Tarrant County,11.416666666667,15,12.917412250516787,0.3070130049020321,0.30983698476455135,0.0,0.22833333333334785
NSF,US_48451,Tom Green County,1.0,1,1.0,0.6114600196411377,0.6120812718177924,0.0,0.020000000000000687
NSF,US_48453,Travis County,65.083333333329,89,75.7809665796933,0.07528927207805651,0.07739247180131509,44.110115236877206,1.3016666666666246
NSF,US_48471,Walker County,1.0,1,1.0,0.38096607686612133,0.3815419345662788,0.0,0.020000000000000687
NSF,US_48473,Waller County,2.0,2,2.0,0.5181673026459628,0.519051711767105,0.0,0.040000000000001375
NSF,US_49005,Cache County,13.392857142856,21,16.600320037773376,0.20444139211921517,0.20566352944253524,0.0,0.26785714285712925
NSF,US_49011,Davis County,1.0,1,1.0,0.4114883865888074,0.41199192295060516,0.0,0.020000000000000687
NSF,US_49035,Salt Lake County,37.166666666666,42,39.49880857823579,0.1401996244221636,0.14205935174744447,0.0,0.7433333333333457
NSF,US_49049,Utah County,4.416666666666,8,6.4279176201363,0.2318162899872241,0.23236227589848643,0.0,0.08833333333332304
NSF,US_49057,Weber County,1.0,1,1.0,0.5765266125880841,0.5773939500833701,0.0,0.020000000000000687
NSF,US_50001,Addison County,2.5,3,2.7777777777777777,0.6950573800406998,0.6988394299295458,0.0,0.05000000000000172
NSF,US_50003,Bennington County,1.333333333333,2,1.59999999999952,0.5962598904907475,0.605726973730484,0.0,0.026666666666660916
NSF,US_50007,Chittenden County,12.499999999999002,17,14.763779527557622,0.26249641338507723,0.2642300262326023,0.0,0.24999999999998862
NSF,US_50023,Washington County,0.5,1,1.0,0.5696592878904154,0.5714366142047165,0.0,0.010000000000000344
NSF,US_50025,Windham County,1.0,1,1.0,0.33738261536401687,0.33788495779812316,0.0,0.020000000000000687
NSF,US_51013,Arlington County,1.0,1,1.0,0.6827681256057774,0.6839554762954816,0.0,0.020000000000000687
NSF,US_51059,Fairfax County,3.0,3,3.0,0.2879533457661801,0.2887670402923823,0.0,0.060000000000002066
NSF,US_51073,Gloucester County,7.499999999998999,11,9.246575342464302,0.17741625346351225,0.1781407345997267,0.0,0.14999999999998515
NSF,US_51085,Hanover County,1.0,1,1.0,0.25821840993300604,0.25859146228896535,0.0,0.020000000000000687
NSF,US_51121,Montgomery County,53.869047619044,70,60.92503548272362,0.10013082642843492,0.10304809019237338,24.552486187844835,1.077380952380917
NSF,US_51125,Nelson County,1.0,1,1.0,0.4832273196481423,0.4878917059005652,0.0,0.020000000000000687
NSF,US_51131,Northampton County,1.0,1,1.0,0.16695776124053785,0.16731974915007192,0.0,0.020000000000000687
NSF,US_51147,Prince Edward County,1.0,1,1.0,0.5947541769490801,0.5961047550214703,0.0,0.020000000000000687
NSF,US_51179,Stafford County,2.0,2,2.0,0.6834773055325243,0.6852397736733447,0.0,0.040000000000001375
NSF,US_51510,Alexandria (county equivalent),1.0,1,1.0,0.8050567880488949,0.8064540039183952,0.0,0.020000000000000687
NSF,US_51540,Charlottesville (county equivalent),22.42619047619,27,23.96747795063714,0.21574034324228553,0.21770939741360215,0.0,0.44852380952381543
NSF,US_51600,Fairfax (county equivalent),23.333333333332998,25,24.078624078623633,0.2598086800703907,0.2642186997141781,0.0,0.466666666666676
NSF,US_51660,Harrisonburg (county equivalent),1.0,1,1.0,0.5765266125880841,0.5773939500833701,0.0,0.020000000000000687
NSF,US_51683,Manassas (county equivalent),0.25,1,1.0,0.5581662904287263,0.5583761907954692,0.0,0.005000000000000172
NSF,US_51710,Norfolk (county equivalent),8.249999999999002,13,10.641693811073448,0.2634847354431733,0.2647493612610609,0.0,0.1649999999999857
NSF,US_51760,Richmond (county equivalent),3.5,4,3.769230769230769,0.2934868258515942,0.2959397565412458,0.0,0.07000000000000241
NSF,US_51830,Williamsburg (county equivalent),3.3333333333330004,4,3.5714285714281124,0.40940046408966424,0.41043144336294557,0.0,0.06666666666666231
NSF,US_53011,Clark County,1.0,1,1.0,0.35098890531370786,0.3514232071853021,0.0,0.020000000000000687
NSF,US_53033,King County,120.616666666665,149,133.07493476366088,0.0696276144293059,0.07213868627957953,63.37110220625486,2.412333333333383
NSF,US_53035,Kitsap County,1.0,1,1.0,0.2326135249609843,0.23423889009076576,0.0,0.020000000000000687
NSF,US_53037,Kittitas County,2.666666666667,4,3.1219512195128236,0.27538610036158867,0.2758718448642245,0.0,0.05333333333334183
NSF,US_53057,Skagit County,1.0,1,1.0,0.5464443965061682,0.5481084025968023,0.0,0.020000000000000687
NSF,US_53063,Spokane County,2.0,2,2.0,0.7134890056690579,0.7185806103089565,0.0,0.040000000000001375
NSF,US_53067,Thurston County,1.5,2,1.8,0.4812721969281509,0.48570024204763573,0.0,0.030000000000001033
NSF,US_53071,Walla Walla County,0.5,1,1.0,0.5673464515084052,0.5675596824781813,0.0,0.010000000000000344
NSF,US_53073,Whatcom County,3.5,5,4.454545454545454,0.27327241405901065,0.2736382633757561,0.0,0.07000000000000241
NSF,US_53075,Whitman County,18.749999999999996,25,21.699528504072155,0.350248022395438,0.3535606000407019,0.0,0.3750000000000128
NSF,US_54053,Mason County,1.0,1,1.0,0.5929491560333979,0.5944489539038884,0.0,0.020000000000000687
NSF,US_54061,Monongalia County,11.892857142857,14,12.480472706808975,0.31580837289721714,0.31809096182218616,0.0,0.2378571428571482
NSF,US_55025,Dane County,47.03333333333101,58,51.51353868843228,0.11883960104636701,0.12074621267988365,21.26151665485328,0.9406666666666526
NSF,US_55033,Dunn County,2.0,2,2.0,0.472150622635534,0.47413663029191827,0.0,0.040000000000001375
NSF,US_55035,Eau Claire County,0.5,1,1.0,0.5765266125880841,0.5769599174285985,0.0,0.010000000000000344
NSF,US_55043,Grant County,1.5,2,1.8,0.3904431561319639,0.3913292823762238,0.0,0.030000000000001033
NSF,US_55079,Milwaukee County,26.166666666666,28,26.880043620500736,0.23366760077966683,0.23694942827595292,0.0,0.523333333333338
NSF,US_55133,Waukesha County,1.0,1,1.0,0.16695776124053785,0.16731974915007192,0.0,0.020000000000000687
NSF,US_56001,Albany County,6.7777777777770005,10,8.010764262646827,0.3547866602428722,0.3562300331982069,0.0,0.13555555555554466
NSF,US_56033,Sheridan County,1.0,1,1.0,0.3494790586254742,0.35061156411137623,0.0,0.020000000000000687
NSF,US_72097,Mayagüez (county equivalent),5.333333333333,7,6.168674698794708,0.3398940542915699,0.3407660526977702,0.0,0.10666666666666366
NSF,US_72113,Ponce (county equivalent),1.0,1,1.0,0.5771988210448259,0.578067799855933,0.0,0.020000000000000687
NSF,US_72127,San Juan (county equivalent),2.5,3,2.7777777777777777,0.6595427288846497,0.6610596751726218,0.0,0.05000000000000172
NSF,US_78030,St. Thomas (county equivalent),1.25,4,3.461538461539314,0.6407835943633777,0.6439026698797485,0.0,0.02500000000000086
NSFC,CN_110000,Beijing,1218.9999999999998,1219,1219.0,0.007634480008587917,0.01202652406300564,98.7626469783976,21.979805265055894
NSFC,CN_120000,Tianjin,113.0,113,113.0,0.1075301801686241,0.11259762164149892,40.70796460176991,2.037504507753336
NSFC,CN_130100,Shijiazhuang,19.999999999999996,20,20.0,0.18549407032056686,0.18717684703269163,0.0,0.36062026685899745
NSFC,CN_130200,唐山,5.0,5,5.0,0.2982336591016014,0.29963493570838784,0.0,0.09015506671474939
NSFC,CN_130300,秦皇岛,4.0,4,4.0,0.4238616851675944,0.42684194961757704,0.0,0.0721240533717995
NSFC,CN_130400,邯郸,5.0,5,5.0,0.17217963441165268,0.1737840709243672,0.0,0.09015506671474939
NSFC,CN_130600,Baoding,9.0,9,9.0,0.2700869711814711,0.27133709415424057,0.0,0.16227912008654888
NSFC,CN_130800,承德,1.0,1,1.0,0.24302198867471447,0.24333174137844446,0.0,0.018031013342949875
NSFC,CN_131000,廊坊,3.0,3,3.0,0.529522808991331,0.5305622330184364,0.0,0.05409304002884963
NSFC,CN_140100,Taiyuan,24.0,24,24.0,0.2084653417136002,0.21076939361318028,0.0,0.43274432023079706
NSFC,CN_140700,晋中,5.0,5,5.0,0.3664776222031522,0.36733889141422676,0.0,0.09015506671474939
NSFC,CN_150100,Hohhot,60.0,60,60.0,0.0783378951353829,0.08001769047232722,40.277777777777786,1.0818608005769925
NSFC,CN_150200,包头,2.0,2,2.0,0.5787190177482262,0.5801348809598803,0.0,0.03606202668589975
NSFC,CN_150400,赤峰,1.0,1,1.0,0.2863431603711889,0.2865762985903326,0.0,0.018031013342949875
NSFC,CN_150500,通辽,1.0,1,1.0,0.2864486900981104,0.28667844847004376,0.0,0.018031013342949875
NSFC,CN_210100,Shenyang,66.0,66,66.0,0.14280021733257312,0.14608325798485564,60.60606060606061,1.1900468806346918
NSFC,CN_210200,Dalian,65.0,65,65.0,0.11109006323123054,0.11506585080895963,38.2051282051282,1.172015867291742
NSFC,CN_210700,锦州,2.0,2,2.0,0.6682598443428485,0.6712116620442189,0.0,0.03606202668589975
NSFC,CN_220100,Changchun,83.0,83,83.0,0.09504132469596462,0.09769210774883222,59.63855421686747,1.4965741074648398
NSFC,CN_220200,吉林,2.0,2,2.0,0.28757870857264994,0.2895725741637864,0.0,0.03606202668589975
NSFC,CN_220300,四平,3.0,3,3.0,0.34660817530366117,0.3470955576720762,0.0,0.05409304002884963
NSFC,CN_222400,延吉,8.0,8,8.0,0.3692783533726507,0.37075309362205033,0.0,0.144248106743599
NSFC,CN_230100,Harbin,97.0,97,97.0,0.1009873916390797,0.10524060012584657,38.144329896907216,1.749008294266138
NSFC,CN_230600,大庆,1.0,1,1.0,0.6343600221764402,0.6359795177557246,0.0,0.018031013342949875
NSFC,CN_310000,Shanghai,335.99999999999994,336,336.0,0.032601446753383626,0.037601423113700995,93.15476190476193,6.058420483231157
NSFC,CN_320100,Nanjing,545.9999999999999,546,546.0,0.01915276427759123,0.022744392317219357,96.16910866910868,9.84493328525063
NSFC,CN_320200,Wuxi,1.0,1,1.0,0.3227046350196352,0.3235516110412026,0.0,0.018031013342949875
NSFC,CN_320300,徐州,50.0,50,50.0,0.17614135670166636,0.1789165606124648,51.0,0.9015506671474939
NSFC,CN_320400,常州,1.0,1,1.0,0.6153855526735378,0.6159280707508588,0.0,0.018031013342949875
NSFC,CN_320500,Suzhou,37.0,37,37.0,0.11615747789617573,0.11721017581710232,60.810810810810814,0.6671474936891454
NSFC,CN_320600,南通,8.0,8,8.0,0.32082256297127193,0.3220350193277731,0.0,0.144248106743599
NSFC,CN_320800,淮阴,5.0,5,5.0,0.2948246966758056,0.2962946708665654,0.0,0.09015506671474939
NSFC,CN_320900,盐城,2.0,2,2.0,0.2266662982789275,0.22759224008903434,0.0,0.03606202668589975
NSFC,CN_321000,扬州,7.0,7,7.0,0.3452917483608952,0.34763582929192643,0.0,0.12621709340064913
NSFC,CN_321100,镇江,13.0,13,13.0,0.3427674641543227,0.3451116435445265,0.0,0.2344031734583484
NSFC,CN_330100,Hangzhou,154.0,154,154.0,0.06388809944659324,0.06689792367730249,75.43290043290042,2.776776054814281
NSFC,CN_330200,宁波,20.0,20,20.0,0.26126337275909706,0.26297157084063505,0.0,0.36062026685899756
NSFC,CN_330300,温州,2.0,2,2.0,0.4332109982674672,0.43496002577663195,0.0,0.03606202668589975
NSFC,CN_330500,湖州,1.0,1,1.0,0.6835688167738714,0.6850901431759752,0.0,0.018031013342949875
NSFC,CN_330600,绍兴,1.0,1,1.0,0.7138183097356475,0.716888660275522,0.0,0.018031013342949875
NSFC,CN_330700,金华,8.0,8,8.0,0.3077258370523546,0.30956797452860046,0.0,0.144248106743599
NSFC,CN_330900,舟山,4.0,4,4.0,0.5271211424101746,0.5285183312239292,0.0,0.0721240533717995
NSFC,CN_331000,台州,1.0,1,1.0,0.713434042243631,0.7141442255010183,0.0,0.018031013342949875
NSFC,CN_340100,Hefei,57.0,57,57.0,0.12191696671058656,0.12393497740513294,39.473684210526315,1.027767760548143
NSFC,CN_340200,芜湖,13.0,13,13.0,0.39990321097596576,0.4019805184129454,0.0,0.2344031734583484
NSFC,CN_340300,蚌埠,2.0,2,2.0,0.5009207159236101,0.5093869373365241,0.0,0.03606202668589975
NSFC,CN_340400,淮南,4.0,4,4.0,0.47601380306293073,0.4783788067418542,0.0,0.0721240533717995
NSFC,CN_340500,马鞍山,5.0,5,5.0,0.4961801614277264,0.49843426501021026,0.0,0.09015506671474939
NSFC,CN_340600,淮北,2.0,2,2.0,0.3080037462194261,0.30874467898930386,0.0,0.03606202668589975
NSFC,CN_341000,黄山,1.0,1,1.0,0.24302198867471447,0.24333174137844446,0.0,0.018031013342949875
NSFC,CN_341100,滁州,2.0,2,2.0,0.6291297449582908,0.6299644246134293,0.0,0.03606202668589975
NSFC,CN_341300,宿州,1.0,1,1.0,0.32987539152150636,0.3304854513415706,0.0,0.018031013342949875
NSFC,CN_350100,Fuzhou,40.0,40,40.0,0.14352154063075967,0.14548142631639924,0.0,0.7212405337179951
NSFC,CN_350200,Xiamen,68.0,68,68.0,0.10481706805203447,0.10806989533051942,30.147058823529413,1.2261089073205915
NSFC,CN_350500,泉州,11.0,11,11.0,0.23837468997278377,0.23986939041743643,0.0,0.19834114677244866
NSFC,CN_360100,Nanchang,75.0,75,75.0,0.0930431496971377,0.09588910848174716,56.0,1.3523260007212408
NSFC,CN_360700,赣州,7.0,7,7.0,0.35252275081715634,0.3536518375272318,0.0,0.12621709340064913
NSFC,CN_360900,宜春,1.0,1,1.0,0.32976986179458484,0.3300779820323446,0.0,0.018031013342949875
NSFC,CN_361100,上饶,1.0,1,1.0,0.24302198867471447,0.24333174137844446,0.0,0.018031013342949875
NSFC,CN_370100,Jinan,59.99999999999999,60,60.0,0.13571944032021732,0.13857169178986387,33.05555555555556,1.0818608005769925
NSFC,CN_370200,Qingdao,68.99999999999999,69,69.0,0.12627460831350534,0.12981640764625862,0.0,1.244139920663541
NSFC,CN_370300,淄博,8.0,8,8.0,0.3129202765664867,0.3142986502211582,0.0,0.144248106743599
NSFC,CN_370600,烟台,21.0,21,21.0,0.1552109900701611,0.15631845675186873,0.0,0.37865128020194744
NSFC,CN_370800,曲阜,6.0,6,6.0,0.3762301319961466,0.37752175670350113,0.0,0.10818608005769927
NSFC,CN_370900,泰安,3.0,3,3.0,0.33738121230506213,0.3377956534796283,0.0,0.05409304002884963
NSFC,CN_371300,临沂,4.0,4,4.0,0.27434831802349546,0.27475359381863124,0.0,0.0721240533717995
NSFC,CN_410100,Zhengzhou,61.0,61,61.0,0.06994692438429875,0.07123521588227621,33.879781420765035,1.0998918139199425
NSFC,CN_410200,开封,21.0,21,21.0,0.17815687775950095,0.17958958716565657,0.0,0.37865128020194744
NSFC,CN_410400,平顶山,1.0,1,1.0,0.3296643320676633,0.33028793762737757,0.0,0.018031013342949875
NSFC,CN_410700,新乡,5.999999999999999,6,6.0,0.4763878719235855,0.4777302463178846,0.0,0.10818608005769924
NSFC,CN_410800,焦作,6.0,6,6.0,0.2517095868446721,0.2528195391405991,0.0,0.10818608005769927
NSFC,CN_411000,许昌,1.0,1,1.0,0.6153855526735378,0.6159280707508588,0.0,0.018031013342949875
NSFC,CN_411300,南阳,1.0,1,1.0,0.43924625671896556,0.4395697677188701,0.0,0.018031013342949875
NSFC,CN_411500,信阳,6.0,6,6.0,0.3185857716528124,0.3198224958772994,0.0,0.10818608005769927
NSFC,CN_420100,Wuhan,337.99999999999994,338,338.0,0.03313127213103672,0.03744992864778824,87.72189349112428,6.094482509917057
NSFC,CN_420500,宜昌,5.0,5,5.0,0.19091392669784016,0.19172426930136782,0.0,0.09015506671474939
NSFC,CN_420600,襄阳,2.0,2,2.0,0.6028080093246435,0.604294492538068,0.0,0.03606202668589975
NSFC,CN_421000,荆州,2.0,2,2.0,0.662824540872454,0.6659901327585125,0.0,0.03606202668589975
NSFC,CN_422800,恩施,1.0,1,1.0,0.6639352010790858,0.6645551260238497,0.0,0.018031013342949875
NSFC,CN_430100,Changsha,91.99999999999999,92,92.0,0.1065669221329312,0.10941115412060015,37.86231884057971,1.6588532275513883
NSFC,CN_430300,湘潭,11.0,11,11.0,0.40327960206154684,0.4052798412859078,0.0,0.19834114677244866
NSFC,CN_430400,衡阳,1.0,1,1.0,0.43924625671896556,0.4395697677188701,0.0,0.018031013342949875
NSFC,CN_430600,岳阳,1.0,1,1.0,0.7525169938547336,0.7535046897046682,0.0,0.018031013342949875
NSFC,CN_430700,常德,2.0,2,2.0,0.46771189280184483,0.46875505631270165,0.0,0.03606202668589975
NSFC,CN_433100,吉首,4.0,4,4.0,0.32808486303048756,0.32921318446502207,0.0,0.0721240533717995
NSFC,CN_440100,Guangzhou,333.99999999999994,334,334.0,0.026228115203064714,0.029782274896821077,87.52495009980039,6.022358456545257
NSFC,CN_440300,Shenzhen,94.0,94,94.0,0.06852302629578062,0.07029950038801608,55.14184397163121,1.6949152542372885
NSFC,CN_440400,珠海,1.0,1,1.0,0.689077137729734,0.6898475323752424,0.0,0.018031013342949875
NSFC,CN_440500,汕头,4.0,4,4.0,0.49871119982310985,0.5003963867389658,0.0,0.0721240533717995
NSFC,CN_440600,佛山,2.0,2,2.0,0.34113412269684,0.34145075454865725,0.0,0.03606202668589975
NSFC,CN_440800,湛江,2.0,2,2.0,0.32976986179458484,0.3303866944844741,0.0,0.03606202668589975
NSFC,CN_441900,东莞,5.0,5,5.0,0.4304110042295283,0.43163361148248036,0.0,0.09015506671474939
NSFC,CN_450100,Nanning,40.0,40,40.0,0.16934257588256563,0.1714161818156953,0.0,0.7212405337179951
NSFC,CN_450300,桂林,26.0,26,26.0,0.2086832927367035,0.21338799296888786,0.0,0.4688063469166968
NSFC,CN_450700,钦州,2.0,2,2.0,0.1745161568183391,0.17482845906849276,0.0,0.03606202668589975
NSFC,CN_450900,玉林,1.0,1,1.0,0.5943242888374958,0.595373723203009,0.0,0.018031013342949875
NSFC,CN_460100,海口,25.0,25,25.0,0.19648049921633837,0.19833841816757,0.0,0.45077533357374694
NSFC,CN_460200,三亚,2.0,2,2.0,0.7215279259140546,0.7231697538416066,0.0,0.03606202668589975
NSFC,CN_460400,儋州,2.0,2,2.0,0.5943242888374958,0.5964273486108768,0.0,0.03606202668589975
NSFC,CN_500000,Chongqing,105.99999999999999,106,106.0,0.08094256173162971,0.08334021785585784,49.37106918238994,1.9112874143526866
NSFC,CN_510100,Chengdu,140.0,140,140.0,0.05447707191419978,0.05742637595607897,68.09523809523809,2.5243418680129825
NSFC,CN_510700,绵阳,6.0,6,6.0,0.3116111004952807,0.3139221125805247,0.0,0.10818608005769927
NSFC,CN_511300,南充,4.0,4,4.0,0.0829631615284707,0.083513974352575,0.0,0.0721240533717995
NSFC,CN_511800,雅安,6.0,6,6.0,0.34278344373431785,0.3438174099296032,0.0,0.10818608005769927
NSFC,CN_520100,Guiyang,39.0,39,39.0,0.1439664772183457,0.14555899954123883,0.0,0.7032095203750451
NSFC,CN_520300,遵义,1.0,1,1.0,0.6057594535360263,0.6072221749980257,0.0,0.018031013342949875
NSFC,CN_520600,铜仁,1.0,1,1.0,0.5943242888374958,0.595373723203009,0.0,0.018031013342949875
NSFC,CN_530100,Kunming,86.0,86,86.0,0.07083398753760145,0.07295224197989321,67.92635658914729,1.5506671474936895
NSFC,CN_530300,曲靖,2.0,2,2.0,0.14433820928244517,0.14478623500166152,0.0,0.03606202668589975
NSFC,CN_530400,玉溪,3.0,3,3.0,0.29960272758534096,0.3001223992438708,0.0,0.05409304002884963
NSFC,CN_532800,西双版纳,12.0,12,12.0,0.19446852683412766,0.19681592935862213,0.0,0.21637216011539853
NSFC,CN_532900,大理,3.0,3,3.0,0.32898660529396045,0.33216029810408276,0.0,0.05409304002884963
NSFC,CN_540100,拉萨,5.0,5,5.0,0.34643553540009026,0.34769310417039545,0.0,0.09015506671474939
NSFC,CN_540400,林芝,4.0,4,4.0,0.34085649705014587,0.3419601204160484,0.0,0.0721240533717995
NSFC,CN_610100,Xi'an,204.0,204,204.0,0.037288157110845134,0.039921226677077114,86.23366013071895,3.678326721961775
NSFC,CN_610300,宝鸡,4.0,4,4.0,0.27291863726616894,0.2740146921963528,0.0,0.0721240533717995
NSFC,CN_610400,Yangling,36.0,36,36.0,0.10825936404370246,0.1102181679469678,0.0,0.6491164803461955
NSFC,CN_610600,延安,2.0,2,2.0,0.5244288414347604,0.5255484252691324,0.0,0.03606202668589975
NSFC,CN_620100,Lanzhou,183.0,183,183.0,0.07264161761400598,0.0772106106829928,85.79234972677595,3.2996754417598275
NSFC,CN_623000,合作,1.0,1,1.0,0.2864486900981104,0.28667844847004376,0.0,0.018031013342949875
NSFC,CN_630100,西宁,18.0,18,18.0,0.1550599960944658,0.156164085103133,0.0,0.32455824017309776
NSFC,CN_640100,银川,24.0,24,24.0,0.14902386002626605,0.1507128244272017,0.0,0.43274432023079706
NSFC,CN_650100,乌鲁木齐,86.0,86,86.0,0.06782540944935207,0.06973914313164632,55.038759689922486,1.5506671474936895
NSFC,CN_659001,石河子,9.0,9,9.0,0.37693989224458024,0.37911577340686675,0.0,0.16227912008654888
NSFC,CN_659002,阿拉尔,1.0,1,1.0,0.5658095059969034,0.5671601668885006,0.0,0.018031013342949875
NSFC,CN_810000,香港,1.0,1,1.0,0.536757664467271,0.5396321139258863,0.0,0.018031013342949875
