agency,year,n_projects,observed_target_breadth,breadth_bootstrap_ci_low,breadth_bootstrap_ci_high,pielou_evenness,evenness_bootstrap_ci_low,evenness_bootstrap_ci_high,bootstrap_resamples,target_coverage_pct,target_coverage_ci_low_pct,target_coverage_ci_high_pct,target_evenness_pct,target_evenness_ci_low_pct,target_evenness_ci_high_pct
NSF,2015,51,23,15.00000000,22.00000000,0.81526077,0.75056870,0.88859228,2000,19.00826446,12.39669421,18.18181818,81.52607743,75.05686950,88.85922842
NSF,2016,859,56,49.00000000,55.00000000,0.76970926,0.75823483,0.79540629,2000,46.28099174,40.49586777,45.45454545,76.97092609,75.82348323,79.54062908
NSF,2017,909,58,51.00000000,57.00000000,0.78815869,0.77883848,0.81126535,2000,47.93388430,42.14876033,47.10743802,78.81586903,77.88384756,81.12653476
NSF,2018,822,55,48.00000000,54.00000000,0.76270613,0.75053862,0.79081765,2000,45.45454545,39.66942149,44.62809917,76.27061336,75.05386231,79.08176479
NSF,2019,844,55,47.00000000,54.00000000,0.78323341,0.77698063,0.81465684,2000,45.45454545,38.84297521,44.62809917,78.32334105,77.69806331,81.46568361
NSF,2020,755,56,49.00000000,55.00000000,0.78659953,0.77591549,0.81360180,2000,46.28099174,40.49586777,45.45454545,78.65995276,77.59154940,81.36018000
NSF,2021,794,57,49.00000000,56.00000000,0.78080050,0.77294598,0.80963118,2000,47.10743802,40.49586777,46.28099174,78.08004998,77.29459788,80.96311816
NSF,2022,485,48,41.00000000,48.00000000,0.82606632,0.81128104,0.85634271,2000,39.66942149,33.88429752,39.66942149,82.60663205,81.12810438,85.63427110
NSF,2023,410,54,46.00000000,53.00000000,0.81706816,0.80229618,0.84620973,2000,44.62809917,38.01652893,43.80165289,81.70681622,80.22961785,84.62097274
NSF,2024,275,46,39.00000000,45.00000000,0.83301352,0.81613728,0.86718115,2000,38.01652893,32.23140496,37.19008264,83.30135182,81.61372829,86.71811510
NSF,2025,3,4,,,0.95914792,,,0,3.30578512,,,95.91479170,,
NSFC,2015,440,49,41.00000000,48.00000000,0.83405530,0.82509857,0.86320424,2000,40.49586777,33.88429752,39.66942149,83.40552970,82.50985710,86.32042356
NSFC,2016,826,56,47.00000000,54.00000000,0.82918904,0.82732184,0.85968556,2000,46.28099174,38.84297521,44.62809917,82.91890402,82.73218385,85.96855565
NSFC,2017,878,57,48.00000000,55.00000000,0.81903971,0.81615660,0.84953918,2000,47.10743802,39.66942149,45.45454545,81.90397098,81.61566007,84.95391764
NSFC,2018,933,56,48.00000000,55.00000000,0.82251972,0.81927497,0.85150940,2000,46.28099174,39.66942149,45.45454545,82.25197211,81.92749713,85.15094011
NSFC,2019,905,57,49.00000000,56.00000000,0.82817851,0.82461583,0.85664521,2000,47.10743802,40.49586777,46.28099174,82.81785138,82.46158254,85.66452121
NSFC,2020,1045,55,49.00000000,54.00000000,0.83349615,0.82806683,0.85748793,2000,45.45454545,40.49586777,44.62809917,83.34961458,82.80668333,85.74879306
NSFC,2021,505,54,45.00000000,53.00000000,0.83577602,0.82833065,0.86577713,2000,44.62809917,37.19008264,43.80165289,83.57760245,82.83306491,86.57771298
NSFC,2022,12,12,,,0.91841442,,,0,9.91735537,,,91.84144185,,
NSFC,2023,2,3,,,0.94639463,,,0,2.47933884,,,94.63946304,,
NSFC,2024,0,0,,,,,,0,0.00000000,,,,,
NSFC,2025,0,0,,,,,,0,0.00000000,,,,,
