agency,F_pct,jsd_rest_bits,location_count
NSF,0.005000000000000172,0.5583761907954691,3
NSF,0.010000000000000344,0.35120591773371557,2
NSF,0.020000000000000687,0.16731974915007194,6
NSF,0.020000000000000687,0.24692656442766678,3
NSF,0.020000000000000687,0.25859146228896535,2
NSF,0.020000000000000687,0.29819763351770734,2
NSF,0.020000000000000687,0.3506115641113762,3
NSF,0.020000000000000687,0.35142320718530207,5
NSF,0.020000000000000687,0.3584501799130753,2
NSF,0.020000000000000687,0.4298516666083545,3
NSF,0.020000000000000687,0.4731414041032137,4
NSF,0.020000000000000687,0.5590069404437725,2
NSF,0.020000000000000687,0.5764618130533048,3
NSF,0.020000000000000687,0.5773939500833701,4
NSF,0.020000000000000687,0.578067799855933,2
NSF,0.020000000000000687,0.7762069507785008,2
NSFC,0.018031013342949875,0.2433317413784445,3
NSFC,0.018031013342949875,0.2866784484700438,2
NSFC,0.018031013342949875,0.43956976771887013,2
NSFC,0.018031013342949875,0.595373723203009,2
NSFC,0.018031013342949875,0.6159280707508586,2
