path,knowledge,ring,value,theta_start,theta_end,r_bottom,r_top,marked,color_hex
N01|P01|O01,K01,NSF,14.39078256655694,0.0,0.08403437139231958,61.8,64.0,False,#c7d5e2
N01|P01|O02,K01,NSF,17.1953329500761,0.08403437139231958,0.16806874278463915,61.8,64.0,False,#c1d0de
N01|P01|O04,K01,NSF,19.85648912911908,0.16806874278463915,0.25210311417695874,61.8,64.0,False,#bcccda
N01|P01|O08,K01,NSF,28.833956957521167,0.25210311417695874,0.3361374855692783,61.8,64.0,False,#aabdce
N01|P01|O10,K01,NSF,2.3738402242986503,0.3361374855692783,0.42017185696159787,61.8,64.0,False,#dfe9f2
N01|P01|O12,K01,NSF,11.61084154863968,0.42017185696159787,0.5042062283539175,61.8,64.0,False,#cddae6
N02|P01|O01,K01,NSF,19.143037488791858,0.5042062283539175,0.588240599746237,61.8,64.0,False,#bdcddb
N02|P01|O02,K01,NSF,22.2660262063096,0.588240599746237,0.6722749711385566,61.8,64.0,False,#b7c8d7
N02|P01|O03,K01,NSF,22.004546489406092,0.6722749711385566,0.7563093425308762,61.8,64.0,False,#b8c8d8
N02|P01|O04,K01,NSF,23.55718179839937,0.7563093425308762,0.8403437139231957,61.8,64.0,False,#b4c5d5
N02|P01|O07,K01,NSF,21.98811406891744,0.8403437139231957,0.9243780853155154,61.8,64.0,False,#b8c8d8
N02|P01|O08,K01,NSF,43.68801080687949,0.9243780853155154,1.008412456707835,61.8,64.0,False,#8ca4ba
N02|P01|O12,K01,NSF,27.565365069638197,1.008412456707835,1.0924468281001545,61.8,64.0,False,#acbfd0
N03|P01|O03,K01,NSF,20.11611617219965,1.0924468281001545,1.176481199492474,61.8,64.0,False,#bccbda
N03|P01|O05,K01,NSF,9.90971846128757,1.176481199492474,1.2605155708847937,61.8,64.0,False,#d0dce8
N03|P05|O03,K01,NSF,27.320092182119172,1.2605155708847937,1.3445499422771132,61.8,64.0,False,#adbfd0
N03|P05|O05,K01,NSF,12.70536311771292,1.3445499422771132,1.4285843136694327,61.8,64.0,False,#cad8e4
N04|P02|O02,K01,NSF,38.10876280803776,1.4634908987093194,1.5475252701016389,61.8,64.0,False,#97adc2
N04|P02|O08,K01,NSF,14.306159166343498,1.5475252701016389,1.6315596414939586,61.8,64.0,False,#c7d5e2
N04|P02|O11,K01,NSF,15.1549514215132,1.6315596414939586,1.715594012886278,61.8,64.0,False,#c5d4e1
N04|P02|O12,K01,NSF,20.97221625637457,1.715594012886278,1.7996283842785976,61.8,64.0,False,#bacad9
N05|P01|O04,K01,NSF,35.44822092947941,1.7996283842785976,1.8836627556709171,61.8,64.0,False,#9db2c6
N05|P01|O08,K01,NSF,47.44007382904143,1.8836627556709171,1.9676971270632369,61.8,64.0,False,#849db5
N05|P02|O04,K01,NSF,14.34726058916063,1.9676971270632369,2.051731498455556,61.8,64.0,False,#c7d5e2
N05|P02|O08,K01,NSF,29.181749327274908,2.051731498455556,2.135765869847876,61.8,64.0,False,#a9bcce
N05|P03|O04,K01,NSF,14.58988425699734,2.135765869847876,2.2198002412401956,61.8,64.0,False,#c7d5e1
N05|P03|O08,K01,NSF,25.94816293733537,2.2198002412401956,2.303834612632515,61.8,64.0,False,#b0c1d2
N05|P03|O10,K01,NSF,19.80890970394244,2.303834612632515,2.3878689840248346,61.8,64.0,False,#bcccdb
N05|P05|O04,K01,NSF,13.804966547978509,2.3878689840248346,2.4719033554171546,61.8,64.0,False,#c8d6e3
N06|P01|O08,K01,NSF,14.02417265046179,2.4719033554171546,2.555937726809474,61.8,64.0,False,#c8d6e2
N06|P02|O08,K01,NSF,20.66494698479158,2.555937726809474,2.6399720982017936,61.8,64.0,False,#bacad9
N06|P03|O08,K01,NSF,22.6193601685159,2.6399720982017936,2.724006469594113,61.8,64.0,False,#b6c7d7
N06|P04|O08,K01,NSF,18.87983814889025,2.724006469594113,2.8080408409864326,61.8,64.0,False,#becddc
N06|P08|O08,K01,NSF,35.667134890449184,2.8080408409864326,2.892075212378752,61.8,64.0,False,#9cb1c5
N08|P04|O03,K01,NSF,20.687335122429932,2.9269817974186387,3.0110161688109582,61.8,64.0,False,#bacad9
N08|P05|O03,K01,NSF,13.35656259039408,3.0110161688109582,3.0950505402032777,61.8,64.0,False,#c9d7e3
N08|P06|O03,K01,NSF,8.45382020392084,3.0950505402032777,3.1790849115955977,61.8,64.0,False,#d3dfea
N08|P08|O03,K01,NSF,31.89880205057221,3.1790849115955977,3.263119282987917,61.8,64.0,False,#a4b7ca
N10|P01|O10,K01,NSF,13.946692701585189,3.263119282987917,3.3471536543802367,61.8,64.0,False,#c8d6e2
N10|P03|O10,K01,NSF,23.830664217539223,3.3471536543802367,3.431188025772556,61.8,64.0,False,#b4c5d5
N11|P03|O05,K01,NSF,9.347771425751809,3.466094610812443,3.5501289822047624,61.8,64.0,False,#d1dde9
N11|P05|O05,K01,NSF,6.6856833023149695,3.5501289822047624,3.634163353597082,61.8,64.0,False,#d7e2ec
N11|P07|O05,K01,NSF,6.16116781475541,3.634163353597082,3.718197724989402,61.8,64.0,False,#d8e3ed
N12|P07|O02,K01,NSF,6.66510960473475,3.718197724989402,3.8022320963817213,61.8,64.0,False,#d7e2ec
N12|P07|O03,K01,NSF,2.28740279904315,3.8022320963817213,3.886266467774041,61.8,64.0,False,#dfe9f2
N12|P07|O05,K01,NSF,11.81355340516672,3.886266467774041,3.9703008391663603,61.8,64.0,False,#ccd9e5
N12|P07|O11,K01,NSF,1.97064412542504,3.9703008391663603,4.05433521055868,61.8,64.0,False,#e0eaf2
N13|P02|O06,K01,NSF,12.68577725622173,4.05433521055868,4.138369581950999,61.8,64.0,False,#cbd8e4
N13|P03|O06,K01,NSF,4.73487640754486,4.138369581950999,4.222403953343319,61.8,64.0,False,#dbe5ef
N14|P02|O04,K01,NSF,21.72957624175564,4.257310538383205,4.341344909775525,61.8,64.0,False,#b8c9d8
N14|P02|O08,K01,NSF,21.95868540539659,4.341344909775525,4.425379281167844,61.8,64.0,False,#b8c8d8
N16|P04|O01,K01,NSF,41.23127085177357,4.425379281167844,4.509413652560164,61.8,64.0,False,#91a8be
N17|P08|O12,K01,NSF,10.56974934274686,4.54432023760005,4.628354608992369,61.8,64.0,False,#cfdbe7
N18|P08|O12,K01,NSF,2.60976387947397,4.628354608992369,4.712388980384689,61.8,64.0,False,#dfe9f2
N01|P01|O01,K01,NSFC,8.848926374118669,0.0,0.08403437139231958,59.6,61.8,False,#edd2d2
N01|P01|O02,K01,NSFC,25.82499919550442,0.08403437139231958,0.16806874278463915,59.6,61.8,False,#ddb0b0
N01|P01|O04,K01,NSFC,16.473346688572697,0.16806874278463915,0.25210311417695874,59.6,61.8,False,#e6c3c3
N01|P01|O08,K01,NSFC,27.883376967187417,0.25210311417695874,0.3361374855692783,59.6,61.8,False,#dbacac
N01|P01|O10,K01,NSFC,15.02030652544851,0.3361374855692783,0.42017185696159787,59.6,61.8,False,#e7c6c6
N01|P01|O12,K01,NSFC,2.00422921885961,0.42017185696159787,0.5042062283539175,59.6,61.8,False,#f4e0e0
N02|P01|O01,K01,NSFC,21.521137699752167,0.5042062283539175,0.588240599746237,59.6,61.8,False,#e1b9b9
N02|P01|O02,K01,NSFC,15.96374061791718,0.588240599746237,0.6722749711385566,59.6,61.8,False,#e6c4c4
N02|P01|O03,K01,NSFC,13.34396340599146,0.6722749711385566,0.7563093425308762,59.6,61.8,False,#e9c9c9
N02|P01|O04,K01,NSFC,9.508742049854071,0.7563093425308762,0.8403437139231957,59.6,61.8,False,#edd1d1
N02|P01|O07,K01,NSFC,28.9268072686087,0.8403437139231957,0.9243780853155154,59.6,61.8,False,#daaaaa
N02|P01|O08,K01,NSFC,38.628758440043846,0.9243780853155154,1.008412456707835,59.6,61.8,False,#d09696
N02|P01|O12,K01,NSFC,18.336093423151258,1.008412456707835,1.0924468281001545,59.6,61.8,False,#e4bfbf
N03|P01|O03,K01,NSFC,15.94705739499489,1.0924468281001545,1.176481199492474,59.6,61.8,False,#e6c4c4
N03|P01|O05,K01,NSFC,2.29314861091542,1.176481199492474,1.2605155708847937,59.6,61.8,False,#f4dfdf
N03|P05|O03,K01,NSFC,15.04539103003557,1.2605155708847937,1.3445499422771132,59.6,61.8,False,#e7c6c6
N03|P05|O05,K01,NSFC,13.94270695952406,1.3445499422771132,1.4285843136694327,59.6,61.8,False,#e8c8c8
N04|P02|O02,K01,NSFC,16.25201242277238,1.4634908987093194,1.5475252701016389,59.6,61.8,False,#e6c3c3
N04|P02|O08,K01,NSFC,31.842868556013592,1.5475252701016389,1.6315596414939586,59.6,61.8,False,#d7a4a4
N04|P02|O11,K01,NSFC,28.307144845916536,1.6315596414939586,1.715594012886278,59.6,61.8,False,#daabab
N04|P02|O12,K01,NSFC,49.96148916949404,1.715594012886278,1.7996283842785976,59.6,61.8,False,#c57f7f
N05|P01|O04,K01,NSFC,11.378586011694319,1.7996283842785976,1.8836627556709171,59.6,61.8,False,#ebcdcd
N05|P01|O08,K01,NSFC,29.606175761654143,1.8836627556709171,1.9676971270632369,59.6,61.8,False,#d9a8a8
N05|P02|O04,K01,NSFC,6.82969076604861,1.9676971270632369,2.051731498455556,59.6,61.8,False,#efd6d6
N05|P02|O08,K01,NSFC,30.60936485229182,2.051731498455556,2.135765869847876,59.6,61.8,False,#d8a6a6
N05|P03|O04,K01,NSFC,18.22303906854123,2.135765869847876,2.2198002412401956,59.6,61.8,False,#e4bfbf
N05|P03|O08,K01,NSFC,38.08566939193782,2.2198002412401956,2.303834612632515,59.6,61.8,False,#d19797
N05|P03|O10,K01,NSFC,34.6049289228322,2.303834612632515,2.3878689840248346,59.6,61.8,False,#d49e9e
N05|P05|O04,K01,NSFC,11.67345085522969,2.3878689840248346,2.4719033554171546,59.6,61.8,False,#ebcdcd
N06|P01|O08,K01,NSFC,16.10516388399287,2.4719033554171546,2.555937726809474,59.6,61.8,False,#e6c4c4
N06|P02|O08,K01,NSFC,16.88838381169763,2.555937726809474,2.6399720982017936,59.6,61.8,False,#e6c2c2
N06|P03|O08,K01,NSFC,31.667583203817827,2.6399720982017936,2.724006469594113,59.6,61.8,False,#d7a4a4
N06|P04|O08,K01,NSFC,15.35493457454117,2.724006469594113,2.8080408409864326,59.6,61.8,False,#e7c5c5
N06|P08|O08,K01,NSFC,26.345507962626,2.8080408409864326,2.892075212378752,59.6,61.8,False,#dcafaf
N08|P04|O03,K01,NSFC,18.211338651403718,2.9269817974186387,3.0110161688109582,59.6,61.8,False,#e4bfbf
N08|P05|O03,K01,NSFC,16.47158844563373,3.0110161688109582,3.0950505402032777,59.6,61.8,False,#e6c3c3
N08|P06|O03,K01,NSFC,14.87434572399582,3.0950505402032777,3.1790849115955977,59.6,61.8,False,#e7c6c6
N08|P08|O03,K01,NSFC,17.58370966010992,3.1790849115955977,3.263119282987917,59.6,61.8,False,#e5c0c0
N10|P01|O10,K01,NSFC,21.235530594191808,3.263119282987917,3.3471536543802367,59.6,61.8,False,#e1b9b9
N10|P03|O10,K01,NSFC,56.944448891503605,3.3471536543802367,3.431188025772556,59.6,61.8,False,#bd6d6d
N11|P03|O05,K01,NSFC,5.29670492435111,3.466094610812443,3.5501289822047624,59.6,61.8,False,#f1d9d9
N11|P05|O05,K01,NSFC,5.00282432481768,3.5501289822047624,3.634163353597082,59.6,61.8,False,#f1dada
N11|P07|O05,K01,NSFC,3.582308465497,3.634163353597082,3.718197724989402,59.6,61.8,False,#f3dddd
N12|P07|O02,K01,NSFC,2.41837289209513,3.718197724989402,3.8022320963817213,59.6,61.8,False,#f4dfdf
N12|P07|O03,K01,NSFC,1.7739750232643798,3.8022320963817213,3.886266467774041,59.6,61.8,False,#f4e0e0
N12|P07|O05,K01,NSFC,21.1139322106354,3.886266467774041,3.9703008391663603,59.6,61.8,False,#e1b9b9
N12|P07|O11,K01,NSFC,3.85395637427913,3.9703008391663603,4.05433521055868,59.6,61.8,False,#f2dcdc
N13|P02|O06,K01,NSFC,1.6713498113053697,4.05433521055868,4.138369581950999,59.6,61.8,False,#f4e1e1
N13|P03|O06,K01,NSFC,16.34229886068944,4.138369581950999,4.222403953343319,59.6,61.8,False,#e6c3c3
N14|P02|O04,K01,NSFC,12.937913910518109,4.257310538383205,4.341344909775525,59.6,61.8,False,#e9caca
N14|P02|O08,K01,NSFC,34.62968576460065,4.341344909775525,4.425379281167844,59.6,61.8,False,#d49e9e
N16|P04|O01,K01,NSFC,17.795365035218293,4.425379281167844,4.509413652560164,59.6,61.8,False,#e5c0c0
N17|P08|O12,K01,NSFC,6.54686926849368,4.54432023760005,4.628354608992369,59.6,61.8,False,#f0d7d7
N18|P08|O12,K01,NSFC,0.56023218213303,4.628354608992369,4.712388980384689,59.6,61.8,False,#f6e3e3
N01|P01|O01,K01,difference,5.54185619243827,0.0,0.08403437139231958,58.35,59.6,False,#d8dfe5
N01|P01|O02,K01,difference,-8.62966624542832,0.08403437139231958,0.16806874278463915,58.35,59.6,False,#e1cfd0
N01|P01|O04,K01,difference,3.38314244054638,0.16806874278463915,0.25210311417695874,58.35,59.6,False,#e0e5ea
N01|P01|O08,K01,difference,0.95057999033374,0.25210311417695874,0.3361374855692783,58.35,59.6,False,#e9ecef
N01|P01|O10,K01,difference,-12.64646630114985,0.3361374855692783,0.42017185696159787,58.35,59.6,False,#dcc0c1
N01|P01|O12,K01,difference,9.60661232978007,0.42017185696159787,0.5042062283539175,58.35,59.6,False,#c9d3dd
N02|P01|O01,K01,difference,-2.37810021096031,0.5042062283539175,0.588240599746237,58.35,59.6,False,#e9e6e8
N02|P01|O02,K01,difference,6.3022855883924205,0.588240599746237,0.6722749711385566,58.35,59.6,False,#d5dde4
N02|P01|O03,K01,difference,8.66058308341463,0.6722749711385566,0.7563093425308762,58.35,59.6,False,#ccd6df
N02|P01|O04,K01,difference,14.0484397485453,0.7563093425308762,0.8403437139231957,58.35,59.6,True,#b9c7d3
N02|P01|O07,K01,difference,-6.938693199691261,0.8403437139231957,0.9243780853155154,58.35,59.6,False,#e3d5d7
N02|P01|O08,K01,difference,5.05925236683563,0.9243780853155154,1.008412456707835,58.35,59.6,False,#dae1e6
N02|P01|O12,K01,difference,9.22927164648693,1.008412456707835,1.0924468281001545,58.35,59.6,False,#cad4de
N03|P01|O03,K01,difference,4.16905877720475,1.0924468281001545,1.176481199492474,58.35,59.6,False,#dde3e8
N03|P01|O05,K01,difference,7.61656985037214,1.176481199492474,1.2605155708847937,58.35,59.6,False,#d0d9e1
N03|P05|O03,K01,difference,12.2747011520836,1.2605155708847937,1.3445499422771132,58.35,59.6,False,#bfccd7
N03|P05|O05,K01,difference,-1.23734384181113,1.3445499422771132,1.4285843136694327,58.35,59.6,False,#eaeaec
N04|P02|O02,K01,difference,21.856750385265368,1.4634908987093194,1.5475252701016389,58.35,59.6,False,#9cb0c3
N04|P02|O08,K01,difference,-17.53670938967009,1.5475252701016389,1.6315596414939586,58.35,59.6,False,#d5adae
N04|P02|O11,K01,difference,-13.15219342440333,1.6315596414939586,1.715594012886278,58.35,59.6,False,#dbbebf
N04|P02|O12,K01,difference,-28.989272913119468,1.715594012886278,1.7996283842785976,58.35,59.6,False,#c68283
N05|P01|O04,K01,difference,24.06963491778509,1.7996283842785976,1.8836627556709171,58.35,59.6,True,#94aabe
N05|P01|O08,K01,difference,17.83389806738728,1.8836627556709171,1.9676971270632369,58.35,59.6,False,#abbccc
N05|P02|O04,K01,difference,7.51756982311202,1.9676971270632369,2.051731498455556,58.35,59.6,False,#d1dae1
N05|P02|O08,K01,difference,-1.42761552501691,2.051731498455556,2.135765869847876,58.35,59.6,False,#eaeaec
N05|P03|O04,K01,difference,-3.63315481154389,2.135765869847876,2.2198002412401956,58.35,59.6,False,#e7e1e3
N05|P03|O08,K01,difference,-12.13750645460245,2.2198002412401956,2.303834612632515,58.35,59.6,False,#dcc2c3
N05|P03|O10,K01,difference,-14.79601921888976,2.303834612632515,2.3878689840248346,58.35,59.6,False,#d9b8b9
N05|P05|O04,K01,difference,2.1315156927488097,2.3878689840248346,2.4719033554171546,58.35,59.6,False,#e4e9ed
N06|P01|O08,K01,difference,-2.08099123353108,2.4719033554171546,2.555937726809474,58.35,59.6,False,#e9e7e9
N06|P02|O08,K01,difference,3.77656317309394,2.555937726809474,2.6399720982017936,58.35,59.6,False,#dee4e9
N06|P03|O08,K01,difference,-9.04822303530192,2.6399720982017936,2.724006469594113,58.35,59.6,False,#e0cdcf
N06|P04|O08,K01,difference,3.5249035743490698,2.724006469594113,2.8080408409864326,58.35,59.6,False,#dfe5ea
N06|P08|O08,K01,difference,9.32162692782318,2.8080408409864326,2.892075212378752,58.35,59.6,False,#cad4dd
N08|P04|O03,K01,difference,2.4759964710262,2.9269817974186387,3.0110161688109582,58.35,59.6,False,#e3e8ec
N08|P05|O03,K01,difference,-3.11502585523964,3.0110161688109582,3.0950505402032777,58.35,59.6,False,#e8e3e5
N08|P06|O03,K01,difference,-6.420525520074979,3.0950505402032777,3.1790849115955977,58.35,59.6,False,#e4d7d9
N08|P08|O03,K01,difference,14.315092390462288,3.1790849115955977,3.263119282987917,58.35,59.6,False,#b8c6d3
N10|P01|O10,K01,difference,-7.28883789260661,3.263119282987917,3.3471536543802367,58.35,59.6,False,#e3d4d5
N10|P03|O10,K01,difference,-33.11378467396438,3.3471536543802367,3.431188025772556,58.35,59.6,True,#bf7272
N11|P03|O05,K01,difference,4.0510665014007,3.466094610812443,3.5501289822047624,58.35,59.6,False,#dde3e8
N11|P05|O05,K01,difference,1.68285897749728,3.5501289822047624,3.634163353597082,58.35,59.6,False,#e6eaee
N11|P07|O05,K01,difference,2.5788593492584,3.634163353597082,3.718197724989402,58.35,59.6,False,#e3e8ec
N12|P07|O02,K01,difference,4.24673671263961,3.718197724989402,3.8022320963817213,58.35,59.6,False,#dde3e8
N12|P07|O03,K01,difference,0.51342777577876,3.8022320963817213,3.886266467774041,58.35,59.6,False,#eaeef0
N12|P07|O05,K01,difference,-9.30037880546867,3.886266467774041,3.9703008391663603,58.35,59.6,False,#e0ccce
N12|P07|O11,K01,difference,-1.88331224885408,3.9703008391663603,4.05433521055868,58.35,59.6,False,#eae8ea
N13|P02|O06,K01,difference,11.01442744491636,4.05433521055868,4.138369581950999,58.35,59.6,True,#c4cfda
N13|P03|O06,K01,difference,-11.60742245314457,4.138369581950999,4.222403953343319,58.35,59.6,False,#ddc4c5
N14|P02|O04,K01,difference,8.79166233123752,4.257310538383205,4.341344909775525,58.35,59.6,False,#ccd6df
N14|P02|O08,K01,difference,-12.67100035920406,4.341344909775525,4.425379281167844,58.35,59.6,False,#dcc0c1
N16|P04|O01,K01,difference,23.43590581655528,4.425379281167844,4.509413652560164,58.35,59.6,False,#97acc0
N17|P08|O12,K01,difference,4.02288007425317,4.54432023760005,4.628354608992369,58.35,59.6,False,#dee4e9
N18|P08|O12,K01,difference,2.04953169734094,4.628354608992369,4.712388980384689,58.35,59.6,False,#e4e9ed
N01|P01|O01,K02,NSF,53.672744345339765,0.0,0.08403437139231958,55.3,57.5,False,#7692ac
N01|P01|O02,K02,NSF,21.011205906814688,0.08403437139231958,0.16806874278463915,55.3,57.5,False,#bacad9
N01|P01|O04,K02,NSF,43.692349438689284,0.16806874278463915,0.25210311417695874,55.3,57.5,False,#8ca4ba
N01|P01|O08,K02,NSF,48.04392330898889,0.25210311417695874,0.3361374855692783,55.3,57.5,False,#839cb5
N01|P01|O10,K02,NSF,79.01450161519257,0.3361374855692783,0.42017185696159787,55.3,57.5,False,#355e86
N01|P01|O12,K02,NSF,38.89657359844855,0.42017185696159787,0.5042062283539175,55.3,57.5,False,#95acc1
N02|P01|O01,K02,NSF,57.86634372568128,0.5042062283539175,0.588240599746237,55.3,57.5,False,#6b89a6
N02|P01|O02,K02,NSF,32.75142842561975,0.588240599746237,0.6722749711385566,55.3,57.5,False,#a2b6c9
N02|P01|O03,K02,NSF,24.69122363537035,0.6722749711385566,0.7563093425308762,55.3,57.5,False,#b2c4d4
N02|P01|O04,K02,NSF,33.03784782626693,0.7563093425308762,0.8403437139231957,55.3,57.5,False,#a1b5c9
N02|P01|O07,K02,NSF,13.43850483565727,0.8403437139231957,0.9243780853155154,55.3,57.5,False,#c9d7e3
N02|P01|O08,K02,NSF,37.29434578263195,0.9243780853155154,1.008412456707835,55.3,57.5,False,#99aec3
N02|P01|O12,K02,NSF,29.34899035224599,1.008412456707835,1.0924468281001545,55.3,57.5,False,#a9bcce
N03|P01|O03,K02,NSF,23.10835590374549,1.0924468281001545,1.176481199492474,55.3,57.5,False,#b5c6d6
N03|P01|O05,K02,NSF,0.0,1.176481199492474,1.2605155708847937,55.3,57.5,False,#e4edf5
N03|P05|O03,K02,NSF,9.3395252667121,1.2605155708847937,1.3445499422771132,55.3,57.5,False,#d1dde9
N03|P05|O05,K02,NSF,16.55271752286503,1.3445499422771132,1.4285843136694327,55.3,57.5,False,#c3d1df
N04|P02|O02,K02,NSF,47.78603367095488,1.4634908987093194,1.5475252701016389,55.3,57.5,False,#839db5
N04|P02|O08,K02,NSF,80.12369424996963,1.5475252701016389,1.6315596414939586,55.3,57.5,False,#325b84
N04|P02|O11,K02,NSF,51.645826361356406,1.6315596414939586,1.715594012886278,55.3,57.5,False,#7b96b0
N04|P02|O12,K02,NSF,57.15348772208386,1.715594012886278,1.7996283842785976,55.3,57.5,False,#6d8aa7
N05|P01|O04,K02,NSF,26.33849165294692,1.7996283842785976,1.8836627556709171,55.3,57.5,False,#afc1d2
N05|P01|O08,K02,NSF,45.39511397860468,1.8836627556709171,1.9676971270632369,55.3,57.5,False,#88a1b8
N05|P02|O04,K02,NSF,31.497616599771387,1.9676971270632369,2.051731498455556,55.3,57.5,False,#a4b8cb
N05|P02|O08,K02,NSF,53.45388351410229,2.051731498455556,2.135765869847876,55.3,57.5,False,#7692ad
N05|P03|O04,K02,NSF,24.20539173395186,2.135765869847876,2.2198002412401956,55.3,57.5,False,#b3c4d5
N05|P03|O08,K02,NSF,56.12285534002468,2.2198002412401956,2.303834612632515,55.3,57.5,False,#6f8da9
N05|P03|O10,K02,NSF,9.61211928605793,2.303834612632515,2.3878689840248346,55.3,57.5,False,#d1dde8
N05|P05|O04,K02,NSF,26.02064340537532,2.3878689840248346,2.4719033554171546,55.3,57.5,False,#afc1d2
N06|P01|O08,K02,NSF,68.17000919070783,2.4719033554171546,2.555937726809474,55.3,57.5,False,#517496
N06|P02|O08,K02,NSF,70.44104320698176,2.555937726809474,2.6399720982017936,55.3,57.5,False,#4b6f93
N06|P03|O08,K02,NSF,49.589836493567155,2.6399720982017936,2.724006469594113,55.3,57.5,False,#809ab3
N06|P04|O08,K02,NSF,56.608995166806665,2.724006469594113,2.8080408409864326,55.3,57.5,False,#6e8ca8
N06|P08|O08,K02,NSF,48.55126942125322,2.8080408409864326,2.892075212378752,55.3,57.5,False,#829bb4
N08|P04|O03,K02,NSF,8.71166540646189,2.9269817974186387,3.0110161688109582,55.3,57.5,False,#d2dee9
N08|P05|O03,K02,NSF,11.621222750269759,3.0110161688109582,3.0950505402032777,55.3,57.5,False,#cdd9e5
N08|P06|O03,K02,NSF,12.45921620764493,3.0950505402032777,3.1790849115955977,55.3,57.5,False,#cbd8e4
N08|P08|O03,K02,NSF,5.51386376062364,3.1790849115955977,3.263119282987917,55.3,57.5,False,#d9e4ee
N10|P01|O10,K02,NSF,45.19058655283392,3.263119282987917,3.3471536543802367,55.3,57.5,False,#89a1b8
N10|P03|O10,K02,NSF,21.64009678095557,3.3471536543802367,3.431188025772556,55.3,57.5,False,#b8c9d8
N11|P03|O05,K02,NSF,8.72628566514054,3.466094610812443,3.5501289822047624,55.3,57.5,False,#d2dee9
N11|P05|O05,K02,NSF,6.95237465567054,3.5501289822047624,3.634163353597082,55.3,57.5,False,#d6e1ec
N11|P07|O05,K02,NSF,10.16744318519048,3.634163353597082,3.718197724989402,55.3,57.5,False,#cfdce7
N12|P07|O02,K02,NSF,6.07363697192585,3.718197724989402,3.8022320963817213,55.3,57.5,False,#d8e3ed
N12|P07|O03,K02,NSF,10.81148723256142,3.8022320963817213,3.886266467774041,55.3,57.5,False,#cedbe7
N12|P07|O05,K02,NSF,29.80121205124386,3.886266467774041,3.9703008391663603,55.3,57.5,False,#a8bbcd
N12|P07|O11,K02,NSF,11.16294003951257,3.9703008391663603,4.05433521055868,55.3,57.5,False,#cddae6
N13|P02|O06,K02,NSF,10.9383569009689,4.05433521055868,4.138369581950999,55.3,57.5,False,#cedbe6
N13|P03|O06,K02,NSF,7.08936846090409,4.138369581950999,4.222403953343319,55.3,57.5,False,#d6e1ec
N14|P02|O04,K02,NSF,54.79449859753402,4.257310538383205,4.341344909775525,55.3,57.5,False,#738fab
N14|P02|O08,K02,NSF,49.223058872608874,4.341344909775525,4.425379281167844,55.3,57.5,False,#809ab3
N16|P04|O01,K02,NSF,58.768729148226406,4.425379281167844,4.509413652560164,55.3,57.5,False,#6987a5
N17|P08|O12,K02,NSF,60.956921091100845,4.54432023760005,4.628354608992369,55.3,57.5,False,#6383a1
N18|P08|O12,K02,NSF,50.419302881203635,4.628354608992369,4.712388980384689,55.3,57.5,False,#7e98b1
N01|P01|O01,K02,NSFC,77.66187457125288,0.0,0.08403437139231958,53.1,55.3,False,#a53939
N01|P01|O02,K02,NSFC,44.816152722783194,0.08403437139231958,0.16806874278463915,53.1,55.3,False,#ca8a8a
N01|P01|O04,K02,NSFC,31.822798059995698,0.16806874278463915,0.25210311417695874,53.1,55.3,False,#d7a4a4
N01|P01|O08,K02,NSFC,57.76944286813408,0.25210311417695874,0.3361374855692783,53.1,55.3,False,#bc6b6b
N01|P01|O10,K02,NSFC,42.69478103746914,0.3361374855692783,0.42017185696159787,53.1,55.3,False,#cc8e8e
N01|P01|O12,K02,NSFC,46.0348634932051,0.42017185696159787,0.5042062283539175,53.1,55.3,False,#c98787
N02|P01|O01,K02,NSFC,40.502461855691315,0.5042062283539175,0.588240599746237,53.1,55.3,False,#ce9292
N02|P01|O02,K02,NSFC,16.26721113512058,0.588240599746237,0.6722749711385566,53.1,55.3,False,#e6c3c3
N02|P01|O03,K02,NSFC,21.27931104136561,0.6722749711385566,0.7563093425308762,53.1,55.3,False,#e1b9b9
N02|P01|O04,K02,NSFC,31.6068036201821,0.7563093425308762,0.8403437139231957,53.1,55.3,False,#d7a4a4
N02|P01|O07,K02,NSFC,0.0,0.8403437139231957,0.9243780853155154,53.1,55.3,False,#f6e4e4
N02|P01|O08,K02,NSFC,31.784210027206562,0.9243780853155154,1.008412456707835,53.1,55.3,False,#d7a4a4
N02|P01|O12,K02,NSFC,9.56050392085551,1.008412456707835,1.0924468281001545,53.1,55.3,False,#edd1d1
N03|P01|O03,K02,NSFC,15.656035593051229,1.0924468281001545,1.176481199492474,53.1,55.3,False,#e7c4c4
N03|P01|O05,K02,NSFC,7.29454630092867,1.176481199492474,1.2605155708847937,53.1,55.3,False,#efd5d5
N03|P05|O03,K02,NSFC,26.342634598069882,1.2605155708847937,1.3445499422771132,53.1,55.3,False,#dcafaf
N03|P05|O05,K02,NSFC,2.24160477300661,1.3445499422771132,1.4285843136694327,53.1,55.3,False,#f4e0e0
N04|P02|O02,K02,NSFC,59.84530418829759,1.4634908987093194,1.5475252701016389,53.1,55.3,False,#ba6666
N04|P02|O08,K02,NSFC,54.51044169163507,1.5475252701016389,1.6315596414939586,53.1,55.3,False,#c07373
N04|P02|O11,K02,NSFC,35.17265868686613,1.6315596414939586,1.715594012886278,53.1,55.3,False,#d49d9d
N04|P02|O12,K02,NSFC,36.45406285042127,1.715594012886278,1.7996283842785976,53.1,55.3,False,#d29a9a
N05|P01|O04,K02,NSFC,44.83935746645682,1.7996283842785976,1.8836627556709171,53.1,55.3,False,#ca8989
N05|P01|O08,K02,NSFC,54.31167116614658,1.8836627556709171,1.9676971270632369,53.1,55.3,False,#c07474
N05|P02|O04,K02,NSFC,54.531145184817795,1.9676971270632369,2.051731498455556,53.1,55.3,False,#c07373
N05|P02|O08,K02,NSFC,47.23808790261161,2.051731498455556,2.135765869847876,53.1,55.3,False,#c88585
N05|P03|O04,K02,NSFC,33.04697902686813,2.135765869847876,2.2198002412401956,53.1,55.3,False,#d6a1a1
N05|P03|O08,K02,NSFC,49.06057537731916,2.2198002412401956,2.303834612632515,53.1,55.3,False,#c68181
N05|P03|O10,K02,NSFC,23.61685485918389,2.303834612632515,2.3878689840248346,53.1,55.3,False,#dfb4b4
N05|P05|O04,K02,NSFC,34.70498294296458,2.3878689840248346,2.4719033554171546,53.1,55.3,False,#d49e9e
N06|P01|O08,K02,NSFC,68.90199122669188,2.4719033554171546,2.555937726809474,53.1,55.3,False,#af4f4f
N06|P02|O08,K02,NSFC,74.95384848355576,2.555937726809474,2.6399720982017936,53.1,55.3,False,#a84040
N06|P03|O08,K02,NSFC,51.39301453054672,2.6399720982017936,2.724006469594113,53.1,55.3,False,#c37b7b
N06|P04|O08,K02,NSFC,64.74298077023154,2.724006469594113,2.8080408409864326,53.1,55.3,False,#b45a5a
N06|P08|O08,K02,NSFC,21.76314822772355,2.8080408409864326,2.892075212378752,53.1,55.3,False,#e1b8b8
N08|P04|O03,K02,NSFC,25.84597507855429,2.9269817974186387,3.0110161688109582,53.1,55.3,False,#ddb0b0
N08|P05|O03,K02,NSFC,14.927337310679109,3.0110161688109582,3.0950505402032777,53.1,55.3,False,#e7c6c6
N08|P06|O03,K02,NSFC,12.556979696049961,3.0950505402032777,3.1790849115955977,53.1,55.3,False,#eacbcb
N08|P08|O03,K02,NSFC,4.95697445513947,3.1790849115955977,3.263119282987917,53.1,55.3,False,#f1dada
N10|P01|O10,K02,NSFC,38.82037224643933,3.263119282987917,3.3471536543802367,53.1,55.3,False,#d09696
N10|P03|O10,K02,NSFC,23.30124625813042,3.3471536543802367,3.431188025772556,53.1,55.3,False,#dfb5b5
N11|P03|O05,K02,NSFC,27.04176114999762,3.466094610812443,3.5501289822047624,53.1,55.3,False,#dcaeae
N11|P05|O05,K02,NSFC,16.50403532526361,3.5501289822047624,3.634163353597082,53.1,55.3,False,#e6c3c3
N11|P07|O05,K02,NSFC,10.14559161663956,3.634163353597082,3.718197724989402,53.1,55.3,False,#ecd0d0
N12|P07|O02,K02,NSFC,30.82246102727183,3.718197724989402,3.8022320963817213,53.1,55.3,False,#d8a6a6
N12|P07|O03,K02,NSFC,27.071330169344186,3.8022320963817213,3.886266467774041,53.1,55.3,False,#dbadad
N12|P07|O05,K02,NSFC,12.3950092433087,3.886266467774041,3.9703008391663603,53.1,55.3,False,#eacbcb
N12|P07|O11,K02,NSFC,42.5894087028991,3.9703008391663603,4.05433521055868,53.1,55.3,False,#cc8e8e
N13|P02|O06,K02,NSFC,63.949702730567424,4.05433521055868,4.138369581950999,53.1,55.3,False,#b55c5c
N13|P03|O06,K02,NSFC,26.93442283672344,4.138369581950999,4.222403953343319,53.1,55.3,False,#dcaeae
N14|P02|O04,K02,NSFC,45.59215352584103,4.257310538383205,4.341344909775525,53.1,55.3,False,#c98888
N14|P02|O08,K02,NSFC,30.500645342240652,4.341344909775525,4.425379281167844,53.1,55.3,False,#d8a6a6
N16|P04|O01,K02,NSFC,78.96383917034461,4.425379281167844,4.509413652560164,53.1,55.3,False,#a33535
N17|P08|O12,K02,NSFC,45.32352807243709,4.54432023760005,4.628354608992369,53.1,55.3,False,#ca8888
N18|P08|O12,K02,NSFC,70.27976035951446,4.628354608992369,4.712388980384689,53.1,55.3,False,#ad4b4b
N01|P01|O01,K02,difference,-23.98913022591311,0.0,0.08403437139231958,51.85,53.1,False,#cd9596
N01|P01|O02,K02,difference,-23.80494681596849,0.08403437139231958,0.16806874278463915,51.85,53.1,False,#cd9697
N01|P01|O04,K02,difference,11.86955137869359,0.16806874278463915,0.25210311417695874,51.85,53.1,False,#c1cdd8
N01|P01|O08,K02,difference,-9.72551955914519,0.25210311417695874,0.3361374855692783,51.85,53.1,False,#dfcbcc
N01|P01|O10,K02,difference,36.31972057772343,0.3361374855692783,0.42017185696159787,51.85,53.1,False,#6483a2
N01|P01|O12,K02,difference,-7.13828989475655,0.42017185696159787,0.5042062283539175,51.85,53.1,False,#e3d4d6
N02|P01|O01,K02,difference,17.36388186998996,0.5042062283539175,0.588240599746237,51.85,53.1,False,#adbdcd
N02|P01|O02,K02,difference,16.48421729049917,0.588240599746237,0.6722749711385566,51.85,53.1,True,#b0c0ce
N02|P01|O03,K02,difference,3.41191259400474,0.6722749711385566,0.7563093425308762,51.85,53.1,False,#e0e5ea
N02|P01|O04,K02,difference,1.43104420608483,0.7563093425308762,0.8403437139231957,51.85,53.1,False,#e7ebee
N02|P01|O07,K02,difference,13.43850483565727,0.8403437139231957,0.9243780853155154,51.85,53.1,False,#bbc8d5
N02|P01|O08,K02,difference,5.510135755425391,0.9243780853155154,1.008412456707835,51.85,53.1,False,#d8dfe5
N02|P01|O12,K02,difference,19.78848643139047,1.008412456707835,1.0924468281001545,51.85,53.1,True,#a4b6c7
N03|P01|O03,K02,difference,7.45232031069426,1.0924468281001545,1.176481199492474,51.85,53.1,False,#d1dae1
N03|P01|O05,K02,difference,-7.29454630092867,1.176481199492474,1.2605155708847937,51.85,53.1,False,#e3d4d5
N03|P05|O03,K02,difference,-17.00310933135777,1.2605155708847937,1.3445499422771132,51.85,53.1,False,#d6b0b0
N03|P05|O05,K02,difference,14.31111274985841,1.3445499422771132,1.4285843136694327,51.85,53.1,False,#b8c6d3
N04|P02|O02,K02,difference,-12.0592705173427,1.4634908987093194,1.5475252701016389,51.85,53.1,False,#dcc2c3
N04|P02|O08,K02,difference,25.61325255833456,1.5475252701016389,1.6315596414939586,51.85,53.1,True,#8fa5bb
N04|P02|O11,K02,difference,16.47316767449027,1.6315596414939586,1.715594012886278,51.85,53.1,False,#b0c0ce
N04|P02|O12,K02,difference,20.69942487166259,1.715594012886278,1.7996283842785976,51.85,53.1,False,#a1b4c5
N05|P01|O04,K02,difference,-18.50086581350989,1.7996283842785976,1.8836627556709171,51.85,53.1,False,#d4aaab
N05|P01|O08,K02,difference,-8.91655718754189,1.8836627556709171,1.9676971270632369,51.85,53.1,False,#e0cecf
N05|P02|O04,K02,difference,-23.0335285850464,1.9676971270632369,2.051731498455556,51.85,53.1,True,#ce9999
N05|P02|O08,K02,difference,6.215795611490671,2.051731498455556,2.135765869847876,51.85,53.1,False,#d5dde4
N05|P03|O04,K02,difference,-8.84158729291627,2.135765869847876,2.2198002412401956,51.85,53.1,False,#e0cecf
N05|P03|O08,K02,difference,7.06227996270552,2.2198002412401956,2.303834612632515,51.85,53.1,False,#d2dbe2
N05|P03|O10,K02,difference,-14.00473557312596,2.303834612632515,2.3878689840248346,51.85,53.1,False,#dabbbc
N05|P05|O04,K02,difference,-8.684339537589251,2.3878689840248346,2.4719033554171546,51.85,53.1,False,#e1cfd0
N06|P01|O08,K02,difference,-0.73198203598404,2.4719033554171546,2.555937726809474,51.85,53.1,False,#ebecee
N06|P02|O08,K02,difference,-4.512805276574,2.555937726809474,2.6399720982017936,51.85,53.1,False,#e6dee0
N06|P03|O08,K02,difference,-1.80317803697956,2.6399720982017936,2.724006469594113,51.85,53.1,False,#eae8ea
N06|P04|O08,K02,difference,-8.13398560342487,2.724006469594113,2.8080408409864326,51.85,53.1,False,#e1d1d2
N06|P08|O08,K02,difference,26.78812119352967,2.8080408409864326,2.892075212378752,51.85,53.1,False,#8aa2b9
N08|P04|O03,K02,difference,-17.1343096720924,2.9269817974186387,3.0110161688109582,51.85,53.1,False,#d6afb0
N08|P05|O03,K02,difference,-3.3061145604093496,3.0110161688109582,3.0950505402032777,51.85,53.1,False,#e8e3e5
N08|P06|O03,K02,difference,-0.09776348840503,3.0950505402032777,3.1790849115955977,51.85,53.1,False,#eceff1
N08|P08|O03,K02,difference,0.55688930548416,3.1790849115955977,3.263119282987917,51.85,53.1,False,#eaedf0
N10|P01|O10,K02,difference,6.37021430639458,3.263119282987917,3.3471536543802367,51.85,53.1,False,#d5dde4
N10|P03|O10,K02,difference,-1.66114947717484,3.3471536543802367,3.431188025772556,51.85,53.1,False,#eae9eb
N11|P03|O05,K02,difference,-18.315475484857068,3.466094610812443,3.5501289822047624,51.85,53.1,False,#d4abac
N11|P05|O05,K02,difference,-9.55166066959307,3.5501289822047624,3.634163353597082,51.85,53.1,False,#e0cbcc
N11|P07|O05,K02,difference,0.02185156855091,3.634163353597082,3.718197724989402,51.85,53.1,False,#eceff1
N12|P07|O02,K02,difference,-24.74882405534597,3.718197724989402,3.8022320963817213,51.85,53.1,True,#cc9393
N12|P07|O03,K02,difference,-16.25984293678277,3.8022320963817213,3.886266467774041,51.85,53.1,False,#d7b2b3
N12|P07|O05,K02,difference,17.406202807935152,3.886266467774041,3.9703008391663603,51.85,53.1,False,#adbdcc
N12|P07|O11,K02,difference,-31.42646866338653,3.9703008391663603,4.05433521055868,51.85,53.1,True,#c27979
N13|P02|O06,K02,difference,-53.011345829598525,4.05433521055868,4.138369581950999,51.85,53.1,True,#981d1d
N13|P03|O06,K02,difference,-19.84505437581934,4.138369581950999,4.222403953343319,51.85,53.1,False,#d2a5a5
N14|P02|O04,K02,difference,9.20234507169299,4.257310538383205,4.341344909775525,51.85,53.1,False,#cad4de
N14|P02|O08,K02,difference,18.72241353036822,4.341344909775525,4.425379281167844,51.85,53.1,False,#a8b9ca
N16|P04|O01,K02,difference,-20.1951100221182,4.425379281167844,4.509413652560164,51.85,53.1,False,#d2a4a4
N17|P08|O12,K02,difference,15.63339301866375,4.54432023760005,4.628354608992369,51.85,53.1,False,#b3c2d0
N18|P08|O12,K02,difference,-19.86045747831082,4.628354608992369,4.712388980384689,51.85,53.1,False,#d2a5a5
N01|P01|O01,K03,NSF,13.47130208361908,0.0,0.08403437139231958,48.8,51.0,False,#c9d7e3
N01|P01|O02,K03,NSF,39.38494159545863,0.08403437139231958,0.16806874278463915,48.8,51.0,False,#94abc0
N01|P01|O04,K03,NSF,24.835380273050138,0.16806874278463915,0.25210311417695874,48.8,51.0,False,#b2c3d4
N01|P01|O08,K03,NSF,17.40757519531973,0.25210311417695874,0.3361374855692783,48.8,51.0,False,#c1d0de
N01|P01|O10,K03,NSF,10.94234807960645,0.3361374855692783,0.42017185696159787,48.8,51.0,False,#cedbe6
N01|P01|O12,K03,NSF,25.321510612769288,0.42017185696159787,0.5042062283539175,48.8,51.0,False,#b1c2d3
N02|P01|O01,K03,NSF,7.757177355718089,0.5042062283539175,0.588240599746237,48.8,51.0,False,#d4e0eb
N02|P01|O02,K03,NSF,16.01967764493121,0.588240599746237,0.6722749711385566,48.8,51.0,False,#c4d2e0
N02|P01|O03,K03,NSF,28.41008793722175,0.6722749711385566,0.7563093425308762,48.8,51.0,False,#abbdcf
N02|P01|O04,K03,NSF,33.64495613209331,0.7563093425308762,0.8403437139231957,48.8,51.0,False,#a0b5c8
N02|P01|O07,K03,NSF,18.61167337105157,0.8403437139231957,0.9243780853155154,48.8,51.0,False,#becedc
N02|P01|O08,K03,NSF,9.283454264696891,0.9243780853155154,1.008412456707835,48.8,51.0,False,#d1dde9
N02|P01|O12,K03,NSF,16.64300207646764,1.008412456707835,1.0924468281001545,48.8,51.0,False,#c2d1df
N03|P01|O03,K03,NSF,19.46168383035647,1.0924468281001545,1.176481199492474,48.8,51.0,False,#bdccdb
N03|P01|O05,K03,NSF,27.18501823290173,1.176481199492474,1.2605155708847937,48.8,51.0,False,#adbfd1
N03|P05|O03,K03,NSF,10.81921651084594,1.2605155708847937,1.3445499422771132,48.8,51.0,False,#cedbe7
N03|P05|O05,K03,NSF,9.843098007511369,1.3445499422771132,1.4285843136694327,48.8,51.0,False,#d0dde8
N04|P02|O02,K03,NSF,1.57265140501623,1.4634908987093194,1.5475252701016389,48.8,51.0,False,#e1eaf3
N04|P02|O08,K03,NSF,3.98663091734359,1.5475252701016389,1.6315596414939586,48.8,51.0,False,#dce6f0
N04|P02|O11,K03,NSF,0.0,1.6315596414939586,1.715594012886278,48.8,51.0,False,#e4edf5
N04|P02|O12,K03,NSF,3.59452227198769,1.715594012886278,1.7996283842785976,48.8,51.0,False,#dde7f0
N05|P01|O04,K03,NSF,19.29335417352341,1.7996283842785976,1.8836627556709171,48.8,51.0,False,#bdcddb
N05|P01|O08,K03,NSF,6.19376398890946,1.8836627556709171,1.9676971270632369,48.8,51.0,False,#d8e3ed
N05|P02|O04,K03,NSF,2.93278747669875,1.9676971270632369,2.051731498455556,48.8,51.0,False,#dee8f1
N05|P02|O08,K03,NSF,7.387861970150721,2.051731498455556,2.135765869847876,48.8,51.0,False,#d5e1eb
N05|P03|O04,K03,NSF,17.1014915073289,2.135765869847876,2.2198002412401956,48.8,51.0,False,#c1d0de
N05|P03|O08,K03,NSF,6.29093077506374,2.2198002412401956,2.303834612632515,48.8,51.0,False,#d7e2ed
N05|P03|O10,K03,NSF,11.95251786944839,2.303834612632515,2.3878689840248346,48.8,51.0,False,#ccd9e5
N05|P05|O04,K03,NSF,4.48777885130486,2.3878689840248346,2.4719033554171546,48.8,51.0,False,#dbe6ef
N06|P01|O08,K03,NSF,16.01956063069488,2.4719033554171546,2.555937726809474,48.8,51.0,False,#c4d2e0
N06|P02|O08,K03,NSF,4.11303004829076,2.555937726809474,2.6399720982017936,48.8,51.0,False,#dce6ef
N06|P03|O08,K03,NSF,9.146230191554041,2.6399720982017936,2.724006469594113,48.8,51.0,False,#d2dee9
N06|P04|O08,K03,NSF,17.707257262710012,2.724006469594113,2.8080408409864326,48.8,51.0,False,#c0cfdd
N06|P08|O08,K03,NSF,2.04359520455914,2.8080408409864326,2.892075212378752,48.8,51.0,False,#e0eaf2
N08|P04|O03,K03,NSF,0.0,2.9269817974186387,3.0110161688109582,48.8,51.0,False,#e4edf5
N08|P05|O03,K03,NSF,6.82534282815007,3.0110161688109582,3.0950505402032777,48.8,51.0,False,#d6e2ec
N08|P06|O03,K03,NSF,0.9705285735108,3.0950505402032777,3.1790849115955977,48.8,51.0,False,#e2ecf4
N08|P08|O03,K03,NSF,0.0,3.1790849115955977,3.263119282987917,48.8,51.0,False,#e4edf5
N10|P01|O10,K03,NSF,20.15319990371579,3.263119282987917,3.3471536543802367,48.8,51.0,False,#bbcbda
N10|P03|O10,K03,NSF,7.56304118467255,3.3471536543802367,3.431188025772556,48.8,51.0,False,#d5e0eb
N11|P03|O05,K03,NSF,4.91030047942644,3.466094610812443,3.5501289822047624,48.8,51.0,False,#dae5ee
N11|P05|O05,K03,NSF,4.73069502160052,3.5501289822047624,3.634163353597082,48.8,51.0,False,#dbe5ef
N11|P07|O05,K03,NSF,6.31152081399256,3.634163353597082,3.718197724989402,48.8,51.0,False,#d7e2ed
N12|P07|O02,K03,NSF,6.238537092261421,3.718197724989402,3.8022320963817213,48.8,51.0,False,#d8e3ed
N12|P07|O03,K03,NSF,16.64563338676324,3.8022320963817213,3.886266467774041,48.8,51.0,False,#c2d1df
N12|P07|O05,K03,NSF,8.807227660855919,3.886266467774041,3.9703008391663603,48.8,51.0,False,#d2dee9
N12|P07|O11,K03,NSF,2.49520342229528,3.9703008391663603,4.05433521055868,48.8,51.0,False,#dfe9f2
N13|P02|O06,K03,NSF,1.60002400230317,4.05433521055868,4.138369581950999,48.8,51.0,False,#e1eaf3
N13|P03|O06,K03,NSF,0.0,4.138369581950999,4.222403953343319,48.8,51.0,False,#e4edf5
N14|P02|O04,K03,NSF,3.54979742961675,4.257310538383205,4.341344909775525,48.8,51.0,False,#dde7f0
N14|P02|O08,K03,NSF,14.163662499668838,4.341344909775525,4.425379281167844,48.8,51.0,False,#c7d5e2
N16|P04|O01,K03,NSF,0.0,4.425379281167844,4.509413652560164,48.8,51.0,False,#e4edf5
N17|P08|O12,K03,NSF,1.6537363044002398,4.54432023760005,4.628354608992369,48.8,51.0,False,#e1eaf3
N18|P08|O12,K03,NSF,6.8521716283363805,4.628354608992369,4.712388980384689,48.8,51.0,False,#d6e2ec
N01|P01|O01,K03,NSFC,13.48919905462847,0.0,0.08403437139231958,46.6,48.8,False,#e9c9c9
N01|P01|O02,K03,NSFC,14.439250964854539,0.08403437139231958,0.16806874278463915,46.6,48.8,False,#e8c7c7
N01|P01|O04,K03,NSFC,39.33093002100661,0.16806874278463915,0.25210311417695874,46.6,48.8,False,#cf9595
N01|P01|O08,K03,NSFC,9.16358291696986,0.25210311417695874,0.3361374855692783,46.6,48.8,False,#edd2d2
N01|P01|O10,K03,NSFC,33.09161869185322,0.3361374855692783,0.42017185696159787,46.6,48.8,False,#d6a1a1
N01|P01|O12,K03,NSFC,33.4123436304086,0.42017185696159787,0.5042062283539175,46.6,48.8,False,#d5a0a0
N02|P01|O01,K03,NSFC,28.88805822694097,0.5042062283539175,0.588240599746237,46.6,48.8,False,#daaaaa
N02|P01|O02,K03,NSFC,34.21018932373513,0.588240599746237,0.6722749711385566,46.6,48.8,False,#d49f9f
N02|P01|O03,K03,NSFC,45.15377207140117,0.6722749711385566,0.7563093425308762,46.6,48.8,False,#ca8989
N02|P01|O04,K03,NSFC,45.47964627322118,0.7563093425308762,0.8403437139231957,46.6,48.8,False,#c98888
N02|P01|O07,K03,NSFC,11.44865625004676,0.8403437139231957,0.9243780853155154,46.6,48.8,False,#ebcdcd
N02|P01|O08,K03,NSFC,27.173861857782178,0.9243780853155154,1.008412456707835,46.6,48.8,False,#dbadad
N02|P01|O12,K03,NSFC,46.37654932088257,1.008412456707835,1.0924468281001545,46.6,48.8,False,#c98686
N03|P01|O03,K03,NSFC,23.852105866229138,1.0924468281001545,1.176481199492474,46.6,48.8,False,#dfb4b4
N03|P01|O05,K03,NSFC,28.99343050113663,1.176481199492474,1.2605155708847937,46.6,48.8,False,#daaaaa
N03|P05|O03,K03,NSFC,10.5589923949573,1.2605155708847937,1.3445499422771132,46.6,48.8,False,#eccfcf
N03|P05|O05,K03,NSFC,8.13568382891797,1.3445499422771132,1.4285843136694327,46.6,48.8,False,#eed4d4
N04|P02|O02,K03,NSFC,0.0,1.4634908987093194,1.5475252701016389,46.6,48.8,False,#f6e4e4
N04|P02|O08,K03,NSFC,6.92209644668537,1.5475252701016389,1.6315596414939586,46.6,48.8,False,#efd6d6
N04|P02|O11,K03,NSFC,2.1205151354725698,1.6315596414939586,1.715594012886278,46.6,48.8,False,#f4e0e0
N04|P02|O12,K03,NSFC,7.30517085968817,1.715594012886278,1.7996283842785976,46.6,48.8,False,#efd5d5
N05|P01|O04,K03,NSFC,25.792193357284347,1.7996283842785976,1.8836627556709171,46.6,48.8,False,#ddb0b0
N05|P01|O08,K03,NSFC,14.93697765130472,1.8836627556709171,1.9676971270632369,46.6,48.8,False,#e7c6c6
N05|P02|O04,K03,NSFC,4.9902115743042295,1.9676971270632369,2.051731498455556,46.6,48.8,False,#f1dada
N05|P02|O08,K03,NSFC,9.648785644999961,2.051731498455556,2.135765869847876,46.6,48.8,False,#edd1d1
N05|P03|O04,K03,NSFC,18.38815047636372,2.135765869847876,2.2198002412401956,46.6,48.8,False,#e4bfbf
N05|P03|O08,K03,NSFC,7.03513626214992,2.2198002412401956,2.303834612632515,46.6,48.8,False,#efd6d6
N05|P03|O10,K03,NSFC,8.50743396060579,2.303834612632515,2.3878689840248346,46.6,48.8,False,#eed3d3
N05|P05|O04,K03,NSFC,4.51046732146672,2.3878689840248346,2.4719033554171546,46.6,48.8,False,#f2dbdb
N06|P01|O08,K03,NSFC,13.18702931419975,2.4719033554171546,2.555937726809474,46.6,48.8,False,#e9c9c9
N06|P02|O08,K03,NSFC,5.40513001614484,2.555937726809474,2.6399720982017936,46.6,48.8,False,#f1d9d9
N06|P03|O08,K03,NSFC,5.79471236681673,2.6399720982017936,2.724006469594113,46.6,48.8,False,#f0d8d8
N06|P04|O08,K03,NSFC,7.678099217554191,2.724006469594113,2.8080408409864326,46.6,48.8,False,#efd5d5
N06|P08|O08,K03,NSFC,6.46391718808887,2.8080408409864326,2.892075212378752,46.6,48.8,False,#f0d7d7
N08|P04|O03,K03,NSFC,24.85961562147817,2.9269817974186387,3.0110161688109582,46.6,48.8,False,#deb2b2
N08|P05|O03,K03,NSFC,18.76286599828493,3.0110161688109582,3.0950505402032777,46.6,48.8,False,#e4bebe
N08|P06|O03,K03,NSFC,18.4017855844024,3.0950505402032777,3.1790849115955977,46.6,48.8,False,#e4bfbf
N08|P08|O03,K03,NSFC,6.92672959990769,3.1790849115955977,3.263119282987917,46.6,48.8,False,#efd6d6
N10|P01|O10,K03,NSFC,29.23321413270836,3.263119282987917,3.3471536543802367,46.6,48.8,False,#d9a9a9
N10|P03|O10,K03,NSFC,1.3534816587462002,3.3471536543802367,3.431188025772556,46.6,48.8,False,#f5e1e1
N11|P03|O05,K03,NSFC,10.789309362944561,3.466094610812443,3.5501289822047624,46.6,48.8,False,#ebcece
N11|P05|O05,K03,NSFC,10.83157805770143,3.5501289822047624,3.634163353597082,46.6,48.8,False,#ebcece
N11|P07|O05,K03,NSFC,2.42688452218938,3.634163353597082,3.718197724989402,46.6,48.8,False,#f4dfdf
N12|P07|O02,K03,NSFC,2.68014006564953,3.718197724989402,3.8022320963817213,46.6,48.8,False,#f3dfdf
N12|P07|O03,K03,NSFC,0.0,3.8022320963817213,3.886266467774041,46.6,48.8,False,#f6e4e4
N12|P07|O05,K03,NSFC,22.17358333558073,3.886266467774041,3.9703008391663603,46.6,48.8,False,#e0b7b7
N12|P07|O11,K03,NSFC,5.41905254981022,3.9703008391663603,4.05433521055868,46.6,48.8,False,#f1d9d9
N13|P02|O06,K03,NSFC,0.44989805702576,4.05433521055868,4.138369581950999,46.6,48.8,False,#f6e3e3
N13|P03|O06,K03,NSFC,31.03702512702658,4.138369581950999,4.222403953343319,46.6,48.8,False,#d8a5a5
N14|P02|O04,K03,NSFC,34.69784049671523,4.257310538383205,4.341344909775525,46.6,48.8,False,#d49e9e
N14|P02|O08,K03,NSFC,26.1689932068078,4.341344909775525,4.425379281167844,46.6,48.8,False,#dcafaf
N16|P04|O01,K03,NSFC,0.0,4.425379281167844,4.509413652560164,46.6,48.8,False,#f6e4e4
N17|P08|O12,K03,NSFC,3.11816890978523,4.54432023760005,4.628354608992369,46.6,48.8,False,#f3dede
N18|P08|O12,K03,NSFC,0.0,4.628354608992369,4.712388980384689,46.6,48.8,False,#f6e4e4
N01|P01|O01,K03,difference,-0.01789697100939,0.0,0.08403437139231958,45.35,46.6,False,#eceff1
N01|P01|O02,K03,difference,24.94569063060409,0.08403437139231958,0.16806874278463915,45.35,46.6,True,#91a7bd
N01|P01|O04,K03,difference,-14.49554974795647,0.16806874278463915,0.25210311417695874,45.35,46.6,False,#d9b9ba
N01|P01|O08,K03,difference,8.24399227834987,0.25210311417695874,0.3361374855692783,45.35,46.6,True,#ced7e0
N01|P01|O10,K03,difference,-22.14927061224677,0.3361374855692783,0.42017185696159787,45.35,46.6,False,#cf9c9d
N01|P01|O12,K03,difference,-8.090833017639309,0.42017185696159787,0.5042062283539175,45.35,46.6,False,#e1d1d2
N02|P01|O01,K03,difference,-21.13088087122288,0.5042062283539175,0.588240599746237,45.35,46.6,True,#d1a0a1
N02|P01|O02,K03,difference,-18.19051167880392,0.588240599746237,0.6722749711385566,45.35,46.6,True,#d4abac
N02|P01|O03,K03,difference,-16.74368413417941,0.6722749711385566,0.7563093425308762,45.35,46.6,False,#d6b0b1
N02|P01|O04,K03,difference,-11.83469014112786,0.7563093425308762,0.8403437139231957,45.35,46.6,False,#ddc3c4
N02|P01|O07,K03,difference,7.1630171210048,0.8403437139231957,0.9243780853155154,45.35,46.6,False,#d2dbe2
N02|P01|O08,K03,difference,-17.890407593085282,0.9243780853155154,1.008412456707835,45.35,46.6,True,#d5acad
N02|P01|O12,K03,difference,-29.733547244414936,1.008412456707835,1.0924468281001545,45.35,46.6,True,#c58080
N03|P01|O03,K03,difference,-4.39042203587267,1.0924468281001545,1.176481199492474,45.35,46.6,False,#e6dee0
N03|P01|O05,K03,difference,-1.8084122682349,1.176481199492474,1.2605155708847937,45.35,46.6,False,#eae8ea
N03|P05|O03,K03,difference,0.26022411588864,1.2605155708847937,1.3445499422771132,45.35,46.6,False,#ebeef1
N03|P05|O05,K03,difference,1.7074141785934,1.3445499422771132,1.4285843136694327,45.35,46.6,False,#e6eaed
N04|P02|O02,K03,difference,1.57265140501623,1.4634908987093194,1.5475252701016389,45.35,46.6,False,#e6ebee
N04|P02|O08,K03,difference,-2.93546552934177,1.5475252701016389,1.6315596414939586,45.35,46.6,False,#e8e4e6
N04|P02|O11,K03,difference,-2.1205151354725698,1.6315596414939586,1.715594012886278,45.35,46.6,False,#e9e7e9
N04|P02|O12,K03,difference,-3.71064858770048,1.715594012886278,1.7996283842785976,45.35,46.6,False,#e7e1e3
N05|P01|O04,K03,difference,-6.498839183760929,1.7996283842785976,1.8836627556709171,45.35,46.6,False,#e3d6d8
N05|P01|O08,K03,difference,-8.743213662395249,1.8836627556709171,1.9676971270632369,45.35,46.6,False,#e1ced0
N05|P02|O04,K03,difference,-2.05742409760548,1.9676971270632369,2.051731498455556,45.35,46.6,False,#e9e7e9
N05|P02|O08,K03,difference,-2.26092367484924,2.051731498455556,2.135765869847876,45.35,46.6,False,#e9e7e9
N05|P03|O04,K03,difference,-1.28665896903481,2.135765869847876,2.2198002412401956,45.35,46.6,False,#eaeaec
N05|P03|O08,K03,difference,-0.7442054870861801,2.2198002412401956,2.303834612632515,45.35,46.6,False,#ebecee
N05|P03|O10,K03,difference,3.4450839088426,2.303834612632515,2.3878689840248346,45.35,46.6,False,#e0e5ea
N05|P05|O04,K03,difference,-0.02268847016186,2.3878689840248346,2.4719033554171546,45.35,46.6,False,#eceff1
N06|P01|O08,K03,difference,2.83253131649513,2.4719033554171546,2.555937726809474,45.35,46.6,False,#e2e7eb
N06|P02|O08,K03,difference,-1.29209996785408,2.555937726809474,2.6399720982017936,45.35,46.6,False,#eaeaec
N06|P03|O08,K03,difference,3.35151782473731,2.6399720982017936,2.724006469594113,45.35,46.6,False,#e0e5ea
N06|P04|O08,K03,difference,10.02915804515581,2.724006469594113,2.8080408409864326,45.35,46.6,False,#c7d2dc
N06|P08|O08,K03,difference,-4.42032198352973,2.8080408409864326,2.892075212378752,45.35,46.6,False,#e6dee0
N08|P04|O03,K03,difference,-24.85961562147817,2.9269817974186387,3.0110161688109582,45.35,46.6,True,#cc9293
N08|P05|O03,K03,difference,-11.93752317013486,3.0110161688109582,3.0950505402032777,45.35,46.6,False,#dcc2c4
N08|P06|O03,K03,difference,-17.4312570108916,3.0950505402032777,3.1790849115955977,45.35,46.6,True,#d5aeaf
N08|P08|O03,K03,difference,-6.92672959990769,3.1790849115955977,3.263119282987917,45.35,46.6,False,#e3d5d7
N10|P01|O10,K03,difference,-9.08001422899257,3.263119282987917,3.3471536543802367,45.35,46.6,False,#e0cdce
N10|P03|O10,K03,difference,6.20955952592635,3.3471536543802367,3.431188025772556,45.35,46.6,False,#d5dde4
N11|P03|O05,K03,difference,-5.87900888351811,3.466094610812443,3.5501289822047624,45.35,46.6,False,#e4d9db
N11|P05|O05,K03,difference,-6.100883036100909,3.5501289822047624,3.634163353597082,45.35,46.6,False,#e4d8da
N11|P07|O05,K03,difference,3.88463629180317,3.634163353597082,3.718197724989402,45.35,46.6,False,#dee4e9
N12|P07|O02,K03,difference,3.55839702661189,3.718197724989402,3.8022320963817213,45.35,46.6,False,#dfe5ea
N12|P07|O03,K03,difference,16.64563338676324,3.8022320963817213,3.886266467774041,45.35,46.6,False,#b0bfce
N12|P07|O05,K03,difference,-13.3663556747248,3.886266467774041,3.9703008391663603,45.35,46.6,False,#dbbdbe
N12|P07|O11,K03,difference,-2.92384912751494,3.9703008391663603,4.05433521055868,45.35,46.6,False,#e8e4e6
N13|P02|O06,K03,difference,1.1501259452774,4.05433521055868,4.138369581950999,45.35,46.6,False,#e8ecef
N13|P03|O06,K03,difference,-31.03702512702658,4.138369581950999,4.222403953343319,45.35,46.6,False,#c37b7b
N14|P02|O04,K03,difference,-31.14804306709848,4.257310538383205,4.341344909775525,45.35,46.6,True,#c37a7a
N14|P02|O08,K03,difference,-12.00533070713895,4.341344909775525,4.425379281167844,45.35,46.6,False,#dcc2c3
N16|P04|O01,K03,difference,0.0,4.425379281167844,4.509413652560164,45.35,46.6,False,#eceff1
N17|P08|O12,K03,difference,-1.46443260538498,4.54432023760005,4.628354608992369,45.35,46.6,False,#eae9eb
N18|P08|O12,K03,difference,6.8521716283363805,4.628354608992369,4.712388980384689,45.35,46.6,False,#d3dbe2
N01|P01|O01,K04,NSF,4.38826363245387,0.0,0.08403437139231958,42.3,44.5,False,#dbe6ef
N01|P01|O02,K04,NSF,9.34549816909078,0.08403437139231958,0.16806874278463915,42.3,44.5,False,#d1dde9
N01|P01|O04,K04,NSF,2.59423072927448,0.16806874278463915,0.25210311417695874,42.3,44.5,False,#dfe9f2
N01|P01|O08,K04,NSF,2.64119608398388,0.25210311417695874,0.3361374855692783,42.3,44.5,False,#dfe9f1
N01|P01|O10,K04,NSF,6.84387622519798,0.3361374855692783,0.42017185696159787,42.3,44.5,False,#d6e2ec
N01|P01|O12,K04,NSF,2.03458636639987,0.42017185696159787,0.5042062283539175,42.3,44.5,False,#e0eaf2
N02|P01|O01,K04,NSF,8.00390536226959,0.5042062283539175,0.588240599746237,42.3,44.5,False,#d4e0ea
N02|P01|O02,K04,NSF,27.51164875894043,0.588240599746237,0.6722749711385566,42.3,44.5,False,#adbfd0
N02|P01|O03,K04,NSF,18.48270652232754,0.6722749711385566,0.7563093425308762,42.3,44.5,False,#bfcedc
N02|P01|O04,K04,NSF,7.10363343815002,0.7563093425308762,0.8403437139231957,42.3,44.5,False,#d6e1ec
N02|P01|O07,K04,NSF,33.70744197966113,0.8403437139231957,0.9243780853155154,42.3,44.5,False,#a0b4c8
N02|P01|O08,K04,NSF,5.49017728497326,0.9243780853155154,1.008412456707835,42.3,44.5,False,#d9e4ee
N02|P01|O12,K04,NSF,10.36748268476107,1.008412456707835,1.0924468281001545,42.3,44.5,False,#cfdce7
N03|P01|O03,K04,NSF,16.44619247948252,1.0924468281001545,1.176481199492474,42.3,44.5,False,#c3d1df
N03|P01|O05,K04,NSF,46.34827623595218,1.176481199492474,1.2605155708847937,42.3,44.5,False,#869fb7
N03|P05|O03,K04,NSF,42.80588336070305,1.2605155708847937,1.3445499422771132,42.3,44.5,False,#8ea5bc
N03|P05|O05,K04,NSF,57.14784452554412,1.3445499422771132,1.4285843136694327,42.3,44.5,False,#6d8aa7
N04|P02|O02,K04,NSF,12.53255211599117,1.4634908987093194,1.5475252701016389,42.3,44.5,False,#cbd8e4
N04|P02|O08,K04,NSF,1.33890968788406,1.5475252701016389,1.6315596414939586,42.3,44.5,False,#e1ebf3
N04|P02|O11,K04,NSF,26.08240234259241,1.6315596414939586,1.715594012886278,42.3,44.5,False,#afc1d2
N04|P02|O12,K04,NSF,13.24560534584697,1.715594012886278,1.7996283842785976,42.3,44.5,False,#c9d7e3
N05|P01|O04,K04,NSF,9.675974779566621,1.7996283842785976,1.8836627556709171,42.3,44.5,False,#d0dde8
N05|P01|O08,K04,NSF,0.97104820344439,1.8836627556709171,1.9676971270632369,42.3,44.5,False,#e2ecf4
N05|P02|O04,K04,NSF,48.02011930936868,1.9676971270632369,2.051731498455556,42.3,44.5,False,#839cb5
N05|P02|O08,K04,NSF,6.02848011062866,2.051731498455556,2.135765869847876,42.3,44.5,False,#d8e3ed
N05|P03|O04,K04,NSF,33.386436054286186,2.135765869847876,2.2198002412401956,42.3,44.5,False,#a1b5c8
N05|P03|O08,K04,NSF,8.81743540692219,2.2198002412401956,2.303834612632515,42.3,44.5,False,#d2dee9
N05|P03|O10,K04,NSF,45.725499010593204,2.303834612632515,2.3878689840248346,42.3,44.5,False,#88a0b8
N05|P05|O04,K04,NSF,43.1102397853972,2.3878689840248346,2.4719033554171546,42.3,44.5,False,#8da5bb
N06|P01|O08,K04,NSF,1.12726879253947,2.4719033554171546,2.555937726809474,42.3,44.5,False,#e2ebf4
N06|P02|O08,K04,NSF,1.80486557152421,2.555937726809474,2.6399720982017936,42.3,44.5,False,#e0eaf3
N06|P03|O08,K04,NSF,12.546458316999102,2.6399720982017936,2.724006469594113,42.3,44.5,False,#cbd8e4
N06|P04|O08,K04,NSF,4.50783410100075,2.724006469594113,2.8080408409864326,42.3,44.5,False,#dbe5ef
N06|P08|O08,K04,NSF,0.0,2.8080408409864326,2.892075212378752,42.3,44.5,False,#e4edf5
N08|P04|O03,K04,NSF,65.98666890548894,2.9269817974186387,3.0110161688109582,42.3,44.5,False,#56789a
N08|P05|O03,K04,NSF,63.133994239528825,3.0110161688109582,3.0950505402032777,42.3,44.5,False,#5e7e9e
N08|P06|O03,K04,NSF,55.87165543345334,3.0950505402032777,3.1790849115955977,42.3,44.5,False,#708da9
N08|P08|O03,K04,NSF,37.537311448007635,3.1790849115955977,3.263119282987917,42.3,44.5,False,#98aec3
N10|P01|O10,K04,NSF,8.560986620851189,3.263119282987917,3.3471536543802367,42.3,44.5,False,#d3dfea
N10|P03|O10,K04,NSF,28.91915091791091,3.3471536543802367,3.431188025772556,42.3,44.5,False,#aabcce
N11|P03|O05,K04,NSF,71.94696626851726,3.466094610812443,3.5501289822047624,42.3,44.5,False,#476c91
N11|P05|O05,K04,NSF,74.22910338968028,3.5501289822047624,3.634163353597082,42.3,44.5,False,#41678d
N11|P07|O05,K04,NSF,73.436981120273,3.634163353597082,3.718197724989402,42.3,44.5,False,#44698e
N12|P07|O02,K04,NSF,73.82056715536967,3.718197724989402,3.8022320963817213,42.3,44.5,False,#43688e
N12|P07|O03,K04,NSF,63.22847176842797,3.8022320963817213,3.886266467774041,42.3,44.5,False,#5d7e9e
N12|P07|O05,K04,NSF,40.69908195805756,3.886266467774041,3.9703008391663603,42.3,44.5,False,#92a9bf
N12|P07|O11,K04,NSF,70.83608288352966,3.9703008391663603,4.05433521055868,42.3,44.5,False,#4a6e92
N13|P02|O06,K04,NSF,70.9779667070289,4.05433521055868,4.138369581950999,42.3,44.5,False,#4a6e92
N13|P03|O06,K04,NSF,75.00531387981054,4.138369581950999,4.222403953343319,42.3,44.5,False,#3f668c
N14|P02|O04,K04,NSF,14.69080373243106,4.257310538383205,4.341344909775525,42.3,44.5,False,#c6d4e1
N14|P02|O08,K04,NSF,14.18185854054851,4.341344909775525,4.425379281167844,42.3,44.5,False,#c7d5e2
N16|P04|O01,K04,NSF,0.0,4.425379281167844,4.509413652560164,42.3,44.5,False,#e4edf5
N17|P08|O12,K04,NSF,5.00696563692561,4.54432023760005,4.628354608992369,42.3,44.5,False,#dae5ee
N18|P08|O12,K04,NSF,4.626702367130759,4.628354608992369,4.712388980384689,42.3,44.5,False,#dbe5ef
N01|P01|O01,K04,NSFC,0.0,0.0,0.08403437139231958,40.1,42.3,False,#f6e4e4
N01|P01|O02,K04,NSFC,5.50898561859269,0.08403437139231958,0.16806874278463915,40.1,42.3,False,#f1d9d9
N01|P01|O04,K04,NSFC,3.07760165981402,0.16806874278463915,0.25210311417695874,40.1,42.3,False,#f3dede
N01|P01|O08,K04,NSFC,3.7329538363365797,0.25210311417695874,0.3361374855692783,40.1,42.3,False,#f2dcdc
N01|P01|O10,K04,NSFC,9.193293745229129,0.3361374855692783,0.42017185696159787,40.1,42.3,False,#edd1d1
N01|P01|O12,K04,NSFC,7.0493768742481,0.42017185696159787,0.5042062283539175,40.1,42.3,False,#efd6d6
N02|P01|O01,K04,NSFC,0.0,0.5042062283539175,0.588240599746237,40.1,42.3,False,#f6e4e4
N02|P01|O02,K04,NSFC,31.095434093535403,0.588240599746237,0.6722749711385566,40.1,42.3,False,#d8a5a5
N02|P01|O03,K04,NSFC,20.222953481241728,0.6722749711385566,0.7563093425308762,40.1,42.3,False,#e2bbbb
N02|P01|O04,K04,NSFC,8.70720132727055,0.7563093425308762,0.8403437139231957,40.1,42.3,False,#edd2d2
N02|P01|O07,K04,NSFC,42.7220838890307,0.8403437139231957,0.9243780853155154,40.1,42.3,False,#cc8e8e
N02|P01|O08,K04,NSFC,1.98316629855898,0.9243780853155154,1.008412456707835,40.1,42.3,False,#f4e0e0
N02|P01|O12,K04,NSFC,13.49417236103758,1.008412456707835,1.0924468281001545,40.1,42.3,False,#e9c9c9
N03|P01|O03,K04,NSFC,42.5811818731552,1.0924468281001545,1.176481199492474,40.1,42.3,False,#cc8e8e
N03|P01|O05,K04,NSFC,58.72458823958697,1.176481199492474,1.2605155708847937,40.1,42.3,False,#bb6969
N03|P05|O03,K04,NSFC,44.9492881914811,1.2605155708847937,1.3445499422771132,40.1,42.3,False,#ca8989
N03|P05|O05,K04,NSFC,75.68000443855135,1.3445499422771132,1.4285843136694327,40.1,42.3,False,#a73e3e
N04|P02|O02,K04,NSFC,9.16811760465035,1.4634908987093194,1.5475252701016389,40.1,42.3,False,#edd2d2
N04|P02|O08,K04,NSFC,3.5711559272298903,1.5475252701016389,1.6315596414939586,40.1,42.3,False,#f3dddd
N04|P02|O11,K04,NSFC,25.408225037512228,1.6315596414939586,1.715594012886278,40.1,42.3,False,#ddb1b1
N04|P02|O12,K04,NSFC,1.9770125416561701,1.715594012886278,1.7996283842785976,40.1,42.3,False,#f4e0e0
N05|P01|O04,K04,NSFC,12.33119506931045,1.7996283842785976,1.8836627556709171,40.1,42.3,False,#eacbcb
N05|P01|O08,K04,NSFC,1.14517542089456,1.8836627556709171,1.9676971270632369,40.1,42.3,False,#f5e2e2
N05|P02|O04,K04,NSFC,33.64895247482943,1.9676971270632369,2.051731498455556,40.1,42.3,False,#d5a0a0
N05|P02|O08,K04,NSFC,10.986480706321359,2.051731498455556,2.135765869847876,40.1,42.3,False,#ebcece
N05|P03|O04,K04,NSFC,20.51037318288662,2.135765869847876,2.2198002412401956,40.1,42.3,False,#e2bbbb
N05|P03|O08,K04,NSFC,3.16179741675328,2.2198002412401956,2.303834612632515,40.1,42.3,False,#f3dede
N05|P03|O10,K04,NSFC,20.43542098453271,2.303834612632515,2.3878689840248346,40.1,42.3,False,#e2bbbb
N05|P05|O04,K04,NSFC,47.65326930078944,2.3878689840248346,2.4719033554171546,40.1,42.3,False,#c78484
N06|P01|O08,K04,NSFC,1.27916743577195,2.4719033554171546,2.555937726809474,40.1,42.3,False,#f5e1e1
N06|P02|O08,K04,NSFC,1.5758750729127702,2.555937726809474,2.6399720982017936,40.1,42.3,False,#f4e1e1
N06|P03|O08,K04,NSFC,5.62533584552638,2.6399720982017936,2.724006469594113,40.1,42.3,False,#f1d9d9
N06|P04|O08,K04,NSFC,4.37399173978166,2.724006469594113,2.8080408409864326,40.1,42.3,False,#f2dbdb
N06|P08|O08,K04,NSFC,17.48825590060478,2.8080408409864326,2.892075212378752,40.1,42.3,False,#e5c1c1
N08|P04|O03,K04,NSFC,28.71558313258134,2.9269817974186387,3.0110161688109582,40.1,42.3,False,#daaaaa
N08|P05|O03,K04,NSFC,44.54223361543086,3.0110161688109582,3.0950505402032777,40.1,42.3,False,#ca8a8a
N08|P06|O03,K04,NSFC,47.568778628404814,3.0950505402032777,3.1790849115955977,40.1,42.3,False,#c78484
N08|P08|O03,K04,NSFC,33.11477779093172,3.1790849115955977,3.263119282987917,40.1,42.3,False,#d6a1a1
N10|P01|O10,K04,NSFC,10.71088302666046,3.263119282987917,3.3471536543802367,40.1,42.3,False,#eccece
N10|P03|O10,K04,NSFC,11.41271603773441,3.3471536543802367,3.431188025772556,40.1,42.3,False,#ebcdcd
N11|P03|O05,K04,NSFC,43.70439117306443,3.466094610812443,3.5501289822047624,40.1,42.3,False,#cb8c8c
N11|P05|O05,K04,NSFC,67.66156229221724,3.5501289822047624,3.634163353597082,40.1,42.3,False,#b15252
N11|P07|O05,K04,NSFC,53.38200527724434,3.634163353597082,3.718197724989402,40.1,42.3,False,#c17676
N12|P07|O02,K04,NSFC,48.14150266599966,3.718197724989402,3.8022320963817213,40.1,42.3,False,#c78383
N12|P07|O03,K04,NSFC,55.452581808229475,3.8022320963817213,3.886266467774041,40.1,42.3,False,#bf7171
N12|P07|O05,K04,NSFC,30.67303677107141,3.886266467774041,3.9703008391663603,40.1,42.3,False,#d8a6a6
N12|P07|O11,K04,NSFC,34.7596202431837,3.9703008391663603,4.05433521055868,40.1,42.3,False,#d49e9e
N13|P02|O06,K04,NSFC,17.84912769576204,4.05433521055868,4.138369581950999,40.1,42.3,False,#e5c0c0
N13|P03|O06,K04,NSFC,21.84789638605635,4.138369581950999,4.222403953343319,40.1,42.3,False,#e1b8b8
N14|P02|O04,K04,NSFC,6.772092066925629,4.257310538383205,4.341344909775525,40.1,42.3,False,#efd6d6
N14|P02|O08,K04,NSFC,5.0150393144075505,4.341344909775525,4.425379281167844,40.1,42.3,False,#f1dada
N16|P04|O01,K04,NSFC,0.0,4.425379281167844,4.509413652560164,40.1,42.3,False,#f6e4e4
N17|P08|O12,K04,NSFC,4.60502709032785,4.54432023760005,4.628354608992369,40.1,42.3,False,#f1dbdb
N18|P08|O12,K04,NSFC,3.2148461544430305,4.628354608992369,4.712388980384689,40.1,42.3,False,#f3dede
N01|P01|O01,K04,difference,4.38826363245387,0.0,0.08403437139231958,38.85,40.1,False,#dce3e8
N01|P01|O02,K04,difference,3.8365125504980897,0.08403437139231958,0.16806874278463915,38.85,40.1,False,#dee4e9
N01|P01|O04,K04,difference,-0.48337093053954,0.16806874278463915,0.25210311417695874,38.85,40.1,False,#ebedef
N01|P01|O08,K04,difference,-1.0917577523527,0.25210311417695874,0.3361374855692783,38.85,40.1,False,#ebebed
N01|P01|O10,K04,difference,-2.34941752003114,0.3361374855692783,0.42017185696159787,38.85,40.1,False,#e9e6e8
N01|P01|O12,K04,difference,-5.01479050784823,0.42017185696159787,0.5042062283539175,38.85,40.1,False,#e5dcde
N02|P01|O01,K04,difference,8.00390536226959,0.5042062283539175,0.588240599746237,38.85,40.1,True,#cfd8e0
N02|P01|O02,K04,difference,-3.58378533459497,0.588240599746237,0.6722749711385566,38.85,40.1,False,#e7e1e3
N02|P01|O03,K04,difference,-1.7402469589141898,0.6722749711385566,0.7563093425308762,38.85,40.1,False,#eae8ea
N02|P01|O04,K04,difference,-1.60356788912052,0.7563093425308762,0.8403437139231957,38.85,40.1,False,#eae9eb
N02|P01|O07,K04,difference,-9.014641909369567,0.8403437139231957,0.9243780853155154,38.85,40.1,False,#e0cdcf
N02|P01|O08,K04,difference,3.50701098641428,0.9243780853155154,1.008412456707835,38.85,40.1,False,#dfe5ea
N02|P01|O12,K04,difference,-3.1266896762765,1.008412456707835,1.0924468281001545,38.85,40.1,False,#e8e3e5
N03|P01|O03,K04,difference,-26.13498939367267,1.0924468281001545,1.176481199492474,38.85,40.1,True,#ca8d8e
N03|P01|O05,K04,difference,-12.37631200363478,1.176481199492474,1.2605155708847937,38.85,40.1,False,#dcc1c2
N03|P05|O03,K04,difference,-2.1434048307780498,1.2605155708847937,1.3445499422771132,38.85,40.1,False,#e9e7e9
N03|P05|O05,K04,difference,-18.532159913007227,1.3445499422771132,1.4285843136694327,38.85,40.1,False,#d4aaab
N04|P02|O02,K04,difference,3.36443451134082,1.4634908987093194,1.5475252701016389,38.85,40.1,False,#e0e5ea
N04|P02|O08,K04,difference,-2.23224623934582,1.5475252701016389,1.6315596414939586,38.85,40.1,False,#e9e7e9
N04|P02|O11,K04,difference,0.67417730508018,1.6315596414939586,1.715594012886278,38.85,40.1,False,#e9edf0
N04|P02|O12,K04,difference,11.26859280419079,1.715594012886278,1.7996283842785976,38.85,40.1,False,#c3cfd9
N05|P01|O04,K04,difference,-2.65522028974383,1.7996283842785976,1.8836627556709171,38.85,40.1,False,#e8e5e7
N05|P01|O08,K04,difference,-0.17412721745017,1.8836627556709171,1.9676971270632369,38.85,40.1,False,#eceff1
N05|P02|O04,K04,difference,14.37116683453925,1.9676971270632369,2.051731498455556,38.85,40.1,True,#b8c6d3
N05|P02|O08,K04,difference,-4.9580005956927,2.051731498455556,2.135765869847876,38.85,40.1,False,#e6ddde
N05|P03|O04,K04,difference,12.87606287139957,2.135765869847876,2.2198002412401956,38.85,40.1,False,#bdcad6
N05|P03|O08,K04,difference,5.6556379901689,2.2198002412401956,2.303834612632515,38.85,40.1,False,#d8dfe5
N05|P03|O10,K04,difference,25.29007802606049,2.303834612632515,2.3878689840248346,38.85,40.1,False,#90a6bc
N05|P05|O04,K04,difference,-4.54302951539224,2.3878689840248346,2.4719033554171546,38.85,40.1,False,#e6dee0
N06|P01|O08,K04,difference,-0.15189864323247,2.4719033554171546,2.555937726809474,38.85,40.1,False,#eceff1
N06|P02|O08,K04,difference,0.22899049861144,2.555937726809474,2.6399720982017936,38.85,40.1,False,#ebeef1
N06|P03|O08,K04,difference,6.92112247147271,2.6399720982017936,2.724006469594113,38.85,40.1,False,#d3dbe2
N06|P04|O08,K04,difference,0.13384236121909,2.724006469594113,2.8080408409864326,38.85,40.1,False,#eceff1
N06|P08|O08,K04,difference,-17.48825590060478,2.8080408409864326,2.892075212378752,38.85,40.1,False,#d5aeaf
N08|P04|O03,K04,difference,37.2710857729076,2.9269817974186387,3.0110161688109582,38.85,40.1,True,#6080a0
N08|P05|O03,K04,difference,18.59176062409796,3.0110161688109582,3.0950505402032777,38.85,40.1,True,#a8baca
N08|P06|O03,K04,difference,8.30287680504852,3.0950505402032777,3.1790849115955977,38.85,40.1,False,#ced7e0
N08|P08|O03,K04,difference,4.4225336570759,3.1790849115955977,3.263119282987917,38.85,40.1,False,#dce2e8
N10|P01|O10,K04,difference,-2.14989640580926,3.263119282987917,3.3471536543802367,38.85,40.1,False,#e9e7e9
N10|P03|O10,K04,difference,17.506434880176492,3.3471536543802367,3.431188025772556,38.85,40.1,False,#acbdcc
N11|P03|O05,K04,difference,28.24257509545284,3.466094610812443,3.5501289822047624,38.85,40.1,False,#859eb6
N11|P05|O05,K04,difference,6.56754109746303,3.5501289822047624,3.634163353597082,38.85,40.1,False,#d4dce3
N11|P07|O05,K04,difference,20.05497584302866,3.634163353597082,3.718197724989402,38.85,40.1,True,#a3b6c7
N12|P07|O02,K04,difference,25.679064489370017,3.718197724989402,3.8022320963817213,38.85,40.1,False,#8fa5bb
N12|P07|O03,K04,difference,7.7758899601985,3.8022320963817213,3.886266467774041,38.85,40.1,False,#d0d9e1
N12|P07|O05,K04,difference,10.02604518698615,3.886266467774041,3.9703008391663603,38.85,40.1,False,#c7d2dc
N12|P07|O11,K04,difference,36.07646264034596,3.9703008391663603,4.05433521055868,38.85,40.1,True,#6584a3
N13|P02|O06,K04,difference,53.12883901126685,4.05433521055868,4.138369581950999,38.85,40.1,True,#1d4a77
N13|P03|O06,K04,difference,53.15741749375419,4.138369581950999,4.222403953343319,38.85,40.1,True,#1d4a77
N14|P02|O04,K04,difference,7.91871166550542,4.257310538383205,4.341344909775525,38.85,40.1,False,#cfd8e0
N14|P02|O08,K04,difference,9.16681922614095,4.341344909775525,4.425379281167844,38.85,40.1,False,#cbd5de
N16|P04|O01,K04,difference,0.0,4.425379281167844,4.509413652560164,38.85,40.1,False,#eceff1
N17|P08|O12,K04,difference,0.4019385465977599,4.54432023760005,4.628354608992369,38.85,40.1,False,#ebeef0
N18|P08|O12,K04,difference,1.41185621268772,4.628354608992369,4.712388980384689,38.85,40.1,False,#e7ebee
N01|P01|O01,K05,NSF,11.27778927215484,0.0,0.08403437139231958,35.8,38.0,False,#cddae6
N01|P01|O02,K05,NSF,13.06302137855977,0.08403437139231958,0.16806874278463915,35.8,38.0,False,#cad7e4
N01|P01|O04,K05,NSF,8.4554567328535,0.16806874278463915,0.25210311417695874,35.8,38.0,False,#d3dfea
N01|P01|O08,K05,NSF,3.07334845418635,0.25210311417695874,0.3361374855692783,35.8,38.0,False,#dee8f1
N01|P01|O10,K05,NSF,0.8254338557043399,0.3361374855692783,0.42017185696159787,35.8,38.0,False,#e2ecf4
N01|P01|O12,K05,NSF,19.66779778368267,0.42017185696159787,0.5042062283539175,35.8,38.0,False,#bcccdb
N02|P01|O01,K05,NSF,6.478308649487841,0.5042062283539175,0.588240599746237,35.8,38.0,False,#d7e2ec
N02|P01|O02,K05,NSF,1.45121896419895,0.588240599746237,0.6722749711385566,35.8,38.0,False,#e1ebf3
N02|P01|O03,K05,NSF,6.411435415674251,0.6722749711385566,0.7563093425308762,35.8,38.0,False,#d7e2ec
N02|P01|O04,K05,NSF,2.65638080509037,0.7563093425308762,0.8403437139231957,35.8,38.0,False,#dfe9f1
N02|P01|O07,K05,NSF,10.67481410833305,0.8403437139231957,0.9243780853155154,35.8,38.0,False,#cedbe7
N02|P01|O08,K05,NSF,4.24401186081832,0.9243780853155154,1.008412456707835,35.8,38.0,False,#dce6ef
N02|P01|O12,K05,NSF,14.44737332863976,1.008412456707835,1.0924468281001545,35.8,38.0,False,#c7d5e2
N03|P01|O03,K05,NSF,20.86765161421586,1.0924468281001545,1.176481199492474,35.8,38.0,False,#bacad9
N03|P01|O05,K05,NSF,14.031397248419712,1.176481199492474,1.2605155708847937,35.8,38.0,False,#c8d6e2
N03|P05|O03,K05,NSF,9.715282679619639,1.2605155708847937,1.3445499422771132,35.8,38.0,False,#d0dde8
N03|P05|O05,K05,NSF,3.7509768263664998,1.3445499422771132,1.4285843136694327,35.8,38.0,False,#dce7f0
N04|P02|O02,K05,NSF,0.0,1.4634908987093194,1.5475252701016389,35.8,38.0,False,#e4edf5
N04|P02|O08,K05,NSF,0.24460597845919999,1.5475252701016389,1.6315596414939586,35.8,38.0,False,#e4edf5
N04|P02|O11,K05,NSF,0.89554186056682,1.6315596414939586,1.715594012886278,35.8,38.0,False,#e2ecf4
N04|P02|O12,K05,NSF,5.034168403706929,1.715594012886278,1.7996283842785976,35.8,38.0,False,#dae5ee
N05|P01|O04,K05,NSF,8.45973529819066,1.7996283842785976,1.8836627556709171,35.8,38.0,False,#d3dfea
N05|P01|O08,K05,NSF,0.0,1.8836627556709171,1.9676971270632369,35.8,38.0,False,#e4edf5
N05|P02|O04,K05,NSF,2.71631757579382,1.9676971270632369,2.051731498455556,35.8,38.0,False,#dfe9f1
N05|P02|O08,K05,NSF,2.5739331401151198,2.051731498455556,2.135765869847876,35.8,38.0,False,#dfe9f2
N05|P03|O04,K05,NSF,10.71679644743566,2.135765869847876,2.2198002412401956,35.8,38.0,False,#cedbe7
N05|P03|O08,K05,NSF,2.82061554065401,2.2198002412401956,2.303834612632515,35.8,38.0,False,#dee8f1
N05|P03|O10,K05,NSF,12.90095412995801,2.303834612632515,2.3878689840248346,35.8,38.0,False,#cad7e4
N05|P05|O04,K05,NSF,12.576371409944102,2.3878689840248346,2.4719033554171546,35.8,38.0,False,#cbd8e4
N06|P01|O08,K05,NSF,0.65898873559601,2.4719033554171546,2.555937726809474,35.8,38.0,False,#e3ecf4
N06|P02|O08,K05,NSF,2.9761141884116897,2.555937726809474,2.6399720982017936,35.8,38.0,False,#dee8f1
N06|P03|O08,K05,NSF,5.026623341713,2.6399720982017936,2.724006469594113,35.8,38.0,False,#dae5ee
N06|P04|O08,K05,NSF,2.2960753205923097,2.724006469594113,2.8080408409864326,35.8,38.0,False,#dfe9f2
N06|P08|O08,K05,NSF,13.73800048373844,2.8080408409864326,2.892075212378752,35.8,38.0,False,#c8d6e3
N08|P04|O03,K05,NSF,4.6143305656192295,2.9269817974186387,3.0110161688109582,35.8,38.0,False,#dbe5ef
N08|P05|O03,K05,NSF,5.06287759165723,3.0110161688109582,3.0950505402032777,35.8,38.0,False,#dae5ee
N08|P06|O03,K05,NSF,12.436044371279879,3.0950505402032777,3.1790849115955977,35.8,38.0,False,#cbd8e4
N08|P08|O03,K05,NSF,25.050022740796518,3.1790849115955977,3.263119282987917,35.8,38.0,False,#b1c3d3
N10|P01|O10,K05,NSF,6.71647231304733,3.263119282987917,3.3471536543802367,35.8,38.0,False,#d7e2ec
N10|P03|O10,K05,NSF,18.04704689892177,3.3471536543802367,3.431188025772556,35.8,38.0,False,#c0cfdd
N11|P03|O05,K05,NSF,5.06867616116391,3.466094610812443,3.5501289822047624,35.8,38.0,False,#dae5ee
N11|P05|O05,K05,NSF,7.402143630733719,3.5501289822047624,3.634163353597082,35.8,38.0,False,#d5e1eb
N11|P07|O05,K05,NSF,3.9228870657885198,3.634163353597082,3.718197724989402,35.8,38.0,False,#dce6f0
N12|P07|O02,K05,NSF,4.41470005704105,3.718197724989402,3.8022320963817213,35.8,38.0,False,#dbe6ef
N12|P07|O03,K05,NSF,7.027004813204201,3.8022320963817213,3.886266467774041,35.8,38.0,False,#d6e1ec
N12|P07|O05,K05,NSF,8.87892492467593,3.886266467774041,3.9703008391663603,35.8,38.0,False,#d2dee9
N12|P07|O11,K05,NSF,13.5351295292375,3.9703008391663603,4.05433521055868,35.8,38.0,False,#c9d6e3
N13|P02|O06,K05,NSF,3.7978751334772403,4.05433521055868,4.138369581950999,35.8,38.0,False,#dce7f0
N13|P03|O06,K05,NSF,13.1704412517405,4.138369581950999,4.222403953343319,35.8,38.0,False,#cad7e3
N14|P02|O04,K05,NSF,5.23532399866255,4.257310538383205,4.341344909775525,35.8,38.0,False,#dae4ee
N14|P02|O08,K05,NSF,0.47273468177717,4.341344909775525,4.425379281167844,35.8,38.0,False,#e3ecf4
N16|P04|O01,K05,NSF,0.0,4.425379281167844,4.509413652560164,35.8,38.0,False,#e4edf5
N17|P08|O12,K05,NSF,21.81262762482644,4.54432023760005,4.628354608992369,35.8,38.0,False,#b8c8d8
N18|P08|O12,K05,NSF,33.75637681256078,4.628354608992369,4.712388980384689,35.8,38.0,False,#a0b4c8
N01|P01|O01,K05,NSFC,0.0,0.0,0.08403437139231958,33.6,35.8,False,#f6e4e4
N01|P01|O02,K05,NSFC,9.41061149826518,0.08403437139231958,0.16806874278463915,33.6,35.8,False,#edd1d1
N01|P01|O04,K05,NSFC,9.29532357061098,0.16806874278463915,0.25210311417695874,33.6,35.8,False,#edd1d1
N01|P01|O08,K05,NSFC,1.45064341137203,0.25210311417695874,0.3361374855692783,33.6,35.8,False,#f5e1e1
N01|P01|O10,K05,NSFC,0.0,0.3361374855692783,0.42017185696159787,33.6,35.8,False,#f6e4e4
N01|P01|O12,K05,NSFC,11.499186783278589,0.42017185696159787,0.5042062283539175,33.6,35.8,False,#ebcdcd
N02|P01|O01,K05,NSFC,9.08834221761553,0.5042062283539175,0.588240599746237,33.6,35.8,False,#edd2d2
N02|P01|O02,K05,NSFC,2.46342482969174,0.588240599746237,0.6722749711385566,33.6,35.8,False,#f4dfdf
N02|P01|O03,K05,NSFC,0.0,0.6722749711385566,0.7563093425308762,33.6,35.8,False,#f6e4e4
N02|P01|O04,K05,NSFC,4.697606729472071,0.7563093425308762,0.8403437139231957,33.6,35.8,False,#f1dbdb
N02|P01|O07,K05,NSFC,16.90245259231383,0.8403437139231957,0.9243780853155154,33.6,35.8,False,#e5c2c2
N02|P01|O08,K05,NSFC,0.43000337640844,0.9243780853155154,1.008412456707835,33.6,35.8,False,#f6e3e3
N02|P01|O12,K05,NSFC,10.9651560025779,1.008412456707835,1.0924468281001545,33.6,35.8,False,#ebcece
N03|P01|O03,K05,NSFC,1.96361927256951,1.0924468281001545,1.176481199492474,33.6,35.8,False,#f4e0e0
N03|P01|O05,K05,NSFC,2.6942863474322998,1.176481199492474,1.2605155708847937,33.6,35.8,False,#f3dfdf
N03|P05|O03,K05,NSFC,3.1036937854562097,1.2605155708847937,1.3445499422771132,33.6,35.8,False,#f3dede
N03|P05|O05,K05,NSFC,0.0,1.3445499422771132,1.4285843136694327,33.6,35.8,False,#f6e4e4
N04|P02|O02,K05,NSFC,13.07636486249852,1.4634908987093194,1.5475252701016389,33.6,35.8,False,#e9caca
N04|P02|O08,K05,NSFC,3.15343737843607,1.5475252701016389,1.6315596414939586,33.6,35.8,False,#f3dede
N04|P02|O11,K05,NSFC,7.75050923399869,1.6315596414939586,1.715594012886278,33.6,35.8,False,#eed4d4
N04|P02|O12,K05,NSFC,3.0222720449379703,1.715594012886278,1.7996283842785976,33.6,35.8,False,#f3dede
N05|P01|O04,K05,NSFC,5.65866809525405,1.7996283842785976,1.8836627556709171,33.6,35.8,False,#f1d9d9
N05|P01|O08,K05,NSFC,0.0,1.8836627556709171,1.9676971270632369,33.6,35.8,False,#f6e4e4
N05|P02|O04,K05,NSFC,0.0,1.9676971270632369,2.051731498455556,33.6,35.8,False,#f6e4e4
N05|P02|O08,K05,NSFC,1.51728089377536,2.051731498455556,2.135765869847876,33.6,35.8,False,#f5e1e1
N05|P03|O04,K05,NSFC,9.83145824534022,2.135765869847876,2.2198002412401956,33.6,35.8,False,#ecd0d0
N05|P03|O08,K05,NSFC,2.65682155183989,2.2198002412401956,2.303834612632515,33.6,35.8,False,#f3dfdf
N05|P03|O10,K05,NSFC,12.83536127284542,2.303834612632515,2.3878689840248346,33.6,35.8,False,#e9caca
N05|P05|O04,K05,NSFC,1.45782957954956,2.3878689840248346,2.4719033554171546,33.6,35.8,False,#f5e1e1
N06|P01|O08,K05,NSFC,0.5266481393436501,2.4719033554171546,2.555937726809474,33.6,35.8,False,#f6e3e3
N06|P02|O08,K05,NSFC,1.17676261568893,2.555937726809474,2.6399720982017936,33.6,35.8,False,#f5e2e2
N06|P03|O08,K05,NSFC,4.9772499911581,2.6399720982017936,2.724006469594113,33.6,35.8,False,#f1dada
N06|P04|O08,K05,NSFC,7.59466674031444,2.724006469594113,2.8080408409864326,33.6,35.8,False,#efd5d5
N06|P08|O08,K05,NSFC,27.93917072095678,2.8080408409864326,2.892075212378752,33.6,35.8,False,#dbacac
N08|P04|O03,K05,NSFC,2.36748751598249,2.9269817974186387,3.0110161688109582,33.6,35.8,False,#f4dfdf
N08|P05|O03,K05,NSFC,5.295974629971361,3.0110161688109582,3.0950505402032777,33.6,35.8,False,#f1d9d9
N08|P06|O03,K05,NSFC,6.598110367147041,3.0950505402032777,3.1790849115955977,33.6,35.8,False,#f0d7d7
N08|P08|O03,K05,NSFC,37.417808493911146,3.1790849115955977,3.263119282987917,33.6,35.8,False,#d19898
N10|P01|O10,K05,NSFC,0.0,3.263119282987917,3.3471536543802367,33.6,35.8,False,#f6e4e4
N10|P03|O10,K05,NSFC,6.988107153885339,3.3471536543802367,3.431188025772556,33.6,35.8,False,#efd6d6
N11|P03|O05,K05,NSFC,13.16783338964225,3.466094610812443,3.5501289822047624,33.6,35.8,False,#e9caca
N11|P05|O05,K05,NSFC,0.0,3.5501289822047624,3.634163353597082,33.6,35.8,False,#f6e4e4
N11|P07|O05,K05,NSFC,30.46321011842965,3.634163353597082,3.718197724989402,33.6,35.8,False,#d8a7a7
N12|P07|O02,K05,NSFC,15.93752334898384,3.718197724989402,3.8022320963817213,33.6,35.8,False,#e6c4c4
N12|P07|O03,K05,NSFC,15.70211299916193,3.8022320963817213,3.886266467774041,33.6,35.8,False,#e7c4c4
N12|P07|O05,K05,NSFC,13.64443843940375,3.886266467774041,3.9703008391663603,33.6,35.8,False,#e9c9c9
N12|P07|O11,K05,NSFC,13.37796212982783,3.9703008391663603,4.05433521055868,33.6,35.8,False,#e9c9c9
N13|P02|O06,K05,NSFC,10.881405612043899,4.05433521055868,4.138369581950999,33.6,35.8,False,#ebcece
N13|P03|O06,K05,NSFC,3.8383567895041404,4.138369581950999,4.222403953343319,33.6,35.8,False,#f2dcdc
N14|P02|O04,K05,NSFC,0.0,4.257310538383205,4.341344909775525,33.6,35.8,False,#f6e4e4
N14|P02|O08,K05,NSFC,3.68563637194336,4.341344909775525,4.425379281167844,33.6,35.8,False,#f2dddd
N16|P04|O01,K05,NSFC,3.24079579443705,4.425379281167844,4.509413652560164,33.6,35.8,False,#f3dddd
N17|P08|O12,K05,NSFC,40.08064939254138,4.54432023760005,4.628354608992369,33.6,35.8,False,#cf9393
N18|P08|O12,K05,NSFC,25.94516130390948,4.628354608992369,4.712388980384689,33.6,35.8,False,#ddb0b0
N01|P01|O01,K05,difference,11.27778927215484,0.0,0.08403437139231958,32.35,33.6,True,#c3cfd9
N01|P01|O02,K05,difference,3.65240988029459,0.08403437139231958,0.16806874278463915,32.35,33.6,False,#dfe5e9
N01|P01|O04,K05,difference,-0.83986683775748,0.16806874278463915,0.25210311417695874,32.35,33.6,False,#ebecee
N01|P01|O08,K05,difference,1.6227050428143202,0.25210311417695874,0.3361374855692783,32.35,33.6,False,#e6eaee
N01|P01|O10,K05,difference,0.8254338557043399,0.3361374855692783,0.42017185696159787,32.35,33.6,False,#e9edef
N01|P01|O12,K05,difference,8.16861100040408,0.42017185696159787,0.5042062283539175,32.35,33.6,False,#ced7e0
N02|P01|O01,K05,difference,-2.61003356812768,0.5042062283539175,0.588240599746237,32.35,33.6,False,#e9e5e7
N02|P01|O02,K05,difference,-1.01220586549279,0.588240599746237,0.6722749711385566,32.35,33.6,False,#ebebed
N02|P01|O03,K05,difference,6.411435415674251,0.6722749711385566,0.7563093425308762,32.35,33.6,False,#d5dde3
N02|P01|O04,K05,difference,-2.0412259243817,0.7563093425308762,0.8403437139231957,32.35,33.6,False,#e9e8e9
N02|P01|O07,K05,difference,-6.22763848398077,0.8403437139231957,0.9243780853155154,32.35,33.6,False,#e4d8d9
N02|P01|O08,K05,difference,3.81400848440988,0.9243780853155154,1.008412456707835,32.35,33.6,False,#dee4e9
N02|P01|O12,K05,difference,3.48221732606185,1.008412456707835,1.0924468281001545,32.35,33.6,False,#dfe5ea
N03|P01|O03,K05,difference,18.90403234164634,1.0924468281001545,1.176481199492474,32.35,33.6,False,#a7b9c9
N03|P01|O05,K05,difference,11.3371109009874,1.176481199492474,1.2605155708847937,32.35,33.6,False,#c3ced9
N03|P05|O03,K05,difference,6.61158889416343,1.2605155708847937,1.3445499422771132,32.35,33.6,False,#d4dce3
N03|P05|O05,K05,difference,3.7509768263665,1.3445499422771132,1.4285843136694327,32.35,33.6,False,#dee4e9
N04|P02|O02,K05,difference,-13.07636486249852,1.4634908987093194,1.5475252701016389,32.35,33.6,False,#dbbebf
N04|P02|O08,K05,difference,-2.90883139997686,1.5475252701016389,1.6315596414939586,32.35,33.6,False,#e8e4e6
N04|P02|O11,K05,difference,-6.85496737343186,1.6315596414939586,1.715594012886278,32.35,33.6,False,#e3d5d7
N04|P02|O12,K05,difference,2.01189635876896,1.715594012886278,1.7996283842785976,32.35,33.6,False,#e5e9ed
N05|P01|O04,K05,difference,2.80106720293661,1.7996283842785976,1.8836627556709171,32.35,33.6,False,#e2e7eb
N05|P01|O08,K05,difference,0.0,1.8836627556709171,1.9676971270632369,32.35,33.6,False,#eceff1
N05|P02|O04,K05,difference,2.71631757579382,1.9676971270632369,2.051731498455556,32.35,33.6,True,#e2e7eb
N05|P02|O08,K05,difference,1.05665224633975,2.051731498455556,2.135765869847876,32.35,33.6,False,#e8ecef
N05|P03|O04,K05,difference,0.88533820209544,2.135765869847876,2.2198002412401956,32.35,33.6,False,#e9ecef
N05|P03|O08,K05,difference,0.16379398881412,2.2198002412401956,2.303834612632515,32.35,33.6,False,#eceff1
N05|P03|O10,K05,difference,0.06559285711259,2.303834612632515,2.3878689840248346,32.35,33.6,False,#eceff1
N05|P05|O04,K05,difference,11.118541830394529,2.3878689840248346,2.4719033554171546,32.35,33.6,False,#c4cfda
N06|P01|O08,K05,difference,0.13234059625236,2.4719033554171546,2.555937726809474,32.35,33.6,False,#eceff1
N06|P02|O08,K05,difference,1.79935157272276,2.555937726809474,2.6399720982017936,32.35,33.6,False,#e6eaed
N06|P03|O08,K05,difference,0.0493733505549,2.6399720982017936,2.724006469594113,32.35,33.6,False,#eceff1
N06|P04|O08,K05,difference,-5.29859141972212,2.724006469594113,2.8080408409864326,32.35,33.6,False,#e5dbdd
N06|P08|O08,K05,difference,-14.20117023721833,2.8080408409864326,2.892075212378752,32.35,33.6,False,#dababb
N08|P04|O03,K05,difference,2.24684304963673,2.9269817974186387,3.0110161688109582,32.35,33.6,False,#e4e9ec
N08|P05|O03,K05,difference,-0.2330970383141299,3.0110161688109582,3.0950505402032777,32.35,33.6,False,#eceef0
N08|P06|O03,K05,difference,5.83793400413283,3.0950505402032777,3.1790849115955977,32.35,33.6,False,#d7dee5
N08|P08|O03,K05,difference,-12.36778575311463,3.1790849115955977,3.263119282987917,32.35,33.6,False,#dcc1c2
N10|P01|O10,K05,difference,6.71647231304733,3.263119282987917,3.3471536543802367,32.35,33.6,False,#d4dce3
N10|P03|O10,K05,difference,11.05893974503643,3.3471536543802367,3.431188025772556,32.35,33.6,False,#c4cfda
N11|P03|O05,K05,difference,-8.099157228478331,3.466094610812443,3.5501289822047624,32.35,33.6,False,#e1d1d2
N11|P05|O05,K05,difference,7.402143630733719,3.5501289822047624,3.634163353597082,32.35,33.6,False,#d1dae1
N11|P07|O05,K05,difference,-26.540323052641128,3.634163353597082,3.718197724989402,32.35,33.6,True,#c98c8c
N12|P07|O02,K05,difference,-11.52282329194278,3.718197724989402,3.8022320963817213,32.35,33.6,False,#ddc4c5
N12|P07|O03,K05,difference,-8.67510818595773,3.8022320963817213,3.886266467774041,32.35,33.6,False,#e1cfd0
N12|P07|O05,K05,difference,-4.76551351472782,3.886266467774041,3.9703008391663603,32.35,33.6,False,#e6dddf
N12|P07|O11,K05,difference,0.15716739940967,3.9703008391663603,4.05433521055868,32.35,33.6,False,#eceff1
N13|P02|O06,K05,difference,-7.083530478566661,4.05433521055868,4.138369581950999,32.35,33.6,False,#e3d4d6
N13|P03|O06,K05,difference,9.332084462236349,4.138369581950999,4.222403953343319,32.35,33.6,False,#cad4dd
N14|P02|O04,K05,difference,5.23532399866255,4.257310538383205,4.341344909775525,32.35,33.6,False,#d9e0e6
N14|P02|O08,K05,difference,-3.21290169016619,4.341344909775525,4.425379281167844,32.35,33.6,False,#e8e3e5
N16|P04|O01,K05,difference,-3.24079579443705,4.425379281167844,4.509413652560164,32.35,33.6,False,#e8e3e5
N17|P08|O12,K05,difference,-18.268021767714927,4.54432023760005,4.628354608992369,32.35,33.6,True,#d4abac
N18|P08|O12,K05,difference,7.81121550865129,4.628354608992369,4.712388980384689,32.35,33.6,False,#cfd8e1
N01|P01|O01,K06,NSF,2.79911809987557,0.0,0.08403437139231958,29.3,31.5,False,#dee8f1
N01|P01|O02,K06,NSF,0.0,0.08403437139231958,0.16806874278463915,29.3,31.5,False,#e4edf5
N01|P01|O04,K06,NSF,0.5660936970135301,0.16806874278463915,0.25210311417695874,29.3,31.5,False,#e3ecf4
N01|P01|O08,K06,NSF,0.0,0.25210311417695874,0.3361374855692783,29.3,31.5,False,#e4edf5
N01|P01|O10,K06,NSF,0.0,0.3361374855692783,0.42017185696159787,29.3,31.5,False,#e4edf5
N01|P01|O12,K06,NSF,2.46869009005989,0.42017185696159787,0.5042062283539175,29.3,31.5,False,#dfe9f2
N02|P01|O01,K06,NSF,0.7512274180513501,0.5042062283539175,0.588240599746237,29.3,31.5,False,#e3ecf4
N02|P01|O02,K06,NSF,0.0,0.588240599746237,0.6722749711385566,29.3,31.5,False,#e4edf5
N02|P01|O03,K06,NSF,0.0,0.6722749711385566,0.7563093425308762,29.3,31.5,False,#e4edf5
N02|P01|O04,K06,NSF,0.0,0.7563093425308762,0.8403437139231957,29.3,31.5,False,#e4edf5
N02|P01|O07,K06,NSF,1.5794516363795599,0.8403437139231957,0.9243780853155154,29.3,31.5,False,#e1eaf3
N02|P01|O08,K06,NSF,0.0,0.9243780853155154,1.008412456707835,29.3,31.5,False,#e4edf5
N02|P01|O12,K06,NSF,1.6277864882472899,1.008412456707835,1.0924468281001545,29.3,31.5,False,#e1eaf3
N03|P01|O03,K06,NSF,0.0,1.0924468281001545,1.176481199492474,29.3,31.5,False,#e4edf5
N03|P01|O05,K06,NSF,2.5255898214387997,1.176481199492474,1.2605155708847937,29.3,31.5,False,#dfe9f2
N03|P05|O03,K06,NSF,0.0,1.2605155708847937,1.3445499422771132,29.3,31.5,False,#e4edf5
N03|P05|O05,K06,NSF,0.0,1.3445499422771132,1.4285843136694327,29.3,31.5,False,#e4edf5
N04|P02|O02,K06,NSF,0.0,1.4634908987093194,1.5475252701016389,29.3,31.5,False,#e4edf5
N04|P02|O08,K06,NSF,0.0,1.5475252701016389,1.6315596414939586,29.3,31.5,False,#e4edf5
N04|P02|O11,K06,NSF,6.22127801397113,1.6315596414939586,1.715594012886278,29.3,31.5,False,#d8e3ed
N04|P02|O12,K06,NSF,0.0,1.715594012886278,1.7996283842785976,29.3,31.5,False,#e4edf5
N05|P01|O04,K06,NSF,0.78422316629291,1.7996283842785976,1.8836627556709171,29.3,31.5,False,#e2ecf4
N05|P01|O08,K06,NSF,0.0,1.8836627556709171,1.9676971270632369,29.3,31.5,False,#e4edf5
N05|P02|O04,K06,NSF,0.48589844920685,1.9676971270632369,2.051731498455556,29.3,31.5,False,#e3ecf4
N05|P02|O08,K06,NSF,1.37409193772837,2.051731498455556,2.135765869847876,29.3,31.5,False,#e1ebf3
N05|P03|O04,K06,NSF,0.0,2.135765869847876,2.2198002412401956,29.3,31.5,False,#e4edf5
N05|P03|O08,K06,NSF,0.0,2.2198002412401956,2.303834612632515,29.3,31.5,False,#e4edf5
N05|P03|O10,K06,NSF,0.0,2.303834612632515,2.3878689840248346,29.3,31.5,False,#e4edf5
N05|P05|O04,K06,NSF,0.0,2.3878689840248346,2.4719033554171546,29.3,31.5,False,#e4edf5
N06|P01|O08,K06,NSF,0.0,2.4719033554171546,2.555937726809474,29.3,31.5,False,#e4edf5
N06|P02|O08,K06,NSF,0.0,2.555937726809474,2.6399720982017936,29.3,31.5,False,#e4edf5
N06|P03|O08,K06,NSF,1.07149148765072,2.6399720982017936,2.724006469594113,29.3,31.5,False,#e2ebf4
N06|P04|O08,K06,NSF,0.0,2.724006469594113,2.8080408409864326,29.3,31.5,False,#e4edf5
N06|P08|O08,K06,NSF,0.0,2.8080408409864326,2.892075212378752,29.3,31.5,False,#e4edf5
N08|P04|O03,K06,NSF,0.0,2.9269817974186387,3.0110161688109582,29.3,31.5,False,#e4edf5
N08|P05|O03,K06,NSF,0.0,3.0110161688109582,3.0950505402032777,29.3,31.5,False,#e4edf5
N08|P06|O03,K06,NSF,9.80873521019024,3.0950505402032777,3.1790849115955977,29.3,31.5,False,#d0dde8
N08|P08|O03,K06,NSF,0.0,3.1790849115955977,3.263119282987917,29.3,31.5,False,#e4edf5
N10|P01|O10,K06,NSF,5.43206190796655,3.263119282987917,3.3471536543802367,29.3,31.5,False,#d9e4ee
N10|P03|O10,K06,NSF,0.0,3.3471536543802367,3.431188025772556,29.3,31.5,False,#e4edf5
N11|P03|O05,K06,NSF,0.0,3.466094610812443,3.5501289822047624,29.3,31.5,False,#e4edf5
N11|P05|O05,K06,NSF,0.0,3.5501289822047624,3.634163353597082,29.3,31.5,False,#e4edf5
N11|P07|O05,K06,NSF,0.0,3.634163353597082,3.718197724989402,29.3,31.5,False,#e4edf5
N12|P07|O02,K06,NSF,2.78744911866727,3.718197724989402,3.8022320963817213,29.3,31.5,False,#dee8f1
N12|P07|O03,K06,NSF,0.0,3.8022320963817213,3.886266467774041,29.3,31.5,False,#e4edf5
N12|P07|O05,K06,NSF,0.0,3.886266467774041,3.9703008391663603,29.3,31.5,False,#e4edf5
N12|P07|O11,K06,NSF,0.0,3.9703008391663603,4.05433521055868,29.3,31.5,False,#e4edf5
N13|P02|O06,K06,NSF,0.0,4.05433521055868,4.138369581950999,29.3,31.5,False,#e4edf5
N13|P03|O06,K06,NSF,0.0,4.138369581950999,4.222403953343319,29.3,31.5,False,#e4edf5
N14|P02|O04,K06,NSF,0.0,4.257310538383205,4.341344909775525,29.3,31.5,False,#e4edf5
N14|P02|O08,K06,NSF,0.0,4.341344909775525,4.425379281167844,29.3,31.5,False,#e4edf5
N16|P04|O01,K06,NSF,0.0,4.425379281167844,4.509413652560164,29.3,31.5,False,#e4edf5
N17|P08|O12,K06,NSF,0.0,4.54432023760005,4.628354608992369,29.3,31.5,False,#e4edf5
N18|P08|O12,K06,NSF,1.73568243129443,4.628354608992369,4.712388980384689,29.3,31.5,False,#e1eaf3
N01|P01|O01,K06,NSFC,0.0,0.0,0.08403437139231958,27.1,29.3,False,#f6e4e4
N01|P01|O02,K06,NSFC,0.0,0.08403437139231958,0.16806874278463915,27.1,29.3,False,#f6e4e4
N01|P01|O04,K06,NSFC,0.0,0.16806874278463915,0.25210311417695874,27.1,29.3,False,#f6e4e4
N01|P01|O08,K06,NSFC,0.0,0.25210311417695874,0.3361374855692783,27.1,29.3,False,#f6e4e4
N01|P01|O10,K06,NSFC,0.0,0.3361374855692783,0.42017185696159787,27.1,29.3,False,#f6e4e4
N01|P01|O12,K06,NSFC,0.0,0.42017185696159787,0.5042062283539175,27.1,29.3,False,#f6e4e4
N02|P01|O01,K06,NSFC,0.0,0.5042062283539175,0.588240599746237,27.1,29.3,False,#f6e4e4
N02|P01|O02,K06,NSFC,0.0,0.588240599746237,0.6722749711385566,27.1,29.3,False,#f6e4e4
N02|P01|O03,K06,NSFC,0.0,0.6722749711385566,0.7563093425308762,27.1,29.3,False,#f6e4e4
N02|P01|O04,K06,NSFC,0.0,0.7563093425308762,0.8403437139231957,27.1,29.3,False,#f6e4e4
N02|P01|O07,K06,NSFC,0.0,0.8403437139231957,0.9243780853155154,27.1,29.3,False,#f6e4e4
N02|P01|O08,K06,NSFC,0.0,0.9243780853155154,1.008412456707835,27.1,29.3,False,#f6e4e4
N02|P01|O12,K06,NSFC,1.26752497149517,1.008412456707835,1.0924468281001545,27.1,29.3,False,#f5e2e2
N03|P01|O03,K06,NSFC,0.0,1.0924468281001545,1.176481199492474,27.1,29.3,False,#f6e4e4
N03|P01|O05,K06,NSFC,0.0,1.176481199492474,1.2605155708847937,27.1,29.3,False,#f6e4e4
N03|P05|O03,K06,NSFC,0.0,1.2605155708847937,1.3445499422771132,27.1,29.3,False,#f6e4e4
N03|P05|O05,K06,NSFC,0.0,1.3445499422771132,1.4285843136694327,27.1,29.3,False,#f6e4e4
N04|P02|O02,K06,NSFC,1.65820092178114,1.4634908987093194,1.5475252701016389,27.1,29.3,False,#f4e1e1
N04|P02|O08,K06,NSFC,0.0,1.5475252701016389,1.6315596414939586,27.1,29.3,False,#f6e4e4
N04|P02|O11,K06,NSFC,1.24094706023386,1.6315596414939586,1.715594012886278,27.1,29.3,False,#f5e2e2
N04|P02|O12,K06,NSFC,1.27999253380232,1.715594012886278,1.7996283842785976,27.1,29.3,False,#f5e1e1
N05|P01|O04,K06,NSFC,0.0,1.7996283842785976,1.8836627556709171,27.1,29.3,False,#f6e4e4
N05|P01|O08,K06,NSFC,0.0,1.8836627556709171,1.9676971270632369,27.1,29.3,False,#f6e4e4
N05|P02|O04,K06,NSFC,0.0,1.9676971270632369,2.051731498455556,27.1,29.3,False,#f6e4e4
N05|P02|O08,K06,NSFC,0.0,2.051731498455556,2.135765869847876,27.1,29.3,False,#f6e4e4
N05|P03|O04,K06,NSFC,0.0,2.135765869847876,2.2198002412401956,27.1,29.3,False,#f6e4e4
N05|P03|O08,K06,NSFC,0.0,2.2198002412401956,2.303834612632515,27.1,29.3,False,#f6e4e4
N05|P03|O10,K06,NSFC,0.0,2.303834612632515,2.3878689840248346,27.1,29.3,False,#f6e4e4
N05|P05|O04,K06,NSFC,0.0,2.3878689840248346,2.4719033554171546,27.1,29.3,False,#f6e4e4
N06|P01|O08,K06,NSFC,0.0,2.4719033554171546,2.555937726809474,27.1,29.3,False,#f6e4e4
N06|P02|O08,K06,NSFC,0.0,2.555937726809474,2.6399720982017936,27.1,29.3,False,#f6e4e4
N06|P03|O08,K06,NSFC,0.54210406213412,2.6399720982017936,2.724006469594113,27.1,29.3,False,#f6e3e3
N06|P04|O08,K06,NSFC,0.255326957577,2.724006469594113,2.8080408409864326,27.1,29.3,False,#f6e4e4
N06|P08|O08,K06,NSFC,0.0,2.8080408409864326,2.892075212378752,27.1,29.3,False,#f6e4e4
N08|P04|O03,K06,NSFC,0.0,2.9269817974186387,3.0110161688109582,27.1,29.3,False,#f6e4e4
N08|P05|O03,K06,NSFC,0.0,3.0110161688109582,3.0950505402032777,27.1,29.3,False,#f6e4e4
N08|P06|O03,K06,NSFC,0.0,3.0950505402032777,3.1790849115955977,27.1,29.3,False,#f6e4e4
N08|P08|O03,K06,NSFC,0.0,3.1790849115955977,3.263119282987917,27.1,29.3,False,#f6e4e4
N10|P01|O10,K06,NSFC,0.0,3.263119282987917,3.3471536543802367,27.1,29.3,False,#f6e4e4
N10|P03|O10,K06,NSFC,0.0,3.3471536543802367,3.431188025772556,27.1,29.3,False,#f6e4e4
N11|P03|O05,K06,NSFC,0.0,3.466094610812443,3.5501289822047624,27.1,29.3,False,#f6e4e4
N11|P05|O05,K06,NSFC,0.0,3.5501289822047624,3.634163353597082,27.1,29.3,False,#f6e4e4
N11|P07|O05,K06,NSFC,0.0,3.634163353597082,3.718197724989402,27.1,29.3,False,#f6e4e4
N12|P07|O02,K06,NSFC,0.0,3.718197724989402,3.8022320963817213,27.1,29.3,False,#f6e4e4
N12|P07|O03,K06,NSFC,0.0,3.8022320963817213,3.886266467774041,27.1,29.3,False,#f6e4e4
N12|P07|O05,K06,NSFC,0.0,3.886266467774041,3.9703008391663603,27.1,29.3,False,#f6e4e4
N12|P07|O11,K06,NSFC,0.0,3.9703008391663603,4.05433521055868,27.1,29.3,False,#f6e4e4
N13|P02|O06,K06,NSFC,5.19851609329546,4.05433521055868,4.138369581950999,27.1,29.3,False,#f1dada
N13|P03|O06,K06,NSFC,0.0,4.138369581950999,4.222403953343319,27.1,29.3,False,#f6e4e4
N14|P02|O04,K06,NSFC,0.0,4.257310538383205,4.341344909775525,27.1,29.3,False,#f6e4e4
N14|P02|O08,K06,NSFC,0.0,4.341344909775525,4.425379281167844,27.1,29.3,False,#f6e4e4
N16|P04|O01,K06,NSFC,0.0,4.425379281167844,4.509413652560164,27.1,29.3,False,#f6e4e4
N17|P08|O12,K06,NSFC,0.32575726641467,4.54432023760005,4.628354608992369,27.1,29.3,False,#f6e3e3
N18|P08|O12,K06,NSFC,0.0,4.628354608992369,4.712388980384689,27.1,29.3,False,#f6e4e4
N01|P01|O01,K06,difference,2.79911809987557,0.0,0.08403437139231958,25.85,27.1,False,#e2e7eb
N01|P01|O02,K06,difference,0.0,0.08403437139231958,0.16806874278463915,25.85,27.1,False,#eceff1
N01|P01|O04,K06,difference,0.5660936970135301,0.16806874278463915,0.25210311417695874,25.85,27.1,False,#eaedf0
N01|P01|O08,K06,difference,0.0,0.25210311417695874,0.3361374855692783,25.85,27.1,False,#eceff1
N01|P01|O10,K06,difference,0.0,0.3361374855692783,0.42017185696159787,25.85,27.1,False,#eceff1
N01|P01|O12,K06,difference,2.46869009005989,0.42017185696159787,0.5042062283539175,25.85,27.1,False,#e3e8ec
N02|P01|O01,K06,difference,0.7512274180513501,0.5042062283539175,0.588240599746237,25.85,27.1,False,#e9edf0
N02|P01|O02,K06,difference,0.0,0.588240599746237,0.6722749711385566,25.85,27.1,False,#eceff1
N02|P01|O03,K06,difference,0.0,0.6722749711385566,0.7563093425308762,25.85,27.1,False,#eceff1
N02|P01|O04,K06,difference,0.0,0.7563093425308762,0.8403437139231957,25.85,27.1,False,#eceff1
N02|P01|O07,K06,difference,1.57945163637956,0.8403437139231957,0.9243780853155154,25.85,27.1,False,#e6ebee
N02|P01|O08,K06,difference,0.0,0.9243780853155154,1.008412456707835,25.85,27.1,False,#eceff1
N02|P01|O12,K06,difference,0.36026151675212,1.008412456707835,1.0924468281001545,25.85,27.1,False,#ebeef0
N03|P01|O03,K06,difference,0.0,1.0924468281001545,1.176481199492474,25.85,27.1,False,#eceff1
N03|P01|O05,K06,difference,2.5255898214388,1.176481199492474,1.2605155708847937,25.85,27.1,False,#e3e8ec
N03|P05|O03,K06,difference,0.0,1.2605155708847937,1.3445499422771132,25.85,27.1,False,#eceff1
N03|P05|O05,K06,difference,0.0,1.3445499422771132,1.4285843136694327,25.85,27.1,False,#eceff1
N04|P02|O02,K06,difference,-1.65820092178114,1.4634908987093194,1.5475252701016389,25.85,27.1,False,#eae9eb
N04|P02|O08,K06,difference,0.0,1.5475252701016389,1.6315596414939586,25.85,27.1,False,#eceff1
N04|P02|O11,K06,difference,4.98033095373726,1.6315596414939586,1.715594012886278,25.85,27.1,False,#dae1e6
N04|P02|O12,K06,difference,-1.27999253380232,1.715594012886278,1.7996283842785976,25.85,27.1,False,#eaeaec
N05|P01|O04,K06,difference,0.78422316629291,1.7996283842785976,1.8836627556709171,25.85,27.1,False,#e9edef
N05|P01|O08,K06,difference,0.0,1.8836627556709171,1.9676971270632369,25.85,27.1,False,#eceff1
N05|P02|O04,K06,difference,0.48589844920685,1.9676971270632369,2.051731498455556,25.85,27.1,False,#eaeef0
N05|P02|O08,K06,difference,1.37409193772837,2.051731498455556,2.135765869847876,25.85,27.1,False,#e7ebee
N05|P03|O04,K06,difference,0.0,2.135765869847876,2.2198002412401956,25.85,27.1,False,#eceff1
N05|P03|O08,K06,difference,0.0,2.2198002412401956,2.303834612632515,25.85,27.1,False,#eceff1
N05|P03|O10,K06,difference,0.0,2.303834612632515,2.3878689840248346,25.85,27.1,False,#eceff1
N05|P05|O04,K06,difference,0.0,2.3878689840248346,2.4719033554171546,25.85,27.1,False,#eceff1
N06|P01|O08,K06,difference,0.0,2.4719033554171546,2.555937726809474,25.85,27.1,False,#eceff1
N06|P02|O08,K06,difference,0.0,2.555937726809474,2.6399720982017936,25.85,27.1,False,#eceff1
N06|P03|O08,K06,difference,0.52938742551659,2.6399720982017936,2.724006469594113,25.85,27.1,False,#eaedf0
N06|P04|O08,K06,difference,-0.255326957577,2.724006469594113,2.8080408409864326,25.85,27.1,False,#eceef0
N06|P08|O08,K06,difference,0.0,2.8080408409864326,2.892075212378752,25.85,27.1,False,#eceff1
N08|P04|O03,K06,difference,0.0,2.9269817974186387,3.0110161688109582,25.85,27.1,False,#eceff1
N08|P05|O03,K06,difference,0.0,3.0110161688109582,3.0950505402032777,25.85,27.1,False,#eceff1
N08|P06|O03,K06,difference,9.80873521019024,3.0950505402032777,3.1790849115955977,25.85,27.1,True,#c8d3dc
N08|P08|O03,K06,difference,0.0,3.1790849115955977,3.263119282987917,25.85,27.1,False,#eceff1
N10|P01|O10,K06,difference,5.43206190796655,3.263119282987917,3.3471536543802367,25.85,27.1,False,#d8e0e6
N10|P03|O10,K06,difference,0.0,3.3471536543802367,3.431188025772556,25.85,27.1,False,#eceff1
N11|P03|O05,K06,difference,0.0,3.466094610812443,3.5501289822047624,25.85,27.1,False,#eceff1
N11|P05|O05,K06,difference,0.0,3.5501289822047624,3.634163353597082,25.85,27.1,False,#eceff1
N11|P07|O05,K06,difference,0.0,3.634163353597082,3.718197724989402,25.85,27.1,False,#eceff1
N12|P07|O02,K06,difference,2.78744911866727,3.718197724989402,3.8022320963817213,25.85,27.1,False,#e2e7eb
N12|P07|O03,K06,difference,0.0,3.8022320963817213,3.886266467774041,25.85,27.1,False,#eceff1
N12|P07|O05,K06,difference,0.0,3.886266467774041,3.9703008391663603,25.85,27.1,False,#eceff1
N12|P07|O11,K06,difference,0.0,3.9703008391663603,4.05433521055868,25.85,27.1,False,#eceff1
N13|P02|O06,K06,difference,-5.19851609329546,4.05433521055868,4.138369581950999,25.85,27.1,False,#e5dcdd
N13|P03|O06,K06,difference,0.0,4.138369581950999,4.222403953343319,25.85,27.1,False,#eceff1
N14|P02|O04,K06,difference,0.0,4.257310538383205,4.341344909775525,25.85,27.1,False,#eceff1
N14|P02|O08,K06,difference,0.0,4.341344909775525,4.425379281167844,25.85,27.1,False,#eceff1
N16|P04|O01,K06,difference,0.0,4.425379281167844,4.509413652560164,25.85,27.1,False,#eceff1
N17|P08|O12,K06,difference,-0.32575726641467,4.54432023760005,4.628354608992369,25.85,27.1,False,#eceef0
N18|P08|O12,K06,difference,1.73568243129443,4.628354608992369,4.712388980384689,25.85,27.1,False,#e6eaed
