agency,theme,full_theme_name,observed_pct,standardized_pct,delta_pp,observed_ci_low,observed_ci_high,standardized_ci_low,standardized_ci_high,delta_ci_low,delta_ci_high,family_count,fractional_support,effective_family_n,bootstrap_valid,direction,rank_in_direction,font_size_pt,color,label_anchor_x,label_anchor_y,horizontal_alignment,vertical_alignment,main_sdg_drivers
NSF,N02.1,Disaster prevention and risk reduction,7.48488095238095,2.249104447774954,-5.2357765046059965,6.837641666666664,8.105952976190473,1.9767633688222923,2.590553432780316,-5.775522320043172,-4.68488662033306,567,374.2440476190476,471.21384001001496,2000,Observed > benchmark,1,9.478620767585394,#ac5b59,0.49,0.812071617380288,right,center,"S11,S13"
NSF,N05.1,Water pollution control and water quality improvement,8.958,5.206166825637722,-3.7518331743622784,8.291649999999999,9.680366666666664,4.73965951308603,5.707041937619698,-4.3142558394063615,-3.193392738829372,653,447.9,555.7579299242482,2000,Observed > benchmark,2,7.932163100151808,#ac6c68,0.49,0.5769207314728155,right,center,"S06,S12"
NSF,N03.1,Infrastructure reliability and disturbance resistance,4.726880952380952,1.663970400664426,-3.062910551716526,4.21125238095238,5.230391071428572,1.3641798687794215,1.995608550197344,-3.5230636422894945,-2.590178590784036,394,236.3440476190476,315.111119316596,2000,Observed > benchmark,3,7.387790207096169,#a6716e,0.49,0.36445768707289494,right,center,"S09,S11"
NSF,N02.2,Emergency preparedness and response,3.6112142857142855,1.2717189374149294,-2.3394953482993563,3.169198809523808,4.033227380952382,1.0508809675246915,1.5301403812055552,-2.7001791697442985,-1.9746923506868057,327,180.56071428571423,258.3721146330612,2000,Observed > benchmark,4,6.934630424796879,#a07875,0.49,0.1620421856774148,right,center,"S11,S13"
NSF,N16.2,Inclusion and opportunity protection for vulnerable groups,1.3033571428571429,4.831467921496647,3.528110778639504,1.0839958333333335,1.5408654761904763,3.928824056747323,5.7307323644021695,2.781094656164933,4.2818217219269945,149,65.16785714285714,113.79069729821543,2000,Observed < benchmark,1,7.743314393952721,#6280a2,0.51,0.8520003474744267,left,center,"S10,S16"
NSF,N18.2,Cross-sectoral and cross-organizational coordination,0.9878571428571428,4.193266434418681,3.205409291561538,0.7896416666666666,1.189528571428571,3.182101805831325,5.183758876894093,2.3580227299057084,4.045267530003354,117,49.39285714285714,89.67625966740883,2000,Observed < benchmark,2,7.491361330974912,#6681a0,0.51,0.5528306553165334,left,center,"S17,S16"
NSF,N13.3,"Recycling, reuse and resource circularity",3.4713333333333325,6.536186970635654,3.064853637302322,3.04665,3.927675,5.890225539637906,7.168177581944417,2.603198144280196,3.5617111211898203,248,173.56666666666666,213.7445032204152,2000,Observed < benchmark,3,7.3891708154315765,#67829f,0.51,0.300438880822474,left,center,"S12,S17"
NSF,N06.1,Ecosystem integrity and functional restoration,6.984333333333334,9.807708089857076,2.8233747565237404,6.365850000000003,7.6473666666666675,9.03542055452731,10.6269034098264,2.242279625864446,3.3765889740567,482,349.2166666666667,419.17963414366346,2000,Observed < benchmark,4,7.224301316439093,#6a829e,0.51,0.09802337942699385,left,center,"S15,S13"
NSFC,N02.1,Disaster prevention and risk reduction,7.06455102776776,2.604975074799399,-4.459575952968361,6.447229234282967,7.634932083183073,2.2814262951586275,2.995984492974576,-4.9465220136769865,-3.958513506189507,528,391.8,461.4153276846157,2000,Observed > benchmark,1,8.606023064402686,#ad6461,0.49,0.7369886403014135,right,center,"S11,S13"
NSFC,N06.1,Ecosystem integrity and functional restoration,13.309291982209407,9.098337077526018,-4.210954904683388,12.484613535280683,14.17118193292463,8.59122211195617,9.641680883380554,-4.824962326096411,-3.5288837807126674,922,738.1333333333333,829.3994881761241,2000,Observed > benchmark,2,8.356069060325098,#ae6763,0.49,0.5338489357340278,right,center,"S15,S13"
NSFC,N04.1,Outdoor air-pollution control,5.364827503305687,2.999395574125981,-2.3654319291797057,4.828404856352929,5.903766979204231,2.30028483223264,3.983953919240317,-3.0971899311882662,-1.396300275272068,374,297.5333333333333,334.2204491874522,2000,Observed > benchmark,3,6.948779959412753,#a07875,0.49,0.3844151032279099,right,center,"S11,S17"
NSFC,N05.1,Water pollution control and water quality improvement,7.190167087390309,5.014297523941141,-2.175869563449168,6.606105000601031,7.870860379853346,4.560593300025371,5.5431897952109495,-2.7424498669039497,-1.5912050851202306,512,398.76666666666665,453.81239416789816,2000,Observed > benchmark,4,6.8489619345562485,#9e7977,0.49,0.2489963152101893,right,center,"S06,S12"
NSFC,N17.2,Policy implementation and regulatory capacity enhancement,1.083535108958838,7.102009082950603,6.018473973991765,0.8632530094619889,1.300509376126938,4.380610562995863,10.012654550487126,3.36540991009142,8.881798981761461,107,60.092857142857135,90.66128355301724,2000,Observed < benchmark,1,10.5,#426e9d,0.51,0.7654757415984804,left,center,"S17,S16"
NSFC,N16.1,Reduction of socioeconomic and spatial inequalities,0.9612247351158282,4.257690027321251,3.296465292205423,0.7769509985746913,1.1671056359795997,3.5725818374513567,4.999690956028846,2.723432347386712,3.948713713255844,116,53.3095238095238,96.751688240505,2000,Observed < benchmark,2,7.56000866506199,#6581a0,0.51,0.43919199000458925,left,center,"S10,S11"
NSFC,N16.2,Inclusion and opportunity protection for vulnerable groups,0.6447804509470576,3.139698533148616,2.494918082201558,0.4927146119897652,0.7995541617296033,2.41080308789364,3.834947128820604,1.8676551581157763,3.1182286999879496,77,35.759523809523806,61.36948686898585,2000,Observed < benchmark,3,7.021753831420199,#6e849b,0.51,0.2612710562014044,left,center,"S10,S11"
NSFC,N18.2,Cross-sectoral and cross-organizational coordination,0.2115638898906118,2.532392693359408,2.320828803468796,0.1334144728933766,0.2969181993028008,0.7825302249386971,5.234124289485297,0.6111482752902019,4.964075400432803,30,11.733333333333333,26.1015378133558,2000,Observed < benchmark,4,6.92454355117082,#70849a,0.51,0.0861614406108133,left,center,"S17,S16"
