agency,sdg,theme,full_theme_name,within_sdg_topic_share,contribution_pp,ci_low,ci_high
NSF,S02,N01,Climate adaptation and extreme-risk reduction,0.06687207516164753,0.30619425162443253,0.20216282187964457,0.4369404805623384
NSF,S02,N02,"Disaster prevention, emergency response and recovery",0.007501875468867214,0.03434963158264421,0.006719729408878522,0.07470846066359425
NSF,S02,N03,Critical infrastructure resilience,0.005615689636694886,0.025713152784722238,0.006310050472170853,0.05104643273011005
NSF,S02,N04,Air quality improvement,0.006430178973314755,0.02944254135655218,0.0,0.09903144392105445
NSF,S02,N05,Water environmental quality and water security,0.14011538598935439,0.6415611546429819,0.48174911374562807,0.8251417093363279
NSF,S02,N06,Ecological integrity and biodiversity protection,0.08698603222234128,0.39829215668446977,0.2583179967539018,0.5560369957995822
NSF,S02,N07,Housing security and community renewal,0.0,0.0,0.0,0.0
NSF,S02,N08,Transport accessibility and travel safety,0.0016075447433286888,0.007360635339138045,0.0,0.024168685061976128
NSF,S02,N09,Accessibility of urban services,0.0004286785982209837,0.001962836090436812,0.0,0.006409660780675708
NSF,S02,N10,Urban food access and supply security,0.5513860608009146,2.5246897428406405,2.222917666706084,2.807410546336544
NSF,S02,N11,Clean-energy access and energy security,0.023084342514199975,0.10569872347002235,0.05856811981841331,0.17000072317543174
NSF,S02,N12,"Decarbonization of buildings, transport and industry",0.0,0.0,0.0,0.0
NSF,S02,N13,Waste reduction and resource circularity,0.014269638838280996,0.0653379063604154,0.026627252671332164,0.11587495703549301
NSF,S02,N14,Reduction of environmental exposure and health risks,0.010716964955524592,0.049070902260920306,0.016297700656133885,0.09086696481558139
NSF,S02,N15,Public health and physical and mental well-being,0.005144143178651805,0.023554033085241746,0.004701303623143267,0.047148872433907904
NSF,S02,N16,Social inclusion and distributive equity,0.03309245678766629,0.15152393605282746,0.08126701234780744,0.2375234310996869
NSF,S02,N17,Planning and policy implementation capacity,0.015858556475853654,0.0726132517980047,0.029305513708354665,0.130615630404952
NSF,S02,N18,Public participation and multi-actor coordination,0.014451316910860365,0.06616977498921955,0.02988943529329665,0.10777383951437532
NSF,S02,N19,Urban-rural linkages and cross-regional coordination,0.016439058744277903,0.07527125900380455,0.019618085545221056,0.1533176346978793
NSF,S03,N01,Climate adaptation and extreme-risk reduction,0.012610813273064925,-0.011345556528582086,-0.02152809612321522,-0.004032789256865822
NSF,S03,N02,"Disaster prevention, emergency response and recovery",0.018187392690703942,-0.01636263160922626,-0.027560582053812687,-0.0071973478415269555
NSF,S03,N03,Critical infrastructure resilience,0.007603630120186408,-0.006840749560162023,-0.013252864156628057,-0.0021452663928576837
NSF,S03,N04,Air quality improvement,0.15860226356915094,-0.14268952429326903,-0.2297685014462204,-0.07120407254133579
NSF,S03,N05,Water environmental quality and water security,0.1556781947510424,-0.14005883051080117,-0.21159130875298338,-0.0704891117363131
NSF,S03,N06,Ecological integrity and biodiversity protection,0.002084866323276918,-0.0018756893955282964,-0.004534435878394759,-0.00024355153940295695
NSF,S03,N07,Housing security and community renewal,0.0021339220014716695,-0.0019198232636583742,-0.0052169331042238015,0.0
NSF,S03,N08,Transport accessibility and travel safety,0.10835172921265633,-0.09748068123230884,-0.16101960940462798,-0.04601022337342968
NSF,S03,N09,Accessibility of urban services,0.000846210448859455,-0.000761309225243838,-0.00226711615365636,0.0
NSF,S03,N10,Urban food access and supply security,0.010902624478783415,-0.00980875219190974,-0.020734140394251404,-0.0027827837528277186
NSF,S03,N11,Clean-energy access and energy security,0.0014716703458425306,-0.001324016043902327,-0.004013039766253004,0.0
NSF,S03,N12,"Decarbonization of buildings, transport and industry",0.008400784890851115,-0.007557924917275785,-0.014365916500874222,-0.002710244357107045
NSF,S03,N13,Waste reduction and resource circularity,0.0019622271277900407,-0.0017653547252031027,-0.004577261847556323,0.0
NSF,S03,N14,Reduction of environmental exposure and health risks,0.39264515224780144,-0.3532506329322933,-0.5487138692955522,-0.17663744467822243
NSF,S03,N15,Public health and physical and mental well-being,0.0867427029678685,-0.07803971232100966,-0.13145796752112038,-0.03695189743084601
NSF,S03,N16,Social inclusion and distributive equity,0.020848663232769182,-0.018756893955282964,-0.03316934507301042,-0.008414394095916192
NSF,S03,N17,Planning and policy implementation capacity,0.003899926416482706,-0.0035086425163411666,-0.009552063669653088,-0.00020665528470452044
NSF,S03,N18,Public participation and multi-actor coordination,0.0070272259013980844,-0.006322176609633612,-0.013646139020179969,-0.0015364966954009068
NSF,S03,N19,Urban-rural linkages and cross-regional coordination,0.0,-0.0,-0.0,0.0
NSF,S06,N01,Climate adaptation and extreme-risk reduction,0.01876315497950593,-0.1770200270896705,-0.2241135617394861,-0.1335853882494159
NSF,S06,N02,"Disaster prevention, emergency response and recovery",0.00885834559812626,-0.08357360899394252,-0.11544038452428936,-0.05462972256118126
NSF,S06,N03,Critical infrastructure resilience,0.0170797132412287,-0.16113768201288511,-0.23498387265837306,-0.10075172982413073
NSF,S06,N04,Air quality improvement,0.0011176787099020406,-0.010544682689052596,-0.02049574267945881,-0.002527318269759977
NSF,S06,N05,Water environmental quality and water security,0.7729569228821472,-7.2924226004207435,-8.034930775108664,-6.581711803895411
NSF,S06,N06,Ecological integrity and biodiversity protection,0.06259198594692117,-0.5905208937421471,-0.7451872183609626,-0.45525592020691563
NSF,S06,N07,Housing security and community renewal,0.0,-0.0,-0.0,0.0
NSF,S06,N08,Transport accessibility and travel safety,0.0005143300257956292,-0.00485242035248438,-0.013338818302463577,0.0
NSF,S06,N09,Accessibility of urban services,0.00276551298485496,-0.026091090972204474,-0.062450557644306695,-0.0025980664662979282
NSF,S06,N10,Urban food access and supply security,0.010982924243143583,-0.10361783768074331,-0.13626991569366423,-0.07309624865059342
NSF,S06,N11,Clean-energy access and energy security,0.008098719713874252,-0.0764069573964271,-0.10453385562832451,-0.04993974270342854
NSF,S06,N12,"Decarbonization of buildings, transport and industry",0.004411369067400974,-0.04161883610015449,-0.06504346986075915,-0.022213908527330333
NSF,S06,N13,Waste reduction and resource circularity,0.01596203453132666,-0.15059299932383252,-0.19795389285812887,-0.1076255762317714
NSF,S06,N14,Reduction of environmental exposure and health risks,0.031657013087720974,-0.2986664726954135,-0.36562004965119566,-0.23445945196789883
NSF,S06,N15,Public health and physical and mental well-being,0.007691212078051561,-0.07256234742484333,-0.1150488493158028,-0.03888115426981612
NSF,S06,N16,Social inclusion and distributive equity,0.009101663264175731,-0.08586917708377166,-0.13065185804150964,-0.04897721477818767
NSF,S06,N17,Planning and policy implementation capacity,0.01190476190476191,-0.11231486800481152,-0.1616424422398701,-0.06985802546221777
NSF,S06,N18,Public participation and multi-actor coordination,0.014599059962968243,-0.1377340853897489,-0.19863622418373766,-0.08658604909000095
NSF,S06,N19,Urban-rural linkages and cross-regional coordination,0.000943597778094289,-0.008902325031288651,-0.018929972893175315,-0.0013534260204426005
NSF,S07,N01,Climate adaptation and extreme-risk reduction,0.0054063229365584565,-0.01253311013407617,-0.022208068896401933,-0.004989197864097779
NSF,S07,N02,"Disaster prevention, emergency response and recovery",0.0015091237004031402,-0.003498498658893907,-0.007287483525965014,-0.0007326544559654817
NSF,S07,N03,Critical infrastructure resilience,0.024423933800127303,-0.05662034173993358,-0.08434092366501117,-0.03198565282477617
NSF,S07,N04,Air quality improvement,0.003315298111606196,-0.007685629742737054,-0.014510275794824681,-0.002631207956567689
NSF,S07,N05,Water environmental quality and water security,0.01983874389985147,-0.04599080838053852,-0.06713985132919092,-0.027448080833634154
NSF,S07,N06,Ecological integrity and biodiversity protection,0.000795671546785487,-0.001844551138256893,-0.004347502223754091,0.0
NSF,S07,N07,Housing security and community renewal,0.0038192234245703377,-0.008853845463633088,-0.01696051178573393,-0.0026864914510290917
NSF,S07,N08,Transport accessibility and travel safety,0.001458731169106726,-0.0033816770868043034,-0.006482537854799619,-0.001120873138872366
NSF,S07,N09,Accessibility of urban services,0.0001273074474856779,-0.0002951281821211029,-0.0010064485000946936,0.0
NSF,S07,N10,Urban food access and supply security,0.005006895820072142,-0.011607145462671211,-0.019028873954146458,-0.006141953990898682
NSF,S07,N11,Clean-energy access and energy security,0.6691507532357309,-1.5512466023611466,-2.1235638864851474,-1.0218074746431838
NSF,S07,N12,"Decarbonization of buildings, transport and industry",0.21780182474008064,-0.5049151315788535,-0.6980060172987546,-0.3265700908043992
NSF,S07,N13,Waste reduction and resource circularity,0.021026416295353283,-0.04874410837957666,-0.07430822903265893,-0.027925529608706826
NSF,S07,N14,Reduction of environmental exposure and health risks,0.0010078506259282836,-0.0023364314417920647,-0.005832528006318279,0.0
NSF,S07,N15,Public health and physical and mental well-being,0.003023551877784851,-0.007009294325376195,-0.01717117968867581,-0.00035586299707034033
NSF,S07,N16,Social inclusion and distributive equity,0.012268194356036493,-0.02844051915040361,-0.044047291999276,-0.015151609691541171
NSF,S07,N17,Planning and policy implementation capacity,0.0046758964566093785,-0.01083981218915634,-0.024415566733954775,-0.002302671106446194
NSF,S07,N18,Public participation and multi-actor coordination,0.00521695310842351,-0.012094106963171028,-0.021330964610751152,-0.004857137953088335
NSF,S07,N19,Urban-rural linkages and cross-regional coordination,0.0001273074474856779,-0.0002951281821211029,-0.0010064485000946936,0.0
NSF,S09,N01,Climate adaptation and extreme-risk reduction,0.028257153604917894,-0.19223067117896048,-0.2625547758275877,-0.13063897903548466
NSF,S09,N02,"Disaster prevention, emergency response and recovery",0.06592952522399784,-0.4485121559488417,-0.5494376153033573,-0.3488805918212184
NSF,S09,N03,Critical infrastructure resilience,0.46695902842341,-3.176676911693074,-3.605949974929283,-2.7669149962107955
NSF,S09,N04,Air quality improvement,0.009567538489425275,-0.06508703498828938,-0.10679395254081071,-0.030352026420390938
NSF,S09,N05,Water environmental quality and water security,0.02795222029263462,-0.1901562394755905,-0.2705156324773082,-0.1203031188807904
NSF,S09,N06,Ecological integrity and biodiversity protection,0.014943096656745853,-0.10165643503875069,-0.17735205427173628,-0.03712979219727954
NSF,S09,N07,Housing security and community renewal,0.001623582289114592,-0.011045072604073348,-0.02469272946227324,-0.0008312292277501979
NSF,S09,N08,Transport accessibility and travel safety,0.029081223943258423,-0.19783674164354906,-0.27619408775757187,-0.12353311576429017
NSF,S09,N09,Accessibility of urban services,0.004461440407903122,-0.030350745727159536,-0.07287877609696489,-0.004141089647322016
NSF,S09,N10,Urban food access and supply security,0.0032021408676907123,-0.021783853278790042,-0.04060023223063906,-0.007823597350173775
NSF,S09,N11,Clean-energy access and energy security,0.07490853949709879,-0.5095955178605405,-0.6364773967722674,-0.39250384096540436
NSF,S09,N12,"Decarbonization of buildings, transport and industry",0.18277579946322384,-1.24340600958377,-1.4814698455646251,-1.0140053291500801
NSF,S09,N13,Waste reduction and resource circularity,0.03819784314986657,-0.2598562165514634,-0.34256744247426263,-0.18648840195010832
NSF,S09,N14,Reduction of environmental exposure and health risks,0.0034961593410555818,-0.023784032393225175,-0.04708730547726853,-0.006879050345197746
NSF,S09,N15,Public health and physical and mental well-being,0.003308560547145282,-0.022507816020905774,-0.03943563793741526,-0.008388851131641029
NSF,S09,N16,Social inclusion and distributive equity,0.012687135887795457,-0.08630935306325889,-0.13099018327398074,-0.05135151798195223
NSF,S09,N17,Planning and policy implementation capacity,0.021127035081461732,-0.14372516745720657,-0.22822811237218932,-0.07308947364412492
NSF,S09,N18,Public participation and multi-actor coordination,0.009147999368498605,-0.06223295110110236,-0.12032735748925652,-0.017105104715781378
NSF,S09,N19,Urban-rural linkages and cross-regional coordination,0.0023739774647557896,-0.016149938093350944,-0.03243819995779556,-0.0033391935867254784
NSF,S10,N01,Climate adaptation and extreme-risk reduction,0.03446715913645994,0.4144032581532762,0.22604068194778834,0.6404727707999844
NSF,S10,N02,"Disaster prevention, emergency response and recovery",0.030478726450209014,0.3664497992225973,0.19328769902223236,0.5624355033598791
NSF,S10,N03,Critical infrastructure resilience,0.006556719922121056,0.07883231941942205,0.01915807993801758,0.15659750347562598
NSF,S10,N04,Air quality improvement,0.010622458913130618,0.1277152423781903,0.04596711682891862,0.23614008822178575
NSF,S10,N05,Water environmental quality and water security,0.008718433258890225,0.10482288761228828,0.02242171694465375,0.21855451221305286
NSF,S10,N06,Ecological integrity and biodiversity protection,0.015933688369695928,0.19157286356728548,0.06650710143126509,0.34382991947884406
NSF,S10,N07,Housing security and community renewal,0.031352001374334304,0.37694930028064255,0.20659006136049662,0.5776251939181899
NSF,S10,N08,Transport accessibility and travel safety,0.06144419630075016,0.7387517793627937,0.46728312766296237,1.079887641004752
NSF,S10,N09,Accessibility of urban services,0.012454904655557463,0.14974698230326897,0.043239518451648924,0.2841098912617235
NSF,S10,N10,Urban food access and supply security,0.01546126095172651,0.18589280561785115,0.05662989002177737,0.344931709849361
NSF,S10,N11,Clean-energy access and energy security,0.0361020443222814,0.4340597011176825,0.23518341218422567,0.664594782106844
NSF,S10,N12,"Decarbonization of buildings, transport and industry",0.005010593826948405,0.060243038857636946,0.0,0.14295873965865866
NSF,S10,N13,Waste reduction and resource circularity,0.008732749241252934,0.10499501058045295,0.017961635788392872,0.2156757261742155
NSF,S10,N14,Reduction of environmental exposure and health risks,0.03364255855236786,0.4044889751869909,0.22272024014989802,0.6123545946777751
NSF,S10,N15,Public health and physical and mental well-being,0.005869552768710989,0.07057041694751756,0.013594332057750564,0.146690841533485
NSF,S10,N16,Social inclusion and distributive equity,0.5888453955710441,7.079766844348584,6.438835423194133,7.696827271696829
NSF,S10,N17,Planning and policy implementation capacity,0.010317733002838655,0.12405148205582792,0.05014034549769063,0.21388388563934305
NSF,S10,N18,Public participation and multi-actor coordination,0.04914881259152003,0.5909227387047882,0.30178130010533544,0.9474801946578187
NSF,S10,N19,Urban-rural linkages and cross-regional coordination,0.03484101079016042,0.4188981265219196,0.04314878657685643,0.8818826605686301
NSF,S11,N01,Climate adaptation and extreme-risk reduction,0.08031252804303915,-1.472399694929758,-1.6674449499555457,-1.270157062771296
NSF,S11,N02,"Disaster prevention, emergency response and recovery",0.40487235720575704,-7.422676757426724,-8.039988044399045,-6.8124124030462605
NSF,S11,N03,Critical infrastructure resilience,0.0625326028828427,-1.1464336592482778,-1.322109469269269,-0.9690536213129678
NSF,S11,N04,Air quality improvement,0.10107677974349603,-1.8530785082378554,-2.170895184537659,-1.5441850678758273
NSF,S11,N05,Water environmental quality and water security,0.011335041997984907,-0.20780957574769687,-0.26539254696679127,-0.15217071944117497
NSF,S11,N06,Ecological integrity and biodiversity protection,0.007596699694526947,-0.13927314436796542,-0.2112337057039146,-0.0793150138610254
NSF,S11,N07,Housing security and community renewal,0.024952924173081457,-0.45747131655924644,-0.6189207881891587,-0.31327191906749796
NSF,S11,N08,Transport accessibility and travel safety,0.1381118307152534,-2.5320559863630736,-2.916857110709168,-2.1609004660497497
NSF,S11,N09,Accessibility of urban services,0.0014784837388675974,-0.027105596836656125,-0.049195805233751,-0.009813586474484425
NSF,S11,N10,Urban food access and supply security,0.004817201335705909,-0.08831555860509804,-0.1334260710463574,-0.048938087871785205
NSF,S11,N11,Clean-energy access and energy security,0.005686672342760171,-0.10425589664116268,-0.15518410684809936,-0.0619514494291183
NSF,S11,N12,"Decarbonization of buildings, transport and industry",0.02069366531914164,-0.37938472670856865,-0.49349312361105957,-0.27612781671190983
NSF,S11,N13,Waste reduction and resource circularity,0.011289078772942397,-0.2069669147061429,-0.2910994592369528,-0.132530147075337
NSF,S11,N14,Reduction of environmental exposure and health risks,0.013485829099974388,-0.24724076226359243,-0.33979485757434985,-0.16997076078185533
NSF,S11,N15,Public health and physical and mental well-being,0.005551336180134984,-0.10177472801880898,-0.1507055912435207,-0.06272253336629982
NSF,S11,N16,Social inclusion and distributive equity,0.04018645018717248,-0.7367532617600263,-0.8728255348409454,-0.6114779669862455
NSF,S11,N17,Planning and policy implementation capacity,0.04297780413975445,-0.7879282005693258,-0.980040127929326,-0.6079009419920719
NSF,S11,N18,Public participation and multi-actor coordination,0.015764291827081965,-0.2890126738949159,-0.3780463263042028,-0.21056310151842225
NSF,S11,N19,Urban-rural linkages and cross-regional coordination,0.007278422600482541,-0.13343805104450565,-0.21217101796098486,-0.06621610502117041
NSF,S12,N01,Climate adaptation and extreme-risk reduction,0.002082797634353304,0.013269992567431893,0.0,0.03181160123937407
NSF,S12,N02,"Disaster prevention, emergency response and recovery",0.005731979086311819,0.03651978407189332,0.008074393214676527,0.07328530575253242
NSF,S12,N03,Critical infrastructure resilience,0.01236821805091283,0.07880082006092272,0.029116849908186065,0.13790322653226372
NSF,S12,N04,Air quality improvement,0.00516949515728122,0.03293606694334304,0.010041928341377621,0.06374988708218353
NSF,S12,N05,Water environmental quality and water security,0.10678087768920887,0.6803260335561211,0.5175102474696727,0.8784170796775111
NSF,S12,N06,Ecological integrity and biodiversity protection,0.04525584983286192,0.28833564097135966,0.17758209934744887,0.41456575217045527
NSF,S12,N07,Housing security and community renewal,0.0,0.0,0.0,0.0
NSF,S12,N08,Transport accessibility and travel safety,0.001928516328104911,0.012287030155029528,0.0,0.04010204280742248
NSF,S12,N09,Accessibility of urban services,0.0,0.0,0.0,0.0
NSF,S12,N10,Urban food access and supply security,0.018576969229450586,0.1183582310322539,0.061637051082826015,0.18565367394984067
NSF,S12,N11,Clean-energy access and energy security,0.0251874946430102,0.16047543995254956,0.10200745719253569,0.23234221704092062
NSF,S12,N12,"Decarbonization of buildings, transport and industry",0.05292705922687922,0.3372107164769215,0.23811819875824877,0.4668956214134711
NSF,S12,N13,Waste reduction and resource circularity,0.6005603411331105,3.82631088670561,3.4450703552115525,4.229257425432358
NSF,S12,N14,Reduction of environmental exposure and health risks,0.05322169366589525,0.3390879016394954,0.22025062868241016,0.47796808791913376
NSF,S12,N15,Public health and physical and mental well-being,0.0023570755121282245,0.015017481300591646,0.0,0.04348853990503883
NSF,S12,N16,Social inclusion and distributive equity,0.022810062569640865,0.14532826222254372,0.07079018545318862,0.23853131628479263
NSF,S12,N17,Planning and policy implementation capacity,0.03899888574612153,0.24847105424615268,0.13963509087958145,0.36882484313202124
NSF,S12,N18,Public participation and multi-actor coordination,0.005785548984314733,0.036861090465088585,0.00777034201883446,0.07889959792770466
NSF,S12,N19,Urban-rural linkages and cross-regional coordination,0.0002571355104139881,0.0016382706873372705,0.0,0.0055216222703623336
NSF,S13,N01,Climate adaptation and extreme-risk reduction,0.4954144518352843,-4.740689711076674,-5.290918439312416,-4.181615354111435
NSF,S13,N02,"Disaster prevention, emergency response and recovery",0.12252663197415872,-1.1724743623867826,-1.343555729891288,-1.0153443209417303
NSF,S13,N03,Critical infrastructure resilience,0.035392167596542075,-0.338672568303302,-0.41125633874805984,-0.27143835256228643
NSF,S13,N04,Air quality improvement,0.01121026802904399,-0.10727261206616981,-0.16199675922426796,-0.061949897515801655
NSF,S13,N05,Water environmental quality and water security,0.052653030976730415,-0.5038441678148264,-0.6198597341073976,-0.39724713975387416
NSF,S13,N06,Ecological integrity and biodiversity protection,0.1549873645685073,-1.4830956219280844,-1.7352503036428255,-1.255178548241826
NSF,S13,N07,Housing security and community renewal,0.001191298123938203,-0.01139969723946707,-0.024193469872274775,-0.0025133083899460187
NSF,S13,N08,Transport accessibility and travel safety,0.0031646300272669113,-0.030282784351669634,-0.05763306236894311,-0.0102040656576726
NSF,S13,N09,Accessibility of urban services,0.0,-0.0,-0.0,0.0
NSF,S13,N10,Urban food access and supply security,0.012306344230415454,-0.11776111750065667,-0.1561371974052922,-0.08252101186240463
NSF,S13,N11,Clean-energy access and energy security,0.011560544682803375,-0.1106244580253579,-0.15907366090377573,-0.06953806361899069
NSF,S13,N12,"Decarbonization of buildings, transport and industry",0.03612474704931207,-0.3456827228545616,-0.45807463739660814,-0.2464094529202403
NSF,S13,N13,Waste reduction and resource circularity,0.0017058763507771552,-0.016323767775727024,-0.031037045111035794,-0.005949732833972971
NSF,S13,N14,Reduction of environmental exposure and health risks,0.009267845079853093,-0.08868529702988961,-0.1315318286981974,-0.055289764953653335
NSF,S13,N15,Public health and physical and mental well-being,0.003021257167711985,-0.02891082954166813,-0.046194740795788086,-0.014998831343469935
NSF,S13,N16,Social inclusion and distributive equity,0.013713744355391896,-0.1312287248082896,-0.16941165311628886,-0.09841439078071404
NSF,S13,N17,Planning and policy implementation capacity,0.015326558686421587,-0.14666196918916116,-0.20389865066324264,-0.0977737853861179
NSF,S13,N18,Public participation and multi-actor coordination,0.01952347330248396,-0.1868228281728416,-0.24672121366040486,-0.13256994110689083
NSF,S13,N19,Urban-rural linkages and cross-regional coordination,0.0009097659633576212,-0.008705676885282293,-0.016904541729260585,-0.002520594686834174
NSF,S15,N01,Climate adaptation and extreme-risk reduction,0.032443806067936704,0.22656697489420427,0.14932735986462997,0.31365180482653365
NSF,S15,N02,"Disaster prevention, emergency response and recovery",0.004955817625911367,0.0346082887217037,0.012258301403147138,0.06307617390856203
NSF,S15,N03,Critical infrastructure resilience,0.002225918086214428,0.015544400866527931,0.0,0.04211778219868755
NSF,S15,N04,Air quality improvement,0.0036118670832913356,0.025222990085309472,0.0,0.07582961105468211
NSF,S15,N05,Water environmental quality and water security,0.02648002553506031,0.18491971219520487,0.11682375634443125,0.2703636598347515
NSF,S15,N06,Ecological integrity and biodiversity protection,0.8669656956623997,6.054338834104957,5.489469830799541,6.586524033734489
NSF,S15,N07,Housing security and community renewal,0.00015119443604475358,0.00105584609659435,0.0,0.003770565573623459
NSF,S15,N08,Transport accessibility and travel safety,0.0,0.0,0.0,0.0
NSF,S15,N09,Accessibility of urban services,0.0,0.0,0.0,0.0
NSF,S15,N10,Urban food access and supply security,0.011507576521184023,0.08036161957412553,0.03844146887606333,0.13182038265828366
NSF,S15,N11,Clean-energy access and energy security,0.00025199072674125594,0.0017597434943239165,0.0,0.005930841455143551
NSF,S15,N12,"Decarbonization of buildings, transport and industry",0.0004031851627860096,0.002815589590918267,0.0,0.007745214857897124
NSF,S15,N13,Waste reduction and resource circularity,0.0026879010852400636,0.018770597272788445,0.0034350360905229917,0.03911099804816298
NSF,S15,N14,Reduction of environmental exposure and health risks,0.006047777441790143,0.042233843863774004,0.0,0.10231955384486753
NSF,S15,N15,Public health and physical and mental well-being,0.0007559721802237679,0.0052792304829717505,0.0,0.014219761312188833
NSF,S15,N16,Social inclusion and distributive equity,0.009613446225178915,0.06713421430845742,0.0324906412717834,0.11111007093174456
NSF,S15,N17,Planning and policy implementation capacity,0.017471357054060412,0.12200888227312488,0.05338706388813159,0.2054454894243412
NSF,S15,N18,Public participation and multi-actor coordination,0.010445015623425062,0.07294136783972636,0.03609525798576605,0.11691661291872867
NSF,S15,N19,Urban-rural linkages and cross-regional coordination,0.003981453482511844,0.027803947210317884,0.001501972375341442,0.0652007911682157
NSF,S16,N01,Climate adaptation and extreme-risk reduction,0.03869183829138062,0.28431276368616715,0.1326562940169098,0.46819813288997936
NSF,S16,N02,"Disaster prevention, emergency response and recovery",0.037452326468344774,0.275204666278774,0.1123142790269173,0.4664608012717361
NSF,S16,N03,Critical infrastructure resilience,0.0,0.0,0.0,0.0
NSF,S16,N04,Air quality improvement,0.009077040427154844,0.06669929793721814,0.005891896024006602,0.15684655433392813
NSF,S16,N05,Water environmental quality and water security,0.035011441647597244,0.2572687206149841,0.10504308393406095,0.4532859634036053
NSF,S16,N06,Ecological integrity and biodiversity protection,0.04538520213577422,0.33349648968609064,0.16291157753472024,0.5525653202586074
NSF,S16,N07,Housing security and community renewal,0.0,0.0,0.0,0.0
NSF,S16,N08,Transport accessibility and travel safety,0.0,0.0,0.0,0.0
NSF,S16,N09,Accessibility of urban services,0.0,0.0,0.0,0.0
NSF,S16,N10,Urban food access and supply security,0.008104500381388253,0.0595529445868019,0.0061612395913440525,0.13347445959808285
NSF,S16,N11,Clean-energy access and energy security,0.026029748283752856,0.19127004555525784,0.05728304308847492,0.35594522514959903
NSF,S16,N12,"Decarbonization of buildings, transport and industry",0.0,0.0,0.0,0.0
NSF,S16,N13,Waste reduction and resource circularity,0.0,0.0,0.0,0.0
NSF,S16,N14,Reduction of environmental exposure and health risks,0.016590389016018302,0.12190838068357092,0.04141929272993033,0.22470560208181692
NSF,S16,N15,Public health and physical and mental well-being,0.022311212814645306,0.16394575333307818,0.0,0.4133078520689738
NSF,S16,N16,Social inclusion and distributive equity,0.14303966437833712,1.051074440813179,0.6947881545708393,1.4728717326889023
NSF,S16,N17,Planning and policy implementation capacity,0.2918192219679634,2.1443263788513636,1.5722775297379539,2.7326371298943197
NSF,S16,N18,Public participation and multi-actor coordination,0.32648741418764293,2.399072857107377,1.8059853537230597,2.965047201376781
NSF,S16,N19,Urban-rural linkages and cross-regional coordination,0.0,0.0,0.0,0.0
NSF,S17,N01,Climate adaptation and extreme-risk reduction,0.07280009287206872,0.7318661398771746,0.4532545947927404,1.0964657531616548
NSF,S17,N02,"Disaster prevention, emergency response and recovery",0.0261202693289993,0.262589509603515,0.06441177073391746,0.527369307729749
NSF,S17,N03,Critical infrastructure resilience,0.04933828651033201,0.49600240702886167,0.20937419642790872,0.8117514171213567
NSF,S17,N04,Air quality improvement,0.004353378221499884,0.04376491826725251,0.0,0.12402514112227836
NSF,S17,N05,Water environmental quality and water security,0.06491370636947603,0.6525835590516984,0.37128648972527034,1.0115468811827963
NSF,S17,N06,Ecological integrity and biodiversity protection,0.08513272966488662,0.8558472905596047,0.41217479937746243,1.3877433410892726
NSF,S17,N07,Housing security and community renewal,0.0,0.0,0.0,0.0
NSF,S17,N08,Transport accessibility and travel safety,0.0023218017181332712,0.02334128974253467,0.0,0.07754563988174526
NSF,S17,N09,Accessibility of urban services,0.0,0.0,0.0,0.0
NSF,S17,N10,Urban food access and supply security,0.03985759616128783,0.4006921405801786,0.1978131166762977,0.6604766661343588
NSF,S17,N11,Clean-energy access and energy security,0.050282485875706225,0.5054945315241594,0.24538424747950155,0.8254728875589284
NSF,S17,N12,"Decarbonization of buildings, transport and industry",0.019348347651110594,0.1945107478544556,0.025061743444373438,0.4295438330099877
NSF,S17,N13,Waste reduction and resource circularity,0.035407476201532395,0.3559546685736538,0.07299513283418406,0.7603033959414641
NSF,S17,N14,Reduction of environmental exposure and health risks,0.004740345174522096,0.04765513322434163,0.0,0.11448932089120552
NSF,S17,N15,Public health and physical and mental well-being,0.01683306245646622,0.16922435063337637,0.0,0.5055793078601842
NSF,S17,N16,Social inclusion and distributive equity,0.026488440744303295,0.2662907712626884,0.11068949106577794,0.4782735544513634
NSF,S17,N17,Planning and policy implementation capacity,0.14541665284641836,1.4618872063747015,0.86636359989516,2.1798492371396
NSF,S17,N18,Public participation and multi-actor coordination,0.3349613585856911,3.367397854106029,2.4867724402370843,4.215020694179287
NSF,S17,N19,Urban-rural linkages and cross-regional coordination,0.02168396961756609,0.21799097384545776,0.0674735097056234,0.4375079830141259
NSFC,S02,N01,Climate adaptation and extreme-risk reduction,0.13623762376237622,0.07161583712565868,0.011397921758881905,0.13585009962740308
NSFC,S02,N02,"Disaster prevention, emergency response and recovery",0.04712871287128712,0.02477408319172495,0.004303510098845112,0.05161390688013984
NSFC,S02,N03,Critical infrastructure resilience,0.0,0.0,0.0,0.0
NSFC,S02,N04,Air quality improvement,0.001188118811881188,0.0006245567191191165,0.0,0.002628484349056241
NSFC,S02,N05,Water environmental quality and water security,0.08066006600660065,0.042400461709086686,0.006521382334647239,0.08541078479976406
NSFC,S02,N06,Ecological integrity and biodiversity protection,0.10943894389438943,0.057528613349971953,0.009879037068442873,0.11425597768376011
NSFC,S02,N07,Housing security and community renewal,0.001485148514851485,0.0007806958988988955,0.0,0.0028192794365638715
NSFC,S02,N08,Transport accessibility and travel safety,0.0,0.0,0.0,0.0
NSFC,S02,N09,Accessibility of urban services,0.0,0.0,0.0,0.0
NSFC,S02,N10,Urban food access and supply security,0.5034323432343235,0.26463856092897237,0.05206784639747354,0.47708509115550174
NSFC,S02,N11,Clean-energy access and energy security,0.001815181518151815,0.0009541838764319835,0.0,0.002835933801909634
NSFC,S02,N12,"Decarbonization of buildings, transport and industry",0.011914191419141913,0.006262915988944473,0.0005943307742490062,0.016298362086593344
NSFC,S02,N13,Waste reduction and resource circularity,0.01099009900990099,0.005777149651851827,0.000482283889713553,0.015003676563838617
NSFC,S02,N14,Reduction of environmental exposure and health risks,0.02046204620462046,0.01075625460705145,0.0014799297360061315,0.025096190115900877
NSFC,S02,N15,Public health and physical and mental well-being,0.0,0.0,0.0,0.0
NSFC,S02,N16,Social inclusion and distributive equity,0.012409240924092409,0.006523147955244105,0.0,0.01791403294633542
NSFC,S02,N17,Planning and policy implementation capacity,0.020726072607260723,0.01089504498907792,0.0013628021229675994,0.026120569440970916
NSFC,S02,N18,Public participation and multi-actor coordination,0.0,0.0,0.0,0.0
NSFC,S02,N19,Urban-rural linkages and cross-regional coordination,0.0421122112211221,0.022137065933222014,0.0034986762741279014,0.04945927287170882
NSFC,S03,N01,Climate adaptation and extreme-risk reduction,0.0059584035975267,0.00920639080178744,0.0031599093748392614,0.017546571634362056
NSFC,S03,N02,"Disaster prevention, emergency response and recovery",0.00775716694772344,0.01198567859100629,0.0028996541655318436,0.025381500295687743
NSFC,S03,N03,Critical infrastructure resilience,0.0013490725126475546,0.002084465841914137,0.0,0.005839051522478153
NSFC,S03,N04,Air quality improvement,0.10831928049465991,0.16736523655702262,0.10495490311426763,0.2325748980235557
NSFC,S03,N05,Water environmental quality and water security,0.04097807757166948,0.06331564994814193,0.03733247110121024,0.09486440694428773
NSFC,S03,N06,Ecological integrity and biodiversity protection,0.010567734682405846,0.016328315761660744,0.005739664867455827,0.031015244838048947
NSFC,S03,N07,Housing security and community renewal,0.005396290050590218,0.008337863367656548,0.0027368590406516465,0.01634335671739024
NSFC,S03,N08,Transport accessibility and travel safety,0.19696458684654297,0.30433201291946405,0.2033137712530873,0.4175136498144712
NSFC,S03,N09,Accessibility of urban services,0.00033726812816188865,0.0005211164604785343,0.0,0.00174953959252291
NSFC,S03,N10,Urban food access and supply security,0.0031478358628442946,0.004863753631132987,0.0005564664761151479,0.01141448746951562
NSFC,S03,N11,Clean-energy access and energy security,0.0006745362563237773,0.0010422329209570686,0.0,0.0036077889501366757
NSFC,S03,N12,"Decarbonization of buildings, transport and industry",0.006604834176503652,0.010205197351037962,0.004223009600295305,0.01814173433110976
NSFC,S03,N13,Waste reduction and resource circularity,0.0016863406408094432,0.002605582302392671,0.0,0.007349287309615141
NSFC,S03,N14,Reduction of environmental exposure and health risks,0.4233839235525577,0.654174863387387,0.4523316070553885,0.8454744449618619
NSFC,S03,N15,Public health and physical and mental well-being,0.15711073636874645,0.24275341783958387,0.15895732175686003,0.33329405515193855
NSFC,S03,N16,Social inclusion and distributive equity,0.014390106801573918,0.0222343023137508,0.010460633402339945,0.03781333659019388
NSFC,S03,N17,Planning and policy implementation capacity,0.014924114671163573,0.023059403376175142,0.010646392045346233,0.04068041313396777
NSFC,S03,N18,Public participation and multi-actor coordination,0.0,0.0,0.0,0.0
NSFC,S03,N19,Urban-rural linkages and cross-regional coordination,0.0004496908375491849,0.0006948219473047124,0.0,0.002603992919773405
NSFC,S06,N01,Climate adaptation and extreme-risk reduction,0.013559665774316543,-0.07618972054932478,-0.10760500151592013,-0.049069660947004184
NSFC,S06,N02,"Disaster prevention, emergency response and recovery",0.012857954084529903,-0.07224690820860297,-0.09849832628492637,-0.04889777156486287
NSFC,S06,N03,Critical infrastructure resilience,0.002433682161109761,-0.013674493667243463,-0.034628991326425,0.0
NSFC,S06,N04,Air quality improvement,0.001987507098239638,-0.011167503161582161,-0.021194098948352433,-0.003513640369711294
NSFC,S06,N05,Water environmental quality and water security,0.7996430599497037,-4.493073965891738,-5.209121377728895,-3.833099207619414
NSFC,S06,N06,Ecological integrity and biodiversity protection,0.11530380465644535,-0.6478747191312169,-0.7925651282020586,-0.5225594102680201
NSFC,S06,N07,Housing security and community renewal,0.0,-0.0,-0.0,0.0
NSFC,S06,N08,Transport accessibility and travel safety,0.0,-0.0,-0.0,0.0
NSFC,S06,N09,Accessibility of urban services,0.00024336821611097608,-0.0013674493667243462,-0.00429926465019015,0.0
NSFC,S06,N10,Urban food access and supply security,0.0063884156729131225,-0.03589554587651409,-0.053354610781394696,-0.021079267434539917
NSFC,S06,N11,Clean-energy access and energy security,0.007240204429301537,-0.040681618660049296,-0.06291215351431168,-0.02330751958309077
NSFC,S06,N12,"Decarbonization of buildings, transport and industry",0.0010545956031475633,-0.005925613922472169,-0.011479083614647948,-0.0013406473884978475
NSFC,S06,N13,Waste reduction and resource circularity,0.011762797112030508,-0.06609338605834339,-0.0988870416129249,-0.03936765207579154
NSFC,S06,N14,Reduction of environmental exposure and health risks,0.014946864606149118,-0.08398418193965361,-0.11502387509789622,-0.058525374645188935
NSFC,S06,N15,Public health and physical and mental well-being,0.00036505232416646417,-0.00205117405008652,-0.0063479850068049095,0.0
NSFC,S06,N16,Social inclusion and distributive equity,0.0005272978015737816,-0.002962806961236084,-0.008274242963374877,0.0
NSFC,S06,N17,Planning and policy implementation capacity,0.005706984667802389,-0.03206668764968592,-0.04976771712267248,-0.01676196848564374
NSFC,S06,N18,Public participation and multi-actor coordination,0.0021173034801654925,-0.011896809490501816,-0.02469657872988337,-0.0022531351704264254
NSFC,S06,N19,Urban-rural linkages and cross-regional coordination,0.003861442362294154,-0.02169686328535963,-0.03903952436720215,-0.007566423875129007
NSFC,S07,N01,Climate adaptation and extreme-risk reduction,0.003385526872619551,0.01955032671156218,0.0,0.04816500993593197
NSFC,S07,N02,"Disaster prevention, emergency response and recovery",0.0,0.0,0.0,0.0
NSFC,S07,N03,Critical infrastructure resilience,0.034701650444350404,0.20039084879351238,0.09970125957403923,0.33056779643331036
NSFC,S07,N04,Air quality improvement,0.008181689942163914,0.047246622886275264,0.01152182956821136,0.09263410869593688
NSFC,S07,N05,Water environmental quality and water security,0.026378896882494,0.15232962896092198,0.08621377762383747,0.23676432101793388
NSFC,S07,N06,Ecological integrity and biodiversity protection,0.0004231908590774439,0.0024437908389452726,0.0,0.00847650929347557
NSFC,S07,N07,Housing security and community renewal,0.008358019466779516,0.04826486906916913,0.010568522435763991,0.09513290716042375
NSFC,S07,N08,Transport accessibility and travel safety,0.010297644237551135,0.059465577081001635,0.014122068820457185,0.1193724537518073
NSFC,S07,N09,Accessibility of urban services,0.0,0.0,0.0,0.0
NSFC,S07,N10,Urban food access and supply security,0.0024686133446184225,0.01425544656051409,0.0024010262910720247,0.029979254150532746
NSFC,S07,N11,Clean-energy access and energy security,0.5607631541825363,3.2382265108390653,2.8426510729259853,3.664969967530387
NSFC,S07,N12,"Decarbonization of buildings, transport and industry",0.3072718295951474,1.774395798310847,1.4364534068499155,2.13299819688529
NSFC,S07,N13,Waste reduction and resource circularity,0.005959937932007335,0.034416720981812594,0.00871805104862811,0.07112517059048173
NSFC,S07,N14,Reduction of environmental exposure and health risks,0.003385526872619551,0.01955032671156218,0.0,0.04579679713096501
NSFC,S07,N15,Public health and physical and mental well-being,0.009310198899703765,0.053763398456795994,0.011743022302453264,0.10636894431794296
NSFC,S07,N16,Social inclusion and distributive equity,0.003808717731696995,0.021994117550507456,0.0,0.060112154322340836
NSFC,S07,N17,Planning and policy implementation capacity,0.012343066723092115,0.07127723280257046,0.02637181018666839,0.12713014104550155
NSFC,S07,N18,Public participation and multi-actor coordination,0.0,0.0,0.0,0.0
NSFC,S07,N19,Urban-rural linkages and cross-regional coordination,0.0029623360135421074,0.01710653587261691,0.0,0.05192163236757383
NSFC,S09,N01,Climate adaptation and extreme-risk reduction,0.001321253303133258,0.0025743044061354143,0.0,0.006350936452326305
NSFC,S09,N02,"Disaster prevention, emergency response and recovery",0.05690826727066818,0.11087896834997533,0.06552933424887197,0.17130775121890285
NSFC,S09,N03,Critical infrastructure resilience,0.5509626274065687,1.0734849373584678,0.7844017104815041,1.3739229585959294
NSFC,S09,N04,Air quality improvement,0.025906002265005664,0.050474754248869366,0.02201977357412255,0.08786955866890911
NSFC,S09,N05,Water environmental quality and water security,0.011230653076632692,0.02188158745215102,0.006290323274251197,0.04527085222712915
NSFC,S09,N06,Ecological integrity and biodiversity protection,0.0029256323140807857,0.005700245470728418,0.0,0.015473389240003372
NSFC,S09,N07,Housing security and community renewal,0.0008493771234428086,0.001654909975372766,0.0,0.005848585520160979
NSFC,S09,N08,Transport accessibility and travel safety,0.04492261230653077,0.08752634980860408,0.04554503345338284,0.13807251630336637
NSFC,S09,N09,Accessibility of urban services,0.00632314080785202,0.012319885372219482,0.0005460090944567423,0.030060739503757233
NSFC,S09,N10,Urban food access and supply security,0.0016987542468856172,0.003309819950745532,0.0,0.011674773521809702
NSFC,S09,N11,Clean-energy access and energy security,0.03406946017365043,0.06638027790106317,0.03592239573475183,0.10584191346440468
NSFC,S09,N12,"Decarbonization of buildings, transport and industry",0.1522508493771235,0.29664261308556844,0.19996766068945881,0.41128657952831454
NSFC,S09,N13,Waste reduction and resource circularity,0.023310683276708193,0.0454180848796748,0.022179460796936973,0.07534206866664468
NSFC,S09,N14,Reduction of environmental exposure and health risks,0.0,0.0,0.0,0.0
NSFC,S09,N15,Public health and physical and mental well-being,0.0,0.0,0.0,0.0
NSFC,S09,N16,Social inclusion and distributive equity,0.0042468856172140435,0.00827454987686383,0.0,0.01992619170879309
NSFC,S09,N17,Planning and policy implementation capacity,0.04730558701396753,0.09216929168395543,0.049941519456114934,0.14687725173936775
NSFC,S09,N18,Public participation and multi-actor coordination,0.0008493771234428086,0.001654909975372766,0.0,0.006004418640560112
NSFC,S09,N19,Urban-rural linkages and cross-regional coordination,0.03491883729709325,0.06803518787643595,0.0336183735092575,0.11364478271913502
NSFC,S10,N01,Climate adaptation and extreme-risk reduction,0.0,0.0,0.0,0.0
NSFC,S10,N02,"Disaster prevention, emergency response and recovery",0.0,0.0,0.0,0.0
NSFC,S10,N03,Critical infrastructure resilience,0.0012062726176115795,0.011929463372714494,0.0,0.039623970849505766
NSFC,S10,N04,Air quality improvement,0.009650180940892638,0.09543570698171597,0.0,0.2606380962561463
NSFC,S10,N05,Water environmental quality and water security,0.0036188178528347385,0.03578839011814348,0.0,0.12394794543833215
NSFC,S10,N06,Ecological integrity and biodiversity protection,0.004422999597909125,0.04374136569995315,0.0,0.10909663322802099
NSFC,S10,N07,Housing security and community renewal,0.056505255902119564,0.5588101485590118,0.3415350374556621,0.8129622324736342
NSFC,S10,N08,Transport accessibility and travel safety,0.012545235223160426,0.12406641907623073,0.03413829337043333,0.24446965774337928
NSFC,S10,N09,Accessibility of urban services,0.03760124073754952,0.3718584154180432,0.19360851059843348,0.5861154547171809
NSFC,S10,N10,Urban food access and supply security,0.0,0.0,0.0,0.0
NSFC,S10,N11,Clean-energy access and energy security,0.0,0.0,0.0,0.0
NSFC,S10,N12,"Decarbonization of buildings, transport and industry",0.0012062726176115795,0.011929463372714494,0.0,0.040219329040361254
NSFC,S10,N13,Waste reduction and resource circularity,0.0032167269802975454,0.03181190232723865,0.0,0.10755561229487579
NSFC,S10,N14,Reduction of environmental exposure and health risks,0.00824286288701246,0.08151799971354905,0.01976010440411553,0.16452548107769607
NSFC,S10,N15,Public health and physical and mental well-being,0.022597507036590258,0.22347861384885154,0.07559974288081137,0.4062716043555749
NSFC,S10,N16,Social inclusion and distributive equity,0.7121948417485209,7.0432687891875245,6.520946348735377,7.596002416211708
NSFC,S10,N17,Planning and policy implementation capacity,0.052926647136538545,0.5234194072199588,0.2803970066566001,0.8059510102336245
NSFC,S10,N18,Public participation and multi-actor coordination,0.00884599919581825,0.0874827313999063,0.0,0.2501742914550882
NSFC,S10,N19,Urban-rural linkages and cross-regional coordination,0.06521913952553274,0.6449863196847637,0.3062555615397211,1.0234393121885645
NSFC,S11,N01,Climate adaptation and extreme-risk reduction,0.05746621912384888,-1.5058080739556818,-1.749102199261254,-1.2813312375501034
NSFC,S11,N02,"Disaster prevention, emergency response and recovery",0.19353501448776425,-5.071267813543368,-5.55953712723904,-4.5932567521252965
NSFC,S11,N03,Critical infrastructure resilience,0.024055426456665807,-0.630333018826738,-0.7641718276713988,-0.4969384974887219
NSFC,S11,N04,Air quality improvement,0.13071979803195913,-3.425298032539095,-3.8230534498828104,-3.0453311558421907
NSFC,S11,N05,Water environmental quality and water security,0.011346357976876954,-0.297312711921258,-0.37102589630021154,-0.22859801465419669
NSFC,S11,N06,Ecological integrity and biodiversity protection,0.04871618326304617,-1.2765277272148885,-1.4858096029346581,-1.0758853283081753
NSFC,S11,N07,Housing security and community renewal,0.05561119102947142,-1.4572001034903175,-1.7179404414463255,-1.2136972180321906
NSFC,S11,N08,Transport accessibility and travel safety,0.11891729064463376,-3.1160326730336445,-3.5108262354028485,-2.7308242453441873
NSFC,S11,N09,Accessibility of urban services,0.018504379116307854,-0.4848769225068001,-0.6248203076225011,-0.35890442733625466
NSFC,S11,N10,Urban food access and supply security,0.0010471354390796683,-0.02743846772471787,-0.045015094641819846,-0.01132068322849766
NSFC,S11,N11,Clean-energy access and energy security,0.0009001061479760161,-0.02358580616063077,-0.04448235486716294,-0.007142542914838885
NSFC,S11,N12,"Decarbonization of buildings, transport and industry",0.028598990159795733,-0.7493896578925514,-0.8938893814753129,-0.6036399359312764
NSFC,S11,N13,Waste reduction and resource circularity,0.013200361476891295,-0.34589383457084405,-0.442245833506847,-0.2572909169085298
NSFC,S11,N14,Reduction of environmental exposure and health risks,0.015118914421780413,-0.3961663696144196,-0.5055657352720312,-0.30261468146934767
NSFC,S11,N15,Public health and physical and mental well-being,0.014232435378833517,-0.37293763940363106,-0.46545320628176434,-0.2850906454323369
NSFC,S11,N16,Social inclusion and distributive equity,0.025738425157480163,-0.6744332410230411,-0.8078561323255745,-0.554086545451717
NSFC,S11,N17,Planning and policy implementation capacity,0.18658703519276726,-4.88920740519224,-5.359239386445281,-4.4276667820424445
NSFC,S11,N18,Public participation and multi-actor coordination,0.0049946926011991835,-0.13087773235269534,-0.19505798749610856,-0.07395586195847222
NSFC,S11,N19,Urban-rural linkages and cross-regional coordination,0.05071004389362252,-1.3287735767181184,-1.5759233779373174,-1.0868917480429492
NSFC,S12,N01,Climate adaptation and extreme-risk reduction,0.002278769464489176,0.007327347715791267,0.0,0.025095106837738423
NSFC,S12,N02,"Disaster prevention, emergency response and recovery",0.010634257500949484,0.03419428934035924,0.006119856318931619,0.07280219140319208
NSFC,S12,N03,Critical infrastructure resilience,0.0034181541967337635,0.0109910215736869,0.0,0.030699380893903335
NSFC,S12,N04,Air quality improvement,0.028864413216862894,0.09281307106668939,0.04089543455086023,0.16011005005094375
NSFC,S12,N05,Water environmental quality and water security,0.10798835295607037,0.3472348667538861,0.24597116797715918,0.4642360716173176
NSFC,S12,N06,Ecological integrity and biodiversity protection,0.08209899987340169,0.2639880552050353,0.1732003281105213,0.3806312218977192
NSFC,S12,N07,Housing security and community renewal,0.0018040258260539307,0.005800816941668086,0.0,0.017893440446594102
NSFC,S12,N08,Transport accessibility and travel safety,0.002278769464489176,0.007327347715791267,0.0,0.025698560389605826
NSFC,S12,N09,Accessibility of urban services,0.0,0.0,0.0,0.0
NSFC,S12,N10,Urban food access and supply security,0.020635523483985313,0.06635320431522092,0.020137154904565614,0.1272160531417842
NSFC,S12,N11,Clean-energy access and energy security,0.018958095961514116,0.06095946224665235,0.022175448346413922,0.11449543522229426
NSFC,S12,N12,"Decarbonization of buildings, transport and industry",0.12802253449803774,0.41165446542188444,0.29799786078149554,0.5468822814857474
NSFC,S12,N13,Waste reduction and resource circularity,0.4321749588555513,1.3896518480434685,1.1447841278004045,1.6407774776719637
NSFC,S12,N14,Reduction of environmental exposure and health risks,0.08216229902519304,0.26419159264158504,0.17435566237881062,0.37463611808397335
NSFC,S12,N15,Public health and physical and mental well-being,0.001139384732244588,0.0036636738578956335,0.0,0.011524463747726085
NSFC,S12,N16,Social inclusion and distributive equity,0.003291555893151032,0.010583946700587387,0.0,0.028964870234580067
NSFC,S12,N17,Planning and policy implementation capacity,0.0567793391568553,0.1825730805851324,0.11217246457216404,0.26497319284162557
NSFC,S12,N18,Public participation and multi-actor coordination,0.004557538928978352,0.014654695431582534,0.0012536229182353977,0.03513483646286767
NSFC,S12,N19,Urban-rural linkages and cross-regional coordination,0.01291302696543866,0.04152163705615051,0.01660563260915752,0.07285209038085572
NSFC,S13,N01,Climate adaptation and extreme-risk reduction,0.3854525990246224,-3.465884339557271,-3.895456297037197,-3.0532249126954567
NSFC,S13,N02,"Disaster prevention, emergency response and recovery",0.12338923912612504,-1.1094822881964947,-1.3193063769238478,-0.92210700567145
NSFC,S13,N03,Critical infrastructure resilience,0.014115221442448752,-0.12692021034638568,-0.18976585830883308,-0.07578172324333346
NSFC,S13,N04,Air quality improvement,0.023183061734269057,-0.20845574997059463,-0.2929184399738293,-0.13487673040024756
NSFC,S13,N05,Water environmental quality and water security,0.07358550414337259,-0.6616607257917336,-0.8019444678621398,-0.5181264400275933
NSFC,S13,N06,Ecological integrity and biodiversity protection,0.15964077554418935,-1.4354461879709342,-1.6746220653178887,-1.2112529884077257
NSFC,S13,N07,Housing security and community renewal,0.0007136909718092066,-0.006417314006277927,-0.016217117115650975,0.0
NSFC,S13,N08,Transport accessibility and travel safety,0.0008326394671107409,-0.00748686634065758,-0.01725958954868479,0.0
NSFC,S13,N09,Accessibility of urban services,0.00011894849530153442,-0.0010695523343796545,-0.0032450168118695276,0.0
NSFC,S13,N10,Urban food access and supply security,0.02154950239879465,-0.19376723124511405,-0.2612585112362681,-0.13349214420560043
NSFC,S13,N11,Clean-energy access and energy security,0.023321834978787512,-0.2097035610273709,-0.28582699955112334,-0.13970053874996802
NSFC,S13,N12,"Decarbonization of buildings, transport and industry",0.1365786447801435,-1.2280778162069588,-1.4258387208066299,-1.0226013243665086
NSFC,S13,N13,Waste reduction and resource circularity,0.003568454859046033,-0.032086570031389636,-0.056168160463984144,-0.012764195458450029
NSFC,S13,N14,Reduction of environmental exposure and health risks,0.007295507711827445,-0.06559920984195214,-0.107947227915037,-0.03224670730893655
NSFC,S13,N15,Public health and physical and mental well-being,0.003033186630189128,-0.027273584526681192,-0.04469913875032173,-0.012305430456399882
NSFC,S13,N16,Social inclusion and distributive equity,0.0019507553229451647,-0.017540658283826335,-0.03543911181770814,-0.0036407465820969946
NSFC,S13,N17,Planning and policy implementation capacity,0.018530193093057368,-0.16661842782411046,-0.24151006142285233,-0.10105501405043828
NSFC,S13,N18,Public participation and multi-actor coordination,0.0007612703699298204,-0.006845134940029789,-0.018064987151794387,0.0
NSFC,S13,N19,Urban-rural linkages and cross-regional coordination,0.0023789699060306883,-0.021391046687593087,-0.044462261483951215,-0.004275645150656229
NSFC,S15,N01,Climate adaptation and extreme-risk reduction,0.013482617767198567,-0.06181547233102058,-0.08850985959677214,-0.03897208870302092
NSFC,S15,N02,"Disaster prevention, emergency response and recovery",0.006306385729818686,-0.028913688670961245,-0.049598078463782086,-0.01309851284801762
NSFC,S15,N03,Critical infrastructure resilience,0.0001175467983190808,-0.0005389317552835273,-0.0017581233825916256,0.0
NSFC,S15,N04,Air quality improvement,0.0017632019747862123,-0.008083976329252911,-0.015988924340231903,-0.0022583489344611954
NSFC,S15,N05,Water environmental quality and water security,0.021258338476005764,-0.09746580794302592,-0.1309573985182815,-0.06889522059808229
NSFC,S15,N06,Ecological integrity and biodiversity protection,0.9152516970819008,-4.196270852870247,-5.058266572489422,-3.3119815534722132
NSFC,S15,N07,Housing security and community renewal,0.0005465926121837257,-0.0025060326620684023,-0.0057281293376936415,0.0
NSFC,S15,N08,Transport accessibility and travel safety,0.0,-0.0,-0.0,0.0
NSFC,S15,N09,Accessibility of urban services,0.00013224014810896592,-0.0006062982246939684,-0.0022513888628957666,0.0
NSFC,S15,N10,Urban food access and supply security,0.0029386699579770203,-0.013473293882088185,-0.023698783256028328,-0.004966415924488156
NSFC,S15,N11,Clean-energy access and energy security,0.0,-0.0,-0.0,0.0
NSFC,S15,N12,"Decarbonization of buildings, transport and industry",0.0005289605924358637,-0.0024251928987758737,-0.008089633536413735,0.0
NSFC,S15,N13,Waste reduction and resource circularity,0.0015281083781480504,-0.007006112818685855,-0.014945060110476718,-0.0012206257901401668
NSFC,S15,N14,Reduction of environmental exposure and health risks,0.002145229069323225,-0.009835504533924375,-0.020275982967285774,-0.002278860763475969
NSFC,S15,N15,Public health and physical and mental well-being,0.0021158423697434548,-0.009700771595103495,-0.020140981355363432,-0.0021602249609251676
NSFC,S15,N16,Social inclusion and distributive equity,0.0037350495165887933,-0.017124556524134086,-0.02855107183300834,-0.007232343575709781
NSFC,S15,N17,Planning and policy implementation capacity,0.023241940697640257,-0.10656028131343548,-0.14616034845806514,-0.07265137527798851
NSFC,S15,N18,Public participation and multi-actor coordination,0.0007640541890740254,-0.003503056409342929,-0.009728846742150089,0.0
NSFC,S15,N19,Urban-rural linkages and cross-regional coordination,0.004143524640747598,-0.01899734437374434,-0.03334699628599507,-0.008170375712633104
NSFC,S16,N01,Climate adaptation and extreme-risk reduction,0.015625000000000003,0.15593811571607666,0.0,0.541980999297692
NSFC,S16,N02,"Disaster prevention, emergency response and recovery",0.04296875000000001,0.4288298182192108,0.12087718653179362,0.8137348790280896
NSFC,S16,N03,Critical infrastructure resilience,0.007812500000000002,0.07796905785803833,0.0,0.2659275826258162
NSFC,S16,N04,Air quality improvement,0.023437500000000003,0.23390717357411497,0.0,0.5398314701778514
NSFC,S16,N05,Water environmental quality and water security,0.026562500000000003,0.26509479671733027,0.029702664572144682,0.5570116633550211
NSFC,S16,N06,Ecological integrity and biodiversity protection,0.0034722222222222225,0.03465291460357259,0.0,0.1199620120744929
NSFC,S16,N07,Housing security and community renewal,0.025111607142857144,0.2506148288294089,0.05405588504185829,0.5311555562477988
NSFC,S16,N08,Transport accessibility and travel safety,0.0,0.0,0.0,0.0
NSFC,S16,N09,Accessibility of urban services,0.017981150793650796,0.1794525934827866,0.013705946914905934,0.40394972569611465
NSFC,S16,N10,Urban food access and supply security,0.0,0.0,0.0,0.0
NSFC,S16,N11,Clean-energy access and energy security,0.0,0.0,0.0,0.0
NSFC,S16,N12,"Decarbonization of buildings, transport and industry",0.0,0.0,0.0,0.0
NSFC,S16,N13,Waste reduction and resource circularity,0.003906250000000001,0.038984528929019165,0.0,0.13381148445963134
NSFC,S16,N14,Reduction of environmental exposure and health risks,0.0,0.0,0.0,0.0
NSFC,S16,N15,Public health and physical and mental well-being,0.0,0.0,0.0,0.0
NSFC,S16,N16,Social inclusion and distributive equity,0.00818452380952381,0.08168187013699252,0.0,0.23100022044981558
NSFC,S16,N17,Planning and policy implementation capacity,0.5834449404761906,5.822803497083881,4.651955647851367,6.884326437529674
NSFC,S16,N18,Public participation and multi-actor coordination,0.21805555555555556,2.1762030371043584,1.2198752349291009,3.3125089076423864
NSFC,S16,N19,Urban-rural linkages and cross-regional coordination,0.023437500000000003,0.23390717357411497,0.0,0.6487184165229628
NSFC,S17,N01,Climate adaptation and extreme-risk reduction,0.0,0.0,0.0,0.0
NSFC,S17,N02,"Disaster prevention, emergency response and recovery",0.0,0.0,0.0,0.0
NSFC,S17,N03,Critical infrastructure resilience,0.0,0.0,0.0,0.0
NSFC,S17,N04,Air quality improvement,0.047826086956521734,0.5987767564112882,0.0,1.5517157295175585
NSFC,S17,N05,Water environmental quality and water security,0.02608695652173913,0.32660550349706635,0.0,0.8356977965115754
NSFC,S17,N06,Ecological integrity and biodiversity protection,0.03478260869565217,0.4354740046627551,0.0,1.260251977854273
NSFC,S17,N07,Housing security and community renewal,0.0,0.0,0.0,0.0
NSFC,S17,N08,Transport accessibility and travel safety,0.05217391304347826,0.6532110069941327,0.0,2.235070306683693
NSFC,S17,N09,Accessibility of urban services,0.0,0.0,0.0,0.0
NSFC,S17,N10,Urban food access and supply security,0.008695652173913042,0.10886850116568877,0.0,0.42719345685367827
NSFC,S17,N11,Clean-energy access and energy security,0.04347826086956521,0.5443425058284439,0.0,1.4538984018225376
NSFC,S17,N12,"Decarbonization of buildings, transport and industry",0.1108695652173913,1.3880733898625321,0.1974261572670384,3.2131638337512705
NSFC,S17,N13,Waste reduction and resource circularity,0.02608695652173913,0.32660550349706635,0.0,1.1272138506931186
NSFC,S17,N14,Reduction of environmental exposure and health risks,0.0,0.0,0.0,0.0
NSFC,S17,N15,Public health and physical and mental well-being,0.0,0.0,0.0,0.0
NSFC,S17,N16,Social inclusion and distributive equity,0.0,0.0,0.0,0.0
NSFC,S17,N17,Planning and policy implementation capacity,0.3456521739130435,4.327522921336129,1.7622760425331068,6.995580105510505
NSFC,S17,N18,Public participation and multi-actor coordination,0.13913043478260867,1.7418960186510204,0.0,4.259556683504947
NSFC,S17,N19,Urban-rural linkages and cross-regional coordination,0.16521739130434784,2.0685015221480874,0.6130572677195247,3.690649782420792
