agency,theme,full_theme_name,observed_pct,delta_pp,font_size_pt,color,x_axes,y_axes
NSF,N05,Water environmental quality and water security,14.688999999999991,-5.8588001546769135,10.969452953328172,#ad625f,0.06618715298351878,0.9928454734944511
NSF,N01,Climate adaptation and extreme-risk reduction,13.574047619047622,-4.629605390135036,10.711848361874436,#ac6c68,0.10067757368270898,0.8934162908075601
NSF,N02,"Disaster prevention, emergency response and recovery",12.416428571428574,-8.137376335543282,10.440998260579303,#aa4c4b,0.05016130094147074,0.7981546198101516
NSF,N06,Ecological integrity and biodiversity protection,10.945333333333334,5.803616939963034,10.091234175832472,#5479a2,0.02563477955537993,0.7043059677975889
NSF,N11,Clean-energy access and energy security,8.493,-0.9546952632145402,9.491662512677332,#928584,0.09447626571861216,0.6511307989690722
NSF,N03,Critical infrastructure resilience,6.627571428571431,-4.19148881239718,9.01808064525584,#a86f6c,0.213555314152786,0.59959055123655
NSF,N12,"Decarbonization of buildings, transport and industry",5.404333333333334,-1.9277852589632525,8.696750834867832,#987e7d,0.03894320451203716,0.549992645660808
NSF,N13,Waste reduction and resource circularity,4.290333333333334,3.687119708030975,8.394455446841144,#69829e,0.15265707639300372,0.5012890558982593
NSF,N08,Transport accessibility and travel safety,3.96,-2.0841495564303947,8.302651280753302,#9a7d7c,0.16248162047095485,0.4525854661357107
NSF,N04,Air quality improvement,3.3955714285714285,-1.8605769350495072,8.143044669792902,#987f7d,0.07573298659117343,0.4038818763731622
NSF,N09,Accessibility of urban services,0.1379999999999999,0.0671059474503206,7.075107704028236,#8b8b8b,0.48627350933789804,0.4038818763731622
NSF,N16,Social inclusion and distributive equity,3.294380952380952,7.673760539187249,8.11402518282254,#406c9d,0.1829668400377466,0.3568271813911893
NSF,N14,Reduction of environmental exposure and health risks,3.1987142857142867,-0.0095184918971133,8.0864666384569,#8b8b8b,0.05211227423354615,0.3097724864092165
NSF,N17,Planning and policy implementation capacity,2.688523809523809,2.968379595673173,7.937290179399803,#70849a,0.13851252002545703,0.2627177914272436
NSF,N10,Urban food access and supply security,2.6356666666666677,3.0166532195119826,7.921603624820507,#6f849b,0.1842210371540808,0.21566309644527082
NSF,N18,Public participation and multi-actor coordination,2.3209047619047616,5.839146861080816,7.827172303618114,#5479a2,0.11921181995742533,0.16860840146329792
NSF,N15,Public health and physical and mental well-being,0.8459999999999999,0.1367865381301652,7.350793931174165,#8a8b8c,0.13147508065047073,0.12155370648132513
NSF,N07,Housing security and community renewal,0.693,-0.1126846087528414,7.296080981790173,#8c8a8a,0.1909797660587706,0.07642737997155102
NSF,N19,Urban-rural linkages and cross-regional coordination,0.3891904761904761,0.5741114580322884,7.181311410435839,#868a8e,0.11210470296486492,0.032195369274970465
NSFC,N06,Ecological integrity and biodiversity protection,21.558480586608976,-6.696262181594667,12.5,#ac5a57,0.04786193956152473,0.9928454734944511
NSFC,N05,Water environmental quality and water security,12.655667748527463,-4.294862326391032,10.497273263667513,#a96f6b,0.08534849781640216,0.884170511986483
NSFC,N02,"Disaster prevention, emergency response and recovery",9.164863565332372,-5.671247860927152,9.658241086412382,#ad6460,0.040824500186538444,0.7898582624384045
NSFC,N17,Planning and policy implementation capacity,8.342692287878013,5.859267077097406,9.454129942914673,#5479a2,0.06723231724713055,0.7036557804738424
NSFC,N01,Climate adaptation and extreme-risk reduction,7.853407861521822,-4.843485283916287,9.331238424281091,#ad6b67,0.057477450786753516,0.6516519352058046
NSFC,N04,Air quality improvement,5.713427094602717,-2.366361383555429,8.778891456235286,#9c7b79,0.01448636074352047,0.5996480899377665
NSFC,N03,Critical infrastructure resilience,4.123091717754539,0.6053831402026831,8.34811459083608,#868a8e,0.4558243904580069,0.5996480899377665
NSFC,N08,Transport accessibility and travel safety,5.34890010818608,-1.8875908257790768,8.681946111206171,#987e7d,0.14875512980885286,0.5495865868265084
NSFC,N12,"Decarbonization of buildings, transport and industry",5.2467243659093645,1.9133455624727715,8.654597160611196,#798695,0.042357407773169126,0.500419399528444
NSFC,N14,Reduction of environmental exposure and health risks,3.152422166125737,0.4746057711311847,8.073087113282494,#868a8e,0.05211227423354615,0.4512522122303796
NSFC,N11,Clean-energy access and energy security,2.679709099651401,3.637934187764564,7.9346774523506856,#69829e,0.16157581144249122,0.40373391971289097
NSFC,N13,Waste reduction and resource circularity,2.591958168049045,1.424191417133262,7.908596485632255,#7e8893,0.17251519740162832,0.35621562719540223
NSFC,N10,Urban food access and supply security,2.462735905757905,0.1917147478238408,7.869946266685902,#898b8c,0.18638104329887853,0.3086973346779135
NSFC,N19,Urban-rural linkages and cross-regional coordination,2.451015747084987,1.7060314330278803,7.866425945657836,#7b8794,0.07629040753176636,0.26117904216042487
NSFC,N07,Housing security and community renewal,2.115982346779317,-0.5918593175174773,7.764667261869695,#8f8787,0.1718184212258871,0.21366074964293613
NSFC,N16,Social inclusion and distributive equity,2.0456613947418147,6.482499460929233,7.743012208418918,#4d75a1,0.19648429784712618,0.1680708255976462
NSFC,N15,Public health and physical and mental well-being,1.3415073927154708,0.1116959344276248,7.519088458162408,#8a8b8c,0.1218595694252419,0.12248090155235625
NSFC,N09,Accessibility of urban services,0.7451530918894788,0.0762317883009296,7.31491688315282,#8b8b8b,0.27278128909078936,0.07689097750706642
NSFC,N18,Public participation and multi-actor coordination,0.4065993508835197,3.86876865936967,7.188182373374352,#67829f,0.14722222222222217,0.03219536927497024
