agency,theme,full_theme_name,observed_pct,standardized_pct,delta_pp,observed_ci_low,observed_ci_high,standardized_ci_low,standardized_ci_high,delta_ci_low,delta_ci_high,family_count,fractional_support,effective_family_n,bootstrap_valid
NSF,N01,Climate adaptation and extreme-risk reduction,13.574047619047622,8.944442228912585,-4.629605390135036,12.713250000000002,14.418705952380948,8.329843014481595,9.631687356389687,-5.316951189682942,-3.8804589953741346,896,678.702380952381,782.2465257564303,2000
NSF,N02,"Disaster prevention, emergency response and recovery",12.416428571428574,4.279052235885292,-8.137376335543282,11.558617857142854,13.255901190476191,3.837984811042098,4.804199974510562,-8.853841513497786,-7.392776678734656,791,620.8214285714287,708.566746519959,2000
NSF,N03,Critical infrastructure resilience,6.627571428571431,2.4360826161742515,-4.19148881239718,5.9991297619047605,7.239425000000002,2.018896508959637,2.859138017220122,-4.770582754765342,-3.6040439808278286,472,331.3785714285714,406.087261430631,2000
NSF,N04,Air quality improvement,3.3955714285714285,1.5349944935219213,-1.8605769350495072,2.956953571428571,3.8669499999999983,1.286054284577145,1.817233792303557,-2.235205319016475,-1.4857734661965765,221,169.7785714285714,193.6286978065835,2000
NSF,N05,Water environmental quality and water security,14.688999999999993,8.830199845323081,-5.8588001546769135,13.828950000000003,15.607675,8.195418944432733,9.495821088531663,-6.678401250996542,-5.049404214891221,967,734.4499999999999,850.1606890419528,2000
NSF,N06,Ecological integrity and biodiversity protection,10.945333333333334,16.748950273296366,5.803616939963034,10.165724999999998,11.776791666666666,15.95054219105079,17.605817241600484,5.001543405816375,6.587522693021339,639,547.2666666666667,593.5835105123787,2000
NSF,N07,Housing security and community renewal,0.693,0.5803153912471586,-0.11268460875284142,0.5029749999999998,0.8980166666666666,0.3733680860537675,0.818561251856703,-0.331203325104239,0.10792750989583919,59,34.65,47.67370371595909,2000
NSF,N08,Transport accessibility and travel safety,3.9599999999999995,1.875850443569605,-2.0841495564303947,3.438950000000001,4.511000000000001,1.5169979141173993,2.293335502177249,-2.547383507682035,-1.6048274339531658,243,198.0,219.8629112662014,2000
NSF,N09,Accessibility of urban services,0.13799999999999998,0.20510594745032068,0.06710594745032068,0.06633333333333336,0.2210083333333333,0.0751126179028145,0.3709875995164235,-0.03774551927207891,0.19703268875529587,15,6.9,11.789517127527859,2000
NSF,N10,Urban food access and supply security,2.6356666666666673,5.65231988617865,3.0166532195119826,2.2592583333333343,3.0173333333333328,5.0701853779156725,6.222713490847984,2.634913788601062,3.4333050909510385,212,131.78333333333333,172.10186441751063,2000
NSF,N11,Clean-energy access and energy security,8.493,7.53830473678546,-0.9546952632145402,7.787233333333331,9.251591666666668,6.99406321345781,8.113969305038582,-1.647740834276133,-0.2744983985564319,535,424.65,475.8546273783405,2000
NSF,N12,"Decarbonization of buildings, transport and industry",5.404333333333334,3.476548074370081,-1.9277852589632523,4.831991666666666,5.975408333333332,3.0714453336463383,3.953849379545479,-2.3150232030172475,-1.511006700126997,351,270.21666666666664,312.4410821154977,2000
NSF,N13,Waste reduction and resource circularity,4.290333333333334,7.977453041364309,3.687119708030975,3.7983333333333342,4.816708333333332,7.283704213162569,8.690780729921753,3.15081960770595,4.259807918880614,287,214.51666666666665,252.30566940046754,2000
NSF,N14,Reduction of environmental exposure and health risks,3.1987142857142867,3.1891957938171736,-0.009518491897113346,2.817322619047619,3.6023607142857146,2.748546095529328,3.6407232218865575,-0.3478395658864934,0.351576287836702,265,159.93571428571428,222.3692203905166,2000
NSF,N15,Public health and physical and mental well-being,0.8459999999999999,0.9827865381301651,0.13678653813016528,0.6523333333333333,1.0573416666666666,0.5896988942067439,1.4845649169829553,-0.18176342336287815,0.5450599956098464,82,42.3,67.72340559749352,2000
NSF,N16,Social inclusion and distributive equity,3.294380952380952,10.968141491568202,7.673760539187249,2.9307261904761908,3.680059523809524,10.023609248383908,11.959916048801679,6.898453627770946,8.506269889743209,318,164.71904761904761,263.01395612101123,2000
NSF,N17,Planning and policy implementation capacity,2.688523809523809,5.656903405196982,2.968379595673173,2.2993214285714285,3.0837214285714283,4.557773130367801,6.836377942281136,2.11512976612386,3.949637826126982,227,134.42619047619047,181.09614571870844,2000
NSF,N18,Public participation and multi-actor coordination,2.3209047619047616,8.160051622985577,5.839146861080816,1.996346428571428,2.6519523809523804,6.860077677524851,9.39585729949322,4.756619591847867,6.9119000042679435,202,116.04523809523809,168.06964338310493,2000
NSF,N19,Urban-rural linkages and cross-regional coordination,0.38919047619047614,0.9633019342227646,0.5741114580322884,0.2529964285714284,0.5401904761904761,0.47727309122924316,1.559024341315161,0.16237589520022092,1.0841508579032038,35,19.45952380952381,26.37485316687705,2000
NSFC,N01,Climate adaptation and extreme-risk reduction,7.853407861521822,3.0099225776055345,-4.843485283916287,7.203329727130666,8.537444404375524,2.6650093448797967,3.4718885957839816,-5.434955569105515,-4.224224018223526,533,435.54999999999995,486.02986705116325,2000
NSFC,N02,"Disaster prevention, emergency response and recovery",9.164863565332373,3.4936157044052214,-5.671247860927152,8.39253516047602,9.866878531073448,3.0834843224654036,3.9918400552300244,-6.269095975738066,-5.022506227787808,604,508.2833333333333,556.9386920548538,2000
NSFC,N03,Critical infrastructure resilience,4.123091717754539,4.728474857957223,0.6053831402026831,3.597773169852147,4.614136314460872,4.274572161959339,5.192706863583691,0.23108654817404536,1.0167075376493915,265,228.66666666666666,247.33323522610212,2000
NSFC,N04,Air quality improvement,5.713427094602717,3.3470657110472883,-2.366361383555429,5.157425772328403,6.269398365188124,2.5973088851369184,4.395956845846972,-3.1496879329913288,-1.351329633335338,395,316.8666666666667,356.6611909488832,2000
NSFC,N05,Water environmental quality and water security,12.655667748527463,8.360805422136432,-4.294862326391032,11.844557639139316,13.495026445486237,7.822194236156158,9.027654733444399,-5.114938553842165,-3.459199165632966,861,701.8833333333333,783.0772619436069,2000
NSFC,N06,Ecological integrity and biodiversity protection,21.558480586608976,14.862218405014307,-6.696262181594667,20.51858696958769,22.58300276475538,14.21085580511315,15.736162133811073,-7.73320648186025,-5.518505831258448,1339,1195.6333333333332,1268.2788244479186,2000
NSFC,N07,Housing security and community renewal,2.1159823467793175,1.5241230292618404,-0.5918593175174773,1.7823721085982174,2.4586102381811,1.1590354871242048,1.9299758657494632,-0.9798098313599716,-0.15138657147964366,171,117.35238095238094,144.99459093473942,2000
NSFC,N08,Transport accessibility and travel safety,5.34890010818608,3.4613092824070026,-1.8875908257790772,4.8026806106503175,5.934074107464839,2.5227598051054767,5.098194116712786,-2.8393029073491194,-0.27073313574288405,334,296.65,314.8326043986513,2000
NSFC,N09,Accessibility of urban services,0.7451530918894788,0.8213848801904085,0.07623178830092969,0.5702404564422235,0.9362163635739179,0.5116478943567783,1.1584484845997043,-0.2053308156158689,0.3959602835415139,70,41.326190476190476,56.26142076286388,2000
NSFC,N10,Urban food access and supply security,2.4627359057579046,2.6544506535817454,0.19171474782384082,2.0930250030051694,2.859418199302801,2.317828397186412,3.070506529698542,-0.10967075747396786,0.5746021037185438,177,136.58333333333334,157.41699384705538,2000
NSFC,N11,Clean-energy access and energy security,2.679709099651401,6.317643287415963,3.6379341877645635,2.2905397283327327,3.0794341266979206,5.446165412952134,7.394390479979946,2.938480954229063,4.6401133967409995,178,148.61666666666667,162.39747436271878,2000
NSFC,N12,"Decarbonization of buildings, transport and industry",5.2467243659093645,7.160069928382136,1.9133455624727715,4.679040449573265,5.783447529751172,5.748638211014331,9.10353720625563,0.6637176605955037,3.7156101681623634,355,290.98333333333335,322.5740604539283,2000
NSFC,N13,Waste reduction and resource circularity,2.591958168049045,4.016149585182307,1.424191417133262,2.1982434787835077,2.984207837480467,3.3317437323607733,4.985788100025438,0.8763376452756988,2.3058578504785716,185,143.75,166.84188393608073,2000
NSFC,N14,Reduction of environmental exposure and health risks,3.1524221661257372,3.6270279372569223,0.47460577113118474,2.7541997235244615,3.579268842408944,3.2469539069251696,4.029756041547111,0.20528979148737136,0.7308854894933611,254,174.83333333333331,219.86033966033963,2000
NSFC,N15,Public health and physical and mental well-being,1.3415073927154708,1.4532033271430957,0.11169593442762488,1.0869470489241495,1.6064055174900824,1.1572670471987976,1.7730349912355943,-0.08890612236295373,0.3205402569373014,112,74.39999999999999,97.43160282800228,2000
NSFC,N16,Social inclusion and distributive equity,2.0456613947418147,8.528160855671048,6.482499460929233,1.7288038998505992,2.3837868991808766,7.898838996189157,9.152305772218194,5.909982949784919,7.062462552881549,178,113.45238095238096,152.19574625651111,2000
NSFC,N17,Planning and policy implementation capacity,8.342692287878013,14.20195936497542,5.859267077097406,7.705817577662152,9.018998033760926,11.298289566071725,17.28214526046144,3.0076589653555623,8.924019843645985,641,462.68571428571425,554.5106779441953,2000
NSFC,N18,Public participation and multi-actor coordination,0.4065993508835197,4.275368010253191,3.86876865936967,0.27165975477821847,0.5466552470248827,2.0513822438774,7.119291297491704,1.7332239161615155,6.657760222257824,40,22.549999999999997,34.23170708902892,2000
NSFC,N19,Urban-rural linkages and cross-regional coordination,2.451015747084987,4.157047180112867,1.7060314330278805,2.073521456905879,2.842348840004808,2.505370708577123,5.9532055162342195,0.13974269857422716,3.406782939417886,190,135.93333333333334,165.38296454676544,2000
