agency,task,label,observed_pct,standardized_pct,delta_pp,ci_low,ci_high
NSF,K01,Measure & diagnose,19.050000000000004,17.271660011918115,-1.7783399880818869,-3.132627055229454,-0.38308107633372285
NSF,K02,Explain mechanisms,32.719999999999985,37.101338054912915,4.381338054912925,2.890436344097836,5.923074037387738
NSF,K03,Predict risks,9.789999999999997,7.387163283892326,-2.4028367161076716,-3.183832048508683,-1.5522422752840455
NSF,K04,Design & optimize,28.579999999999995,23.167770137470573,-5.412229862529422,-6.654345054248766,-4.174773044717594
NSF,K05,Support decisions,9.019999999999998,13.747387399365858,4.72738739936586,3.472223340290934,6.071241703227099
NSF,K06,Monitor & evaluate,0.8399999999999997,1.324681112440154,0.48468111244015444,0.03069549494615652,1.000323644139556
NSFC,K01,Measure & diagnose,19.203029210241617,14.206492353827723,-4.996536856413894,-6.950311568890636,-2.1907080680532167
NSFC,K02,Explain mechanisms,42.46303642264696,43.836776250948894,1.3737398283019342,-2.460084241062805,5.1365606056249895
NSFC,K03,Predict risks,11.882437793003966,8.81878272748551,-3.063655065518456,-4.450805749907066,-0.9876705009910883
NSFC,K04,Design & optimize,15.506671474936892,16.10068097234568,0.5940094974087845,-0.8967481635102587,2.6748848471836064
NSFC,K05,Support decisions,10.584204832311576,16.629903055920806,6.045698223609229,2.7851072791055627,9.620570884504854
NSFC,K06,Monitor & evaluate,0.3606202668589975,0.40736463947134827,0.04674437261235078,-0.14934555460671264,0.3899297095834428
