agency,city_code,city_id,institution_city,institution_region,project_count,observed_pair_count
NSF,U001,NSF:NY:FLUSHING,FLUSHING,NY,2,1
NSF,U002,NSF:NC:CARY,CARY,NC,3,1
NSF,U003,NSF:MD:GAITHERSBURG,GAITHERSBURG,MD,1,1
NSF,U004,NSF:CA:SACRAMENTO,SACRAMENTO,CA,3,1
NSF,U005,NSF:IL:GENEVA,GENEVA,IL,1,1
NSF,U006,NSF:IL:SKOKIE,SKOKIE,IL,1,1
NSF,U007,NSF:MS:HATTIESBURG,HATTIESBURG,MS,4,1
NSF,U008,NSF:MA:BROOKLINE,BROOKLINE,MA,1,2
NSF,U009,NSF:NJ:CAMDEN,CAMDEN,NJ,3,3
NSF,U010,NSF:NC:BEAUFORT,BEAUFORT,NC,1,1
NSF,U011,NSF:PA:LANCASTER,LANCASTER,PA,2,3
NSF,U012,NSF:NJ:LAWRENCEVILLE,LAWRENCEVILLE,NJ,1,1
NSF,U013,NSF:MO:LAKE WINNEBAGO,LAKE WINNEBAGO,MO,1,1
NSF,U014,NSF:GA:STATESBORO,STATESBORO,GA,3,1
NSF,U015,NSF:CA:STOCKTON,STOCKTON,CA,1,1
NSF,U016,NSF:MO:SPRINGFIELD,SPRINGFIELD,MO,1,1
NSF,U017,NSF:PA:EASTON,EASTON,PA,3,1
NSF,U018,NSF:CA:PACIFIC GROVE,PACIFIC GROVE,CA,2,2
NSF,U019,NSF:WA:ISSAQUAH,ISSAQUAH,WA,1,1
NSF,U020,NSF:LA:CHAUVIN,CHAUVIN,LA,3,2
NSF,U021,NSF:UT:BOUNTIFUL,BOUNTIFUL,UT,1,1
NSF,U022,NSF:WI:WAUWATOSA,WAUWATOSA,WI,2,1
NSF,U023,NSF:CO:CENTENNIAL,CENTENNIAL,CO,1,1
NSF,U024,NSF:AZ:FOUNTAIN HILLS,FOUNTAIN HILLS,AZ,2,1
NSF,U025,NSF:CO:LOUISVILLE,LOUISVILLE,CO,1,1
NSF,U026,NSF:MA:MILTON,MILTON,MA,1,1
NSF,U027,NSF:NJ:EAST BRUNSWICK,EAST BRUNSWICK,NJ,1,2
NSF,U028,NSF:MN:SAINT PETER,SAINT PETER,MN,1,1
NSF,U029,NSF:WY:LARAMIE,LARAMIE,WY,10,2
NSF,U030,NSF:RI:BRISTOL,BRISTOL,RI,1,1
NSF,U031,NSF:CA:DANVILLE,DANVILLE,CA,3,1
NSF,U032,NSF:IN:LAFAYETTE,LAFAYETTE,IN,1,1
NSF,U033,NSF:NY:SCHENECTADY,SCHENECTADY,NY,3,1
NSF,U034,NSF:CO:BROOMFIELD,BROOMFIELD,CO,2,2
NSF,U035,NSF:CA:MONTEREY PARK,MONTEREY PARK,CA,1,2
NSF,U036,NSF:CA:OAKLAND,OAKLAND,CA,10,3
NSF,U037,NSF:MA:WOBURN,WOBURN,MA,2,3
NSF,U038,NSF:NC:PENROSE,PENROSE,NC,1,1
NSF,U039,NSF:WA:BAINBRIDGE ISLAND,BAINBRIDGE ISLAND,WA,1,1
NSF,U040,NSF:CA:VALLEJO,VALLEJO,CA,1,1
NSF,U041,NSF:OH:KENT,KENT,OH,5,2
NSF,U042,NSF:MA:ARLINGTON,ARLINGTON,MA,3,1
NSF,U043,NSF:OH:TOLEDO,TOLEDO,OH,4,1
NSF,U044,NSF:TN:COLLIERVILLE,COLLIERVILLE,TN,1,1
NSF,U045,NSF:RI:EAST GREENWICH,EAST GREENWICH,RI,18,4
NSF,U046,NSF:MD:TOWSON,TOWSON,MD,2,2
NSF,U047,NSF:NC:BOONE,BOONE,NC,6,1
NSF,U048,NSF:MA:MEDWAY,MEDWAY,MA,1,1
NSF,U049,NSF:IN:VALPARAISO,VALPARAISO,IN,1,1
NSF,U050,NSF:WI:PLATTEVILLE,PLATTEVILLE,WI,2,1
NSF,U051,NSF:RI:PROVIDENCE,PROVIDENCE,RI,21,3
NSF,U052,NSF:CA:SOUTH SAN FRANCISCO,SOUTH SAN FRANCISCO,CA,2,2
NSF,U053,NSF:WA:REDMOND,REDMOND,WA,2,1
NSF,U054,NSF:MD:NORTH POTOMAC,NORTH POTOMAC,MD,1,1
NSF,U055,NSF:AL:BIRMINGHAM,BIRMINGHAM,AL,6,1
NSF,U056,NSF:VA:NORFOLK,NORFOLK,VA,13,2
NSF,U057,NSF:AZ:PHOENIX,PHOENIX,AZ,3,2
NSF,U058,NSF:VA:FAIRFAX STATION,FAIRFAX STATION,VA,1,1
NSF,U059,NSF:NY:MENANDS,MENANDS,NY,1,1
NSF,U060,NSF:CA:CHICO,CHICO,CA,2,1
NSF,U061,NSF:MA:AMESBURY,AMESBURY,MA,1,1
NSF,U062,NSF:MN:SAINT PAUL,SAINT PAUL,MN,4,1
NSF,U063,NSF:OH:BOWLING GREEN,BOWLING GREEN,OH,1,1
NSF,U064,NSF:VA:FARMVILLE,FARMVILLE,VA,1,1
NSF,U065,NSF:SC:CONWAY,CONWAY,SC,5,2
NSF,U066,NSF:MA:WOODS HOLE,WOODS HOLE,MA,80,3
NSF,U067,NSF:NY:TONAWANDA,TONAWANDA,NY,1,1
NSF,U068,NSF:NM:ALBUQUERQUE,ALBUQUERQUE,NM,13,2
NSF,U069,NSF:OK:NORMAN,NORMAN,OK,28,4
NSF,U070,NSF:VT:MIDDLEBURY,MIDDLEBURY,VT,3,2
NSF,U071,NSF:MA:HINGHAM,HINGHAM,MA,1,2
NSF,U072,NSF:CA:HAYWARD,HAYWARD,CA,2,2
NSF,U073,NSF:CA:SAN DIEGO,SAN DIEGO,CA,20,4
NSF,U074,NSF:NY:BUFFALO,BUFFALO,NY,4,3
NSF,U075,NSF:TX:CANYON,CANYON,TX,3,2
NSF,U076,NSF:CA:FULLERTON,FULLERTON,CA,3,2
NSF,U077,NSF:CA:LOS ALTOS HILLS,LOS ALTOS HILLS,CA,1,2
NSF,U078,NSF:MI:MOUNT PLEASANT,MOUNT PLEASANT,MI,4,2
NSF,U079,NSF:PA:BETHLEHEM,BETHLEHEM,PA,10,3
NSF,U080,NSF:WV:POINT PLEASANT,POINT PLEASANT,WV,1,1
NSF,U081,NSF:WA:ELLENSBURG,ELLENSBURG,WA,4,1
NSF,U082,NSF:TX:HUNTSVILLE,HUNTSVILLE,TX,1,1
NSF,U083,NSF:PA:AMBLER,AMBLER,PA,1,1
NSF,U084,NSF:NC:WINSTON SALEM,WINSTON SALEM,NC,2,1
NSF,U085,NSF:NC:ASHEVILLE,ASHEVILLE,NC,1,1
NSF,U086,NSF:MD:ANNAPOLIS,ANNAPOLIS,MD,1,1
NSF,U087,NSF:IN:TERRE HAUTE,TERRE HAUTE,IN,2,1
NSF,U088,NSF:FL:DELAND,DELAND,FL,2,1
NSF,U089,NSF:CA:TRUCKEE,TRUCKEE,CA,1,1
NSF,U090,NSF:AL:JACKSONVILLE,JACKSONVILLE,AL,3,1
NSF,U091,NSF:CA:SAN CLEMENTE,SAN CLEMENTE,CA,1,1
NSF,U092,NSF:CA:SANTA MONICA,SANTA MONICA,CA,6,1
NSF,U093,NSF:FL:DAYTONA BEACH,DAYTONA BEACH,FL,2,1
NSF,U094,NSF:FL:STUART,STUART,FL,1,1
NSF,U095,NSF:MA:DORCHESTER,DORCHESTER,MA,5,1
NSF,U096,NSF:MS:UNIVERSITY,UNIVERSITY,MS,5,1
NSF,U097,NSF:NC:WILMINGTON,WILMINGTON,NC,10,1
NSF,U098,NSF:OH:OXFORD,OXFORD,OH,1,1
NSF,U099,NSF:PR:SAN JUAN,SAN JUAN,PR,3,1
NSF,U100,NSF:VA:GLOUCESTER POINT,GLOUCESTER POINT,VA,11,1
NSF,U101,NSF:WA:WALLA WALLA,WALLA WALLA,WA,1,1
NSF,U102,NSF:CA:SAN LUIS OBISPO,SAN LUIS OBISPO,CA,6,2
NSF,U103,NSF:AZ:FLAGSTAFF,FLAGSTAFF,AZ,15,2
NSF,U104,NSF:MT:MISSOULA,MISSOULA,MT,12,3
NSF,U105,NSF:VA:WILLIAMSBURG,WILLIAMSBURG,VA,4,2
NSF,U106,NSF:RI:KINGSTON,KINGSTON,RI,22,2
NSF,U107,NSF:ME:PORTLAND,PORTLAND,ME,6,3
NSF,U108,NSF:AZ:TEMPE,TEMPE,AZ,2,2
NSF,U109,NSF:NC:GREENVILLE,GREENVILLE,NC,15,5
NSF,U110,NSF:NJ:GLASSBORO,GLASSBORO,NJ,4,1
NSF,U111,NSF:VA:ASHLAND,ASHLAND,VA,1,1
NSF,U112,NSF:TX:KINGSVILLE,KINGSVILLE,TX,2,3
NSF,U113,NSF:CA:SAN JOSE,SAN JOSE,CA,11,2
NSF,U114,NSF:NJ:HOBOKEN,HOBOKEN,NJ,10,3
NSF,U115,NSF:WI:MILWAUKEE,MILWAUKEE,WI,25,5
NSF,U116,NSF:NY:HAMILTON,HAMILTON,NY,2,1
NSF,U117,NSF:OH:DAYTON,DAYTON,OH,6,2
NSF,U118,NSF:PA:HUNTINGDON,HUNTINGDON,PA,1,2
NSF,U119,NSF:HI:KAPAAU,KAPAAU,HI,2,1
NSF,U120,NSF:IL:LINCOLNSHIRE,LINCOLNSHIRE,IL,1,1
NSF,U121,NSF:MD:EDGEWATER,EDGEWATER,MD,1,1
NSF,U122,NSF:FL:BOCA RATON,BOCA RATON,FL,12,2
NSF,U123,NSF:FL:FORT MYERS,FORT MYERS,FL,5,2
NSF,U124,NSF:MN:DULUTH,DULUTH,MN,9,3
NSF,U125,NSF:AK:JUNEAU,JUNEAU,AK,11,5
NSF,U126,NSF:TX:SAN ANGELO,SAN ANGELO,TX,1,3
NSF,U127,NSF:TX:EL PASO,EL PASO,TX,16,8
NSF,U128,NSF:MA:AMHERST,AMHERST,MA,34,7
NSF,U129,NSF:HI:HONOLULU,HONOLULU,HI,38,8
NSF,U130,NSF:WA:PULLMAN,PULLMAN,WA,25,6
NSF,U131,NSF:LA:NEW ORLEANS,NEW ORLEANS,LA,19,6
NSF,U132,NSF:OH:CINCINNATI,CINCINNATI,OH,14,5
NSF,U133,NSF:TX:CORPUS CHRISTI,CORPUS CHRISTI,TX,12,5
NSF,U134,NSF:MI:DETROIT,DETROIT,MI,14,6
NSF,U135,NSF:SC:COLUMBIA,COLUMBIA,SC,22,6
NSF,U136,NSF:OK:STILLWATER,STILLWATER,OK,16,6
NSF,U137,NSF:CA:RIVERSIDE,RIVERSIDE,CA,25,8
NSF,U138,NSF:LA:BATON ROUGE,BATON ROUGE,LA,43,6
NSF,U139,NSF:IA:IOWA CITY,IOWA CITY,IA,22,8
NSF,U140,NSF:NJ:MONTCLAIR,MONTCLAIR,NJ,5,2
NSF,U141,NSF:CA:FOUNTAIN VALLEY,FOUNTAIN VALLEY,CA,2,3
NSF,U142,NSF:NV:LAS VEGAS,LAS VEGAS,NV,6,5
NSF,U143,NSF:TX:SAN ANTONIO,SAN ANTONIO,TX,18,5
NSF,U144,NSF:TX:DALLAS,DALLAS,TX,10,3
NSF,U145,NSF:NY:SYOSSET,SYOSSET,NY,1,1
NSF,U146,NSF:IL:WHEATON,WHEATON,IL,1,1
NSF,U147,NSF:NC:MORRISVILLE,MORRISVILLE,NC,1,1
NSF,U148,NSF:NY:JAMAICA,JAMAICA,NY,2,1
NSF,U149,NSF:TX:BEAUMONT,BEAUMONT,TX,1,1
NSF,U150,NSF:TX:RICHARDSON,RICHARDSON,TX,8,3
NSF,U151,NSF:NY:POTSDAM,POTSDAM,NY,9,4
NSF,U152,NSF:AL:AUBURN,AUBURN,AL,13,6
NSF,U153,NSF:KS:LAWRENCE,LAWRENCE,KS,27,6
NSF,U154,NSF:SD:RAPID CITY,RAPID CITY,SD,8,5
NSF,U155,NSF:OR:PORTLAND,PORTLAND,OR,42,11
NSF,U156,NSF:IL:EVANSTON,EVANSTON,IL,22,7
NSF,U157,NSF:OH:CLEVELAND,CLEVELAND,OH,17,8
NSF,U158,NSF:MD:CAMBRIDGE,CAMBRIDGE,MD,16,8
NSF,U159,NSF:NC:DURHAM,DURHAM,NC,26,10
NSF,U160,NSF:PA:PHILADELPHIA,PHILADELPHIA,PA,57,12
NSF,U161,NSF:CO:DENVER,DENVER,CO,18,9
NSF,U162,NSF:IL:CHICAGO,CHICAGO,IL,58,14
NSF,U163,NSF:IN:WEST LAFAYETTE,WEST LAFAYETTE,IN,59,16
NSF,U164,NSF:CT:STORRS,STORRS,CT,33,9
NSF,U165,NSF:NJ:PRINCETON,PRINCETON,NJ,39,11
NSF,U166,NSF:CA:IRVINE,IRVINE,CA,48,14
NSF,U167,NSF:CA:DAVIS,DAVIS,CA,41,16
NSF,U168,NSF:WI:MADISON,MADISON,WI,58,18
NSF,U169,NSF:CA:LOS ANGELES,LOS ANGELES,CA,96,21
NSF,U170,NSF:FL:GAINESVILLE,GAINESVILLE,FL,56,15
NSF,U171,NSF:SC:CLEMSON,CLEMSON,SC,28,18
NSF,U172,NSF:OH:COLUMBUS,COLUMBUS,OH,52,17
NSF,U173,NSF:GA:ATLANTA,ATLANTA,GA,88,18
NSF,U174,NSF:IL:URBANA,URBANA,IL,88,19
NSF,U175,NSF:NY:ITHACA,ITHACA,NY,64,24
NSF,U176,NSF:AZ:SCOTTSDALE,SCOTTSDALE,AZ,104,28
NSF,U177,NSF:CO:BOULDER,BOULDER,CO,162,25
NSF,U178,NSF:MA:CAMBRIDGE,CAMBRIDGE,MA,100,20
NSF,U179,NSF:PA:UNIVERSITY PARK,UNIVERSITY PARK,PA,89,22
NSF,U180,NSF:TX:AUSTIN,AUSTIN,TX,89,21
NSF,U181,NSF:MD:COLLEGE PARK,COLLEGE PARK,MD,46,18
NSF,U182,NSF:CA:BERKELEY,BERKELEY,CA,72,16
NSF,U183,NSF:VA:BLACKSBURG,BLACKSBURG,VA,72,21
NSF,U184,NSF:MN:MINNEAPOLIS,MINNEAPOLIS,MN,49,14
NSF,U185,NSF:NY:SYRACUSE,SYRACUSE,NY,27,14
NSF,U186,NSF:MI:EAST LANSING,EAST LANSING,MI,38,19
NSF,U187,NSF:MD:BALTIMORE,BALTIMORE,MD,36,13
NSF,U188,NSF:NC:RALEIGH,RALEIGH,NC,47,14
NSF,U189,NSF:DC:WASHINGTON,WASHINGTON,DC,75,21
NSF,U190,NSF:TX:HOUSTON,HOUSTON,TX,73,18
NSF,U191,NSF:MA:BOSTON,BOSTON,MA,71,12
NSF,U192,NSF:WA:SEATTLE,SEATTLE,WA,146,16
NSF,U193,NSF:UT:SALT LAKE CITY,SALT LAKE CITY,UT,42,13
NSF,U194,NSF:PA:PITTSBURGH,PITTSBURGH,PA,71,25
NSF,U195,NSF:NY:NEW YORK,NEW YORK,NY,155,28
NSF,U196,NSF:MI:ANN ARBOR,ANN ARBOR,MI,122,23
NSF,U197,NSF:NY:STONY BROOK,STONY BROOK,NY,33,12
NSF,U198,NSF:IN:NOTRE DAME,NOTRE DAME,IN,37,10
NSF,U199,NSF:TN:NASHVILLE,NASHVILLE,TN,32,13
NSF,U200,NSF:FL:TAMPA,TAMPA,FL,38,15
NSF,U201,NSF:TX:COLLEGE STATION,COLLEGE STATION,TX,110,20
NSF,U202,NSF:MO:ROLLA,ROLLA,MO,19,11
NSF,U203,NSF:IA:AMES,AMES,IA,55,9
NSF,U204,NSF:GA:ATHENS,ATHENS,GA,33,12
NSF,U205,NSF:MA:WORCESTER,WORCESTER,MA,23,13
NSF,U206,NSF:VA:CHARLOTTESVILLE,CHARLOTTESVILLE,VA,27,10
NSF,U207,NSF:NY:TROY,TROY,NY,23,9
NSF,U208,NSF:TN:KNOXVILLE,KNOXVILLE,TN,35,14
NSF,U209,NSF:FL:ORLANDO,ORLANDO,FL,33,11
NSF,U210,NSF:NM:SOCORRO,SOCORRO,NM,8,5
NSF,U211,NSF:AR:FAYETTEVILLE,FAYETTEVILLE,AR,25,6
NSF,U212,NSF:DE:NEWARK,NEWARK,DE,40,11
NSF,U213,NSF:NC:CHAPEL HILL,CHAPEL HILL,NC,41,11
NSF,U214,NSF:NH:DURHAM,DURHAM,NH,26,13
NSF,U215,NSF:PA:VILLANOVA,VILLANOVA,PA,7,8
NSF,U216,NSF:CA:STANFORD,STANFORD,CA,53,13
NSF,U217,NSF:MO:SAINT LOUIS,SAINT LOUIS,MO,20,9
NSF,U218,NSF:AK:FAIRBANKS,FAIRBANKS,AK,80,10
NSF,U219,NSF:AK:ANCHORAGE,ANCHORAGE,AK,30,7
NSF,U220,NSF:FL:CORAL GABLES,CORAL GABLES,FL,14,4
NSF,U221,NSF:NY:ALBANY,ALBANY,NY,12,5
NSF,U222,NSF:TX:ARLINGTON,ARLINGTON,TX,14,6
NSF,U223,NSF:PR:MAYAGUEZ,MAYAGUEZ,PR,7,6
NSF,U224,NSF:FL:MIAMI,MIAMI,FL,29,5
NSF,U225,NSF:NY:AMHERST,AMHERST,NY,40,8
NSF,U226,NSF:MS:MISSISSIPPI STATE,MISSISSIPPI STATE,MS,7,7
NSF,U227,NSF:WV:MORGANTOWN,MORGANTOWN,WV,14,8
NSF,U228,NSF:TX:LUBBOCK,LUBBOCK,TX,28,11
NSF,U229,NSF:FL:TALLAHASSEE,TALLAHASSEE,FL,33,7
NSF,U230,NSF:MI:HOUGHTON,HOUGHTON,MI,22,9
NSF,U231,NSF:OR:CORVALLIS,CORVALLIS,OR,82,15
NSF,U232,NSF:CA:LA JOLLA,LA JOLLA,CA,71,11
NSF,U233,NSF:LA:LAFAYETTE,LAFAYETTE,LA,10,5
NSF,U234,NSF:IL:DEKALB,DEKALB,IL,5,3
NSF,U235,NSF:OR:EUGENE,EUGENE,OR,25,5
NSF,U236,NSF:VA:FAIRFAX,FAIRFAX,VA,25,6
NSF,U237,NSF:TX:DENTON,DENTON,TX,16,5
NSF,U238,NSF:CO:FORT COLLINS,FORT COLLINS,CO,72,16
NSF,U239,NSF:IN:BLOOMINGTON,BLOOMINGTON,IN,27,8
NSF,U240,NSF:UT:LOGAN,LOGAN,UT,21,9
NSF,U241,NSF:NV:RENO,RENO,NV,37,12
NSF,U242,NSF:ID:MOSCOW,MOSCOW,ID,13,6
NSF,U243,NSF:CA:SANTA CRUZ,SANTA CRUZ,CA,34,10
NSF,U244,NSF:AL:TUSCALOOSA,TUSCALOOSA,AL,35,10
NSF,U245,NSF:ID:BOISE,BOISE,ID,17,6
NSF,U246,NSF:NC:GREENSBORO,GREENSBORO,NC,19,5
NSF,U247,NSF:MA:FALMOUTH,FALMOUTH,MA,14,7
NSF,U248,NSF:AZ:TUCSON,TUCSON,AZ,39,12
NSF,U249,NSF:CA:SAN FRANCISCO,SAN FRANCISCO,CA,13,9
NSF,U250,NSF:CA:LONG BEACH,LONG BEACH,CA,7,3
NSF,U251,NSF:WA:SUMAS,SUMAS,WA,1,1
NSF,U252,NSF:NH:BARRINGTON,BARRINGTON,NH,2,1
NSF,U253,NSF:MI:HOLLAND,HOLLAND,MI,1,1
NSF,U254,NSF:CA:MOUNTAIN VIEW,MOUNTAIN VIEW,CA,2,1
NSF,U255,NSF:TX:STEPHENVILLE,STEPHENVILLE,TX,1,1
NSF,U256,NSF:OR:SPRINGFIELD,SPRINGFIELD,OR,1,2
NSF,U257,NSF:MA:NORTH DARTMOUTH,NORTH DARTMOUTH,MA,3,3
NSF,U258,NSF:NM:LAS CRUCES,LAS CRUCES,NM,11,5
NSF,U259,NSF:CT:NEW HAVEN,NEW HAVEN,CT,35,7
NSF,U260,NSF:KS:MANHATTAN,MANHATTAN,KS,24,5
NSF,U261,NSF:CA:MERCED,MERCED,CA,10,3
NSF,U262,NSF:NJ:NEW BRUNSWICK,NEW BRUNSWICK,NJ,42,10
NSF,U263,NSF:CA:SANTA BARBARA,SANTA BARBARA,CA,38,9
NSF,U264,NSF:NY:ROCHESTER,ROCHESTER,NY,17,7
NSF,U265,NSF:KY:LOUISVILLE,LOUISVILLE,KY,8,4
NSF,U266,NSF:NJ:BRIDGEWATER,BRIDGEWATER,NJ,1,1
NSF,U267,NSF:MO:SAINT JAMES,SAINT JAMES,MO,1,1
NSF,U268,NSF:CA:KENSINGTON,KENSINGTON,CA,2,1
NSF,U269,NSF:SD:BROOKINGS,BROOKINGS,SD,9,2
NSF,U270,NSF:NE:LINCOLN,LINCOLN,NE,14,5
NSF,U271,NSF:MA:MEDFORD,MEDFORD,MA,13,4
NSF,U272,NSF:TX:WACO,WACO,TX,7,3
NSF,U273,NSF:ND:FARGO,FARGO,ND,3,2
NSF,U274,NSF:CA:CLAREMONT,CLAREMONT,CA,4,3
NSF,U275,NSF:CA:NOVATO,NOVATO,CA,1,2
NSF,U276,NSF:CA:PASADENA,PASADENA,CA,29,4
NSF,U277,NSF:UT:PROVO,PROVO,UT,8,2
NSF,U278,NSF:TX:FARMERS BRANCH,FARMERS BRANCH,TX,2,1
NSF,U279,NSF:NH:HANOVER,HANOVER,NH,17,1
NSF,U280,NSF:MA:MARLBOROUGH,MARLBOROUGH,MA,2,1
NSF,U281,NSF:FL:LAKE PARK,LAKE PARK,FL,1,1
NSF,U282,NSF:CA:RICHMOND,RICHMOND,CA,1,1
NSF,U283,NSF:AZ:CHANDLER,CHANDLER,AZ,2,1
NSF,U284,NSF:CA:ALAMO,ALAMO,CA,1,1
NSF,U285,NSF:CA:PALO ALTO,PALO ALTO,CA,3,1
NSF,U286,NSF:CT:WALLINGFORD,WALLINGFORD,CT,1,1
NSF,U287,NSF:FL:WINDERMERE,WINDERMERE,FL,1,1
NSF,U288,NSF:MA:SUDBURY,SUDBURY,MA,1,1
NSF,U289,NSF:PA:WHITEHALL,WHITEHALL,PA,1,1
NSF,U290,NSF:WA:SPOKANE,SPOKANE,WA,2,1
NSF,U291,NSF:VT:BURLINGTON,BURLINGTON,VT,15,2
NSF,U292,NSF:MA:SOMERVILLE,SOMERVILLE,MA,9,2
NSF,U293,NSF:NY:BINGHAMTON,BINGHAMTON,NY,9,4
NSF,U294,NSF:NC:CHARLOTTE,CHARLOTTE,NC,18,6
NSF,U295,NSF:MA:LOWELL,LOWELL,MA,14,5
NSF,U296,NSF:TN:LENOIR CITY,LENOIR CITY,TN,1,1
NSF,U297,NSF:NC:WAKE FOREST,WAKE FOREST,NC,1,1
NSF,U298,NSF:NC:MOUNT OLIVE,MOUNT OLIVE,NC,1,1
NSF,U299,NSF:CA:MISSION VIEJO,MISSION VIEJO,CA,1,1
NSF,U300,NSF:OH:ATHENS,ATHENS,OH,2,1
NSF,U301,NSF:TX:SAN MARCOS,SAN MARCOS,TX,11,4
NSF,U302,NSF:ME:ORONO,ORONO,ME,10,4
NSF,U303,NSF:CO:GOLDEN,GOLDEN,CO,27,13
NSF,U304,NSF:KY:LEXINGTON,LEXINGTON,KY,15,9
NSF,U305,NSF:MT:BOZEMAN,BOZEMAN,MT,11,5
NSF,U306,NSF:NE:OMAHA,OMAHA,NE,5,4
NSF,U307,NSF:CT:FAIRFIELD,FAIRFIELD,CT,1,3
NSF,U308,NSF:IL:LEMONT,LEMONT,IL,1,3
NSF,U309,NSF:TX:SPRING,SPRING,TX,1,3
NSF,U310,NSF:OH:AKRON,AKRON,OH,5,6
NSF,U311,NSF:AL:HUNTSVILLE,HUNTSVILLE,AL,5,1
NSF,U312,NSF:MA:SHARON,SHARON,MA,1,1
NSF,U313,NSF:NH:CONCORD,CONCORD,NH,2,2
NSF,U314,NSF:IN:PLEASANT LAKE,PLEASANT LAKE,IN,1,1
NSF,U315,NSF:CA:NORTHRIDGE,NORTHRIDGE,CA,9,1
NSF,U316,NSF:NJ:NEWARK,NEWARK,NJ,23,8
NSF,U317,NSF:MO:COLUMBIA,COLUMBIA,MO,11,3
NSF,U318,NSF:MI:ROCHESTER,ROCHESTER,MI,1,1
NSF,U319,NSF:IL:CARBONDALE,CARBONDALE,IL,4,3
NSF,U320,NSF:CA:FRESNO,FRESNO,CA,3,5
NSF,U321,NSF:NY:BROOKLYN,BROOKLYN,NY,11,4
NSF,U322,NSF:NY:BROCKPORT,BROCKPORT,NY,1,1
NSF,U323,NSF:MI:MARQUETTE,MARQUETTE,MI,4,2
NSF,U324,NSF:IA:CEDAR FALLS,CEDAR FALLS,IA,3,1
NSF,U325,NSF:MA:LEXINGTON,LEXINGTON,MA,9,1
NSF,U326,NSF:OK:OKLAHOMA CITY,OKLAHOMA CITY,OK,1,1
NSF,U327,NSF:ID:POCATELLO,POCATELLO,ID,1,1
NSF,U328,NSF:MA:MALDEN,MALDEN,MA,2,1
NSF,U329,NSF:OR:BEND,BEND,OR,1,1
NSF,U330,NSF:MA:SPRINGFIELD,SPRINGFIELD,MA,1,1
NSF,U331,NSF:WI:MENOMONIE,MENOMONIE,WI,2,1
NSF,U332,NSF:CA:SANTA CLARA,SANTA CLARA,CA,2,1
NSF,U333,NSF:PA:EVANS CITY,EVANS CITY,PA,1,1
NSF,U334,NSF:OR:SILVERTON,SILVERTON,OR,1,1
