sdg,M_NSF,M_NSFC,delta_M_NSF_minus_NSFC,bootstrap_n,bootstrap_mean,bootstrap_se,ci_low,ci_high,ci_excludes_zero,higher_M,interpretation_boundary
S02,-0.7013746063159512,0.5487361394643684,-1.2501107457803196,2000,-1.2557478321005624,0.08865116439198548,-1.4217019518316354,-1.0842355055316482,True,NSFC,difference in CLR relative-position mismatch; not an absolute funding difference
S03,0.4251024185623753,0.380751745059892,0.044350673502483284,2000,0.04103699799089973,0.0795219399297464,-0.11507151424836708,0.1936072484992915,False,NSF,difference in CLR relative-position mismatch; not an absolute funding difference
S06,1.3180606749750214,1.2855221524159268,0.03253852255909462,2000,0.03014437850028611,0.0552631204823118,-0.0765884646364821,0.13913878480021719,False,NSF,difference in CLR relative-position mismatch; not an absolute funding difference
S07,0.4538930011781947,-0.2871177963291531,0.7410107975073478,2000,0.7404945108721768,0.0800763094055833,0.58939870481812,0.8961203651020564,True,NSF,difference in CLR relative-position mismatch; not an absolute funding difference
S09,2.007586743929279,0.3657829605756388,1.64180378335364,2000,1.6383308135162777,0.0708119945871339,1.4993101250452063,1.7767417840696282,True,NSF,difference in CLR relative-position mismatch; not an absolute funding difference
S10,-1.7698802977501316,-1.511963768058028,-0.25791652969210355,2000,-0.26129750848104577,0.11763116223112362,-0.4876411514993186,-0.03067313412608492,True,NSFC,difference in CLR relative-position mismatch; not an absolute funding difference
S11,2.0530571646708458,2.0665724798461533,-0.013515315175307574,2000,-0.01744554450961679,0.04477249206568709,-0.10377343595589311,0.07133844412323334,False,NSFC,difference in CLR relative-position mismatch; not an absolute funding difference
S12,-0.5977154740737598,0.083648419662897,-0.6813638937366568,2000,-0.6865562995477624,0.0787447946353502,-0.8385970934270384,-0.5306443474769518,True,NSFC,difference in CLR relative-position mismatch; not an absolute funding difference
S13,0.7997309613901817,1.9226231063989017,-1.12289214500872,2000,-1.124708786620096,0.05086594160339707,-1.2253084489463424,-1.0236157940681518,True,NSFC,difference in CLR relative-position mismatch; not an absolute funding difference
S15,-0.516983154247743,0.9918382201013564,-1.5088213743490995,2000,-1.5125700843751586,0.06326870165444529,-1.6389286976211235,-1.3875133593241276,True,NSFC,difference in CLR relative-position mismatch; not an absolute funding difference
S16,-1.5954419045968122,-2.228225177010181,0.6327832724133686,2000,0.637570574026277,0.16600951056216476,0.3303056193471643,0.9719452860477374,True,NSF,difference in CLR relative-position mismatch; not an absolute funding difference
S17,-1.8760355277215013,-3.618168482127774,1.7421329544062727,2000,1.7707487807283244,0.25525484712387614,1.300710854704094,2.3072030830680896,True,NSF,difference in CLR relative-position mismatch; not an absolute funding difference
