agency,city_id,city_name_en,city_supply,F,family_n,longitude_wgs84,latitude_wgs84,canonical_region,old_city_id,city_weighted_component,city_task_divergence_bits,supported_20_families
NSF,NSF|AK|ANCHORAGE,Anchorage,20.0,0.004000000000000282,28,-149.894852,61.2163129,AK,NSF|AK|ANCHORAGE,4.2997061998361925,0.21498530999180962,True
NSF,NSF|AK|EAGLE RIVER,Eagle River,0.5,0.00010000000000000704,1,-149.561315,61.3154099,AK,NSF|AK|EAGLE RIVER,0.27908314521437305,0.5581662904287461,False
NSF,NSF|AK|FAIRBANKS,Fairbanks,49.75952380955,0.0099519047619107,79,-147.716675,64.837845,AK,NSF|AK|FAIRBANKS,6.694018646998187,0.13452738560398866,True
NSF,NSF|AK|FORT YUKON,Fort Yukon,0.5,0.00010000000000000704,1,-145.273888,66.5647222,AK,NSF|AK|FORT YUKON,0.35900825424715777,0.7180165084943155,False
NSF,NSF|AK|JUNEAU,Juneau,7.8095238095270005,0.00156190476190551,11,-134.4196751,58.3019613,AK,NSF|AK|JUNEAU,1.8043032329683881,0.2310388286117114,False
NSF,NSF|AL|AUBURN,Auburn,8.83333333334,0.0017666666666681244,13,-85.4807825,32.6098566,AL,NSF|AL|AUBURN,2.278018743352878,0.2578889143416406,False
NSF,NSF|AL|BIRMINGHAM,Birmingham,5.0,0.0010000000000000705,6,-86.8024326,33.5206824,AL,NSF|AL|BIRMINGHAM,1.8761037714046804,0.3752207542809361,False
NSF,NSF|AL|DAUPHIN ISLAND,Dauphin Island,2.3333333333299997,0.0004666666666660328,3,-88.1124817,30.2542022,AL,NSF|AL|DAUPHIN ISLAND,0.6760692332827493,0.28974395712159223,False
NSF,NSF|AL|HUNTSVILLE,Huntsville,4.25,0.0008500000000000598,5,-86.5859011,34.729847,AL,NSF|AL|HUNTSVILLE,1.4433676537222986,0.3396159185228938,False
NSF,NSF|AL|JACKSONVILLE,Jacksonville,1.166666666667,0.00023333333333341644,3,-85.7612872,33.8137919,AL,NSF|AL|JACKSONVILLE,0.5071780409110236,0.43472403506646745,False
NSF,NSF|AL|NORMAL,Normal,1.0,0.00020000000000001408,1,-86.5719369,34.7889792,AL,NSF|AL|NORMAL,0.3509889053136566,0.3509889053136566,False
NSF,NSF|AL|TUSCALOOSA,Tuscaloosa,27.7833333333,0.005556666666660391,35,-87.5675258,33.2095614,AL,NSF|AL|TUSCALOOSA,3.406991369491762,0.12262716386907678,True
NSF,NSF|AR|BENTONVILLE,Bentonville,1.0,0.00020000000000001408,1,-94.208787,36.3728608,AR,NSF|AR|BENTONVILLE,0.7519197833225306,0.7519197833225306,False
NSF,NSF|AR|ELKINS,Elkins,1.0,0.00020000000000001408,1,-94.0082547,36.0014682,AR,NSF|AR|ELKINS,0.42898727859527697,0.42898727859527697,False
NSF,NSF|AR|FAYETTEVILLE,Fayetteville,21.2833333333297,0.00425666666666624,25,-94.1574328,36.0625843,AR,NSF|AR|FAYETTEVILLE,5.236315259074863,0.2460289080223535,True
NSF,NSF|AZ|CHANDLER,Chandler,2.0,0.00040000000000002815,2,-111.841185,33.3062031,AZ,NSF|AZ|CHANDLER,0.3339155224811471,0.16695776124057354,False
NSF,NSF|AZ|FLAGSTAFF,Flagstaff,10.000000000004,0.0020000000000009407,15,-111.651822,35.1987522,AZ,NSF|AZ|FLAGSTAFF,2.241179714526469,0.22411797145255724,False
NSF,NSF|AZ|FOUNTAIN HILLS,Fountain Hills,2.0,0.00040000000000002815,2,-111.717361,33.6117105,AZ,NSF|AZ|FOUNTAIN HILLS,0.4915559042655682,0.2457779521327841,False
NSF,NSF|AZ|PHOENIX,Phoenix,1.500000000001,0.00030000000000022115,2,-112.074141,33.4484367,AZ,NSF|AZ|PHOENIX,0.7622852774375222,0.5081901849580093,False
NSF,NSF|AZ|SCOTTSDALE,Scottsdale,83.2833333334,0.016656666666681173,104,-111.926018,33.4942189,AZ,NSF|AZ|SCOTTSDALE,8.162821656234525,0.09801266747522104,True
NSF,NSF|AZ|TEMPE,Tempe,1.2499999999995999,0.00024999999999993756,2,-111.940016,33.4255117,AZ,NSF|AZ|Tempe,0.7646319487891072,0.6117055590314816,False
NSF,NSF|AZ|TUCSON,Tucson,31.142857142849998,0.006228571428570438,39,-110.974847,32.2228765,AZ,NSF|AZ|TUCSON,4.737444800793301,0.15211978718147118,True
NSF,NSF|CA|ALAMEDA,Alameda,1.0,0.00020000000000001408,1,-122.241635,37.7652076,CA,NSF|CA|ALAMEDA,0.577198821044857,0.577198821044857,False
NSF,NSF|CA|ALAMO,Alamo,1.0,0.00020000000000001408,1,-122.032184,37.8502033,CA,NSF|CA|ALAMO,0.20636785668667884,0.20636785668667884,False
NSF,NSF|CA|ALBION,Albion,1.0,0.00020000000000001408,1,-123.7686251,39.2235117,CA,NSF|CA|Albion,0.5704379203139077,0.5704379203139077,False
NSF,NSF|CA|ARCATA,Arcata,1.0,0.00020000000000001408,1,-124.08284,40.866517,CA,NSF|CA|ARCATA,0.24381024597742904,0.24381024597742904,False
NSF,NSF|CA|BERKELEY,Berkeley,61.16666666663,0.012233333333326862,72,-122.272863,37.8708393,CA,NSF|CA|BERKELEY,8.280369342339565,0.1353738857059051,True
NSF,NSF|CA|BEVERLY HILLS,Beverly Hills,1.0,0.00020000000000001408,1,-118.3963062,34.0696501,CA,NSF|CA|Beverly Hills,0.42898727859527697,0.42898727859527697,False
NSF,NSF|CA|BISHOP,Bishop,1.0,0.00020000000000001408,1,-118.39524,37.363679,CA,NSF|CA|Bishop,0.47215062263549357,0.47215062263549357,False
NSF,NSF|CA|BRISBANE,Brisbane,1.0,0.00020000000000001408,1,-122.402794,37.687165,CA,NSF|CA|BRISBANE,0.7939327606870686,0.7939327606870686,False
NSF,NSF|CA|CARLSBAD,Carlsbad,1.0,0.00020000000000001408,1,-117.3505966,33.1580933,CA,NSF|CA|CARLSBAD,0.16695776124057354,0.16695776124057354,False
NSF,NSF|CA|CARSON,Carson,1.0,0.00020000000000001408,1,-118.2517547,33.8322043,CA,NSF|CA|CARSON,0.34947905862549333,0.34947905862549333,False
NSF,NSF|CA|CHICO,Chico,1.5,0.0003000000000000211,2,-121.8374777,39.7284945,CA,NSF|CA|CHICO,0.9476230695553614,0.6317487130369076,False
NSF,NSF|CA|CLAREMONT,Claremont,2.750000000004,0.0005500000000008387,4,-117.7197785,34.0966764,CA,NSF|CA|CLAREMONT,1.049764326619552,0.3817324824065546,False
NSF,NSF|CA|CUPERTINO,Cupertino,1.0,0.00020000000000001408,1,-122.0322895,37.3228934,CA,NSF|CA|CUPERTINO,0.2457779521327841,0.2457779521327841,False
NSF,NSF|CA|DANVILLE,Danville,3.0,0.0006000000000000422,3,-122.0008254,37.8225892,CA,NSF|CA|DANVILLE,1.1875516935921784,0.39585056453072615,False
NSF,NSF|CA|DAVIS,Davis,31.866666666669,0.006373333333334249,41,-121.739005,38.5435526,CA,NSF|CA|DAVIS,7.221467729429401,0.22661509611178468,True
NSF,NSF|CA|ENCINITAS,Encinitas,1.0,0.00020000000000001408,1,-117.2919818,33.0369867,CA,NSF|CA|ENCINITAS,0.42898727859527697,0.42898727859527697,False
NSF,NSF|CA|FOUNTAIN VALLEY,Fountain Valley,2.0,0.00040000000000002815,2,-117.9627349,33.7038145,CA,NSF|CA|FOUNTAIN VALLEY,0.5512149498428403,0.2756074749214201,False
NSF,NSF|CA|FRESNO,Fresno,2.5,0.0005000000000000352,3,-119.78483,36.7394421,CA,NSF|CA|FRESNO,1.34364292232951,0.5374571689318041,False
NSF,NSF|CA|FULLERTON,Fullerton,2.0,0.00040000000000002815,3,-117.929416,33.8708215,CA,NSF|CA|FULLERTON,0.8745759002081643,0.43728795010408217,False
NSF,NSF|CA|HAYWARD,Hayward,1.9999999999959999,0.0003999999999992281,2,-122.080796,37.6688205,CA,NSF|CA|HAYWARD,1.1772384411515928,0.5886192205769737,False
NSF,NSF|CA|INGLEWOOD,Inglewood,1.0,0.00020000000000001408,1,-118.353132,33.9562003,CA,NSF|CA|Inglewood,0.42898727859527697,0.42898727859527697,False
NSF,NSF|CA|IRVINE,Irvine,39.4166666666563,0.007883333333331815,48,-117.825981,33.6856969,CA,NSF|CA|IRVINE,7.207388653365089,0.18285129775983894,True
NSF,NSF|CA|KENSINGTON,Kensington,2.0,0.00040000000000002815,2,-122.2802471,37.9104805,CA,NSF|CA|KENSINGTON,0.84972588684637,0.424862943423185,False
NSF,NSF|CA|LA JOLLA,La Jolla,56.537301587356,0.011307460317471995,70,-117.2740777,32.8401623,CA,NSF|CA|LA JOLLA,6.525598921635051,0.11542112443326154,True
NSF,NSF|CA|LAGUNA BEACH,Laguna Beach,1.0,0.00020000000000001408,1,-117.785366,33.5426975,CA,NSF|CA|LAGUNA BEACH,0.5283891985131558,0.5283891985131558,False
NSF,NSF|CA|LAKE BALBOA,Lake Balboa,1.0,0.00020000000000001408,1,-118.5010456,34.1938237,CA,NSF|CA|LAKE BALBOA,0.577198821044857,0.577198821044857,False
NSF,NSF|CA|LAKE FOREST,Lake Forest,1.0,0.00020000000000001408,1,-117.6859213,33.6469261,CA,NSF|CA|LAKE FOREST,0.42898727859527697,0.42898727859527697,False
NSF,NSF|CA|LONG BEACH,Long Beach,5.833333333333,0.0011666666666666822,7,-118.191604,33.7690164,CA,NSF|CA|LONG BEACH,1.7221945055650676,0.29523334381117133,False
NSF,NSF|CA|LOS ALTOS,Los Altos,2.0,0.00040000000000002815,2,-122.116578,37.3790629,CA,NSF|CA|Los Altos,0.5164368198660669,0.25821840993303347,False
NSF,NSF|CA|LOS ALTOS HILLS,Los Altos Hills,0.9999999999990001,0.0001999999999998141,1,-122.137463,37.3796627,CA,NSF|CA|Los Altos Hills,0.7249544166062576,0.7249544166069825,False
NSF,NSF|CA|LOS ANGELES,Los Angeles,79.116666666607,0.015823333333322514,96,-118.242766,34.0536909,CA,NSF|CA|LOS ANGELES,6.349437352996481,0.08025410599959472,True
NSF,NSF|CA|LOS GATOS,Los Gatos,1.25,0.0002500000000000176,2,-121.9746797,37.226611,CA,NSF|CA|LOS GATOS,0.3583521371399001,0.2866817097119201,False
NSF,NSF|CA|MERCED,Merced,7.5,0.0015000000000001056,10,-120.4843269,37.3029568,CA,NSF|CA|MERCED,1.66033247048118,0.221377662730824,False
NSF,NSF|CA|MISSION VIEJO,Mission Viejo,1.0,0.00020000000000001408,1,-117.659405,33.5965685,CA,NSF|CA|MISSION VIEJO,0.2457779521327841,0.2457779521327841,False
NSF,NSF|CA|MOFFETT FIELD,Moffett Field,1.0,0.00020000000000001408,1,-122.0607265,37.4107264,CA,NSF|CA|MOFFETT FIELD,0.5704379203139077,0.5704379203139077,False
NSF,NSF|CA|MONTEREY PARK,Monterey Park,1.0,0.00020000000000001408,1,-118.129807,34.051522,CA,NSF|CA|Monterey Park,0.3423825553443496,0.3423825553443496,False
NSF,NSF|CA|MORAGA,Moraga,1.0,0.00020000000000001408,1,-122.12883,37.834897,CA,NSF|CA|Moraga,0.42898727859527697,0.42898727859527697,False
NSF,NSF|CA|MOSS LANDING,Moss Landing,3.2,0.000640000000000045,4,-121.786581,36.7988827,CA,NSF|CA|MOSS LANDING,0.8503385145072441,0.2657307857835138,False
NSF,NSF|CA|MOUNTAIN VIEW,Mountain View,1.999999999999,0.0003999999999998281,2,-122.0832101,37.3893889,CA,NSF|CA|MOUNTAIN VIEW,0.8614909099446817,0.43074545497255623,False
NSF,NSF|CA|NORTHRIDGE,Northridge,7.5,0.0015000000000001056,9,-118.5369316,34.2345615,CA,NSF|CA|NORTHRIDGE,1.8120020385379367,0.24160027180505822,False
NSF,NSF|CA|NOVATO,Novato,1.0,0.00020000000000001408,1,-122.5681191,38.1061979,CA,NSF|CA|NOVATO,0.16695776124057354,0.16695776124057354,False
NSF,NSF|CA|OAKLAND,Oakland,9.499999999993,0.0018999999999987336,10,-122.271356,37.8044557,CA,NSF|CA|OAKLAND,4.573129014957533,0.48138200157483185,False
NSF,NSF|CA|ORANGE,Orange,1.0,0.00020000000000001408,1,-117.850308,33.7872568,CA,NSF|CA|ORANGE,0.577198821044857,0.577198821044857,False
NSF,NSF|CA|ORINDA,Orinda,1.0,0.00020000000000001408,1,-122.1796888,37.8771476,CA,NSF|CA|ORINDA,0.7916580664982875,0.7916580664982875,False
NSF,NSF|CA|PACIFIC GROVE,Pacific Grove,2.0,0.00040000000000002815,2,-121.917794,36.6211149,CA,NSF|CA|PACIFIC GROVE,1.3007519678731798,0.6503759839365899,False
NSF,NSF|CA|PACIFIC PALISADES,Pacific Palisades,0.2,4.0000000000002815e-05,1,-118.5264706,34.0480643,CA,NSF|CA|PACIFIC PALISADES,0.14338274226657224,0.7169137113328612,False
NSF,NSF|CA|PALA,Pala,1.0,0.00020000000000001408,1,-117.076696,33.3653102,CA,NSF|CA|PALA,0.7837147281784563,0.7837147281784563,False
NSF,NSF|CA|PALO ALTO,Palo Alto,3.0,0.0006000000000000422,3,-122.1598465,37.4443293,CA,NSF|CA|PALO ALTO,0.9111143435260041,0.30370478117533467,False
NSF,NSF|CA|PASADENA,Pasadena,22.83333333333,0.004566666666666322,29,-118.144155,34.1476507,CA,NSF|CA|PASADENA,4.399034000120406,0.19265842336296563,True
NSF,NSF|CA|PETALUMA,Petaluma,2.5,0.0005000000000000352,4,-122.636465,38.2325829,CA,NSF|CA|PETALUMA,0.729892649164231,0.2919570596656924,False
NSF,NSF|CA|PLEASANTON,Pleasanton,1.0,0.00020000000000001408,1,-121.8746789,37.6624312,CA,NSF|CA|PLEASANTON,0.34947905862549333,0.34947905862549333,False
NSF,NSF|CA|POMONA,Pomona,1.0,0.00020000000000001408,1,-117.7517496,34.0553813,CA,NSF|CA|POMONA,0.16695776124057354,0.16695776124057354,False
NSF,NSF|CA|RANCHO PALOS VERDES,Rancho Palos Verdes,1.0,0.00020000000000001408,1,-118.3707683,33.7483311,CA,NSF|CA|RANCHO PALOS VERDES,0.577198821044857,0.577198821044857,False
NSF,NSF|CA|REDONDO BEACH,Redondo Beach,1.0,0.00020000000000001408,1,-118.3845942,33.8398289,CA,NSF|CA|REDONDO BEACH,0.16695776124057354,0.16695776124057354,False
NSF,NSF|CA|REDWOOD CITY,Redwood City,1.0,0.00020000000000001408,1,-122.232523,37.4863239,CA,NSF|CA|REDWOOD CITY,0.16695776124057354,0.16695776124057354,False
NSF,NSF|CA|RICHMOND,Richmond,1.0,0.00020000000000001408,1,-122.347748,37.9357576,CA,NSF|CA|RICHMOND,0.16695776124057354,0.16695776124057354,False
NSF,NSF|CA|RIVERSIDE,Riverside,18.666666666659,0.003733333333332063,25,-117.374238,33.9824949,CA,NSF|CA|RIVERSIDE,3.9348713652076057,0.21079668027906545,True
NSF,NSF|CA|SACRAMENTO,Sacramento,3.0,0.0006000000000000422,3,-121.493895,38.5810606,CA,NSF|CA|SACRAMENTO,1.2532738322321668,0.4177579440773889,False
NSF,NSF|CA|SAINT HELENA,Saint Helena,1.0,0.00020000000000001408,1,-122.470042,38.5052288,CA,NSF|CA|Saint Helena,0.16695776124057354,0.16695776124057354,False
NSF,NSF|CA|SAN CLEMENTE,San Clemente,1.0,0.00020000000000001408,1,-117.6124179,33.4270275,CA,NSF|CA|SAN CLEMENTE,0.6855657908659628,0.6855657908659628,False
NSF,NSF|CA|SAN DIEGO,San Diego,16.5,0.0033000000000002324,20,-117.162772,32.7174202,CA,NSF|CA|SAN DIEGO,4.111546996513019,0.24918466645533452,True
NSF,NSF|CA|SAN FRANCISCO,San Francisco,12.5,0.002500000000000176,13,-122.4075201,37.7879363,CA,NSF|CA|SAN FRANCISCO,4.338297771914429,0.3470638217531543,False
NSF,NSF|CA|SAN JOSE,San Jose,9.45,0.001890000000000133,11,-121.890591,37.3361663,CA,NSF|CA|SAN JOSE,3.678255914661008,0.389233430122858,False
NSF,NSF|CA|SAN LUIS OBISPO,San Luis Obispo,3.9000000000000004,0.000780000000000055,6,-120.659615,35.2827525,CA,NSF|CA|SAN LUIS OBISPO,1.109050137098722,0.2843718300253133,False
NSF,NSF|CA|SAN MARCOS,San Marcos,1.0,0.00020000000000001408,1,-117.1743395,33.1352995,CA,NSF|CA|SAN MARCOS,0.16695776124057354,0.16695776124057354,False
NSF,NSF|CA|SANTA ANA,Santa Ana,1.0,0.00020000000000001408,1,-117.873221,33.7494951,CA,NSF|CA|SANTA ANA,0.2457779521327841,0.2457779521327841,False
NSF,NSF|CA|SANTA BARBARA,Santa Barbara,31.199999999973002,0.0062399999999950394,38,-119.702667,34.4221319,CA,NSF|CA|SANTA BARBARA,4.645726920901157,0.14890150387516593,True
NSF,NSF|CA|SANTA CLARA,Santa Clara,1.5,0.0003000000000000211,2,-121.955174,37.3541132,CA,NSF|CA|SANTA CLARA,0.7338767957620198,0.48925119717467985,False
NSF,NSF|CA|SANTA CRUZ,Santa Cruz,28.249999999987,0.005649999999997798,34,-122.0294673,36.9743626,CA,NSF|CA|SANTA CRUZ,4.001598768826858,0.1416495139408389,True
NSF,NSF|CA|SANTA MONICA,Santa Monica,4.699999999996,0.0009399999999992662,6,-118.491227,34.0194704,CA,NSF|CA|SANTA MONICA,1.8432479717562809,0.39218041952294674,False
NSF,NSF|CA|SAUSALITO,Sausalito,1.0,0.00020000000000001408,1,-122.485469,37.8590272,CA,NSF|CA|SAUSALITO,0.5581662904287461,0.5581662904287461,False
NSF,NSF|CA|SEBASTOPOL,Sebastopol,1.9999999999959999,0.0003999999999992281,2,-122.824222,38.4021038,CA,NSF|CA|SEBASTOPOL,1.154176152253167,0.5770880761277377,False
NSF,NSF|CA|SIGNAL HILL,Signal Hill,1.0,0.00020000000000001408,1,-118.168259,33.804826,CA,NSF|CA|SIGNAL HILL,0.20636785668667884,0.20636785668667884,False
NSF,NSF|CA|SOUTH SAN FRANCISCO,South San Francisco,2.0,0.00040000000000002815,2,-122.4168664,37.6535403,CA,NSF|CA|SOUTH SAN FRANCISCO,0.919234941564911,0.4596174707824555,False
NSF,NSF|CA|STANFORD,Stanford,43.33333333334,0.008666666666668611,53,-122.1702445,37.427467,CA,NSF|CA|STANFORD,5.016340841744367,0.1157617117325445,True
NSF,NSF|CA|STOCKTON,Stockton,0.5,0.00010000000000000704,1,-121.290779,37.9577016,CA,NSF|CA|STOCKTON,0.17899021715323066,0.3579804343064613,False
NSF,NSF|CA|TEMPLE CITY,Temple City,1.0,0.00020000000000001408,1,-118.0577568,34.1082994,CA,NSF|CA|TEMPLE CITY,0.5887152068112789,0.5887152068112789,False
NSF,NSF|CA|TIBURON,Tiburon,1.0,0.00020000000000001408,1,-122.460808,37.8775332,CA,NSF|CA|TIBURON,0.7401753408926203,0.7401753408926203,False
NSF,NSF|CA|TRUCKEE,Truckee,1.0,0.00020000000000001408,1,-120.1835765,39.3279454,CA,NSF|CA|TRUCKEE,0.7754408123043888,0.7754408123043888,False
NSF,NSF|CA|VALLEJO,Vallejo,1.0,0.00020000000000001408,1,-122.2566367,38.1040864,CA,NSF|CA|VALLEJO,0.7912801731241519,0.7912801731241519,False
NSF,NSF|CO|ARVADA,Arvada,1.0,0.00020000000000001408,1,-105.0811573,39.8005505,CO,NSF|CO|Arvada,0.16695776124057354,0.16695776124057354,False
NSF,NSF|CO|AURORA,Aurora,2.142857142857,0.0004285714285714301,3,-104.8733376,39.7401441,CO,NSF|CO|AURORA,0.5252315587208047,0.2451080607363919,False
NSF,NSF|CO|BASALT,Basalt,2.5,0.0005000000000000352,3,-107.032824,39.3688731,CO,NSF|CO|BASALT,1.2915176760261653,0.5166070704104662,False
NSF,NSF|CO|BOULDER,Boulder,127.26666666674,0.02545333333334979,160,-105.270545,40.0149856,CO,NSF|CO|BOULDER,7.1260222253304395,0.055992840953323735,True
NSF,NSF|CO|BROOMFIELD,Broomfield,1.999999999999,0.0003999999999998281,2,-105.05208,39.9403995,CO,NSF|CO|Broomfield,0.8356032787512591,0.4178016393758385,False
NSF,NSF|CO|CENTENNIAL,Centennial,1.0,0.00020000000000001408,1,-104.8769227,39.579155,CO,NSF|CO|CENTENNIAL,0.2457779521327841,0.2457779521327841,False
NSF,NSF|CO|COLORADO SPRINGS,Colorado Springs,1.0,0.00020000000000001408,1,-104.825348,38.8339578,CO,NSF|CO|COLORADO SPRINGS,0.48124355159584403,0.48124355159584403,False
NSF,NSF|CO|DENVER,Denver,15.33333333334,0.003066666666668216,18,-104.984862,39.7392364,CO,NSF|CO|DENVER,3.3961194469945086,0.2214860508908499,False
NSF,NSF|CO|EDGEWATER,Edgewater,1.0,0.00020000000000001408,1,-105.0621833,39.7457238,CO,NSF|CO|EDGEWATER,0.8505521091147222,0.8505521091147222,False
NSF,NSF|CO|EVERGREEN,Evergreen,1.0,0.00020000000000001408,1,-105.323299,39.632845,CO,NSF|CO|EVERGREEN,0.6381680408052568,0.6381680408052568,False
NSF,NSF|CO|FORT COLLINS,Fort Collins,58.41666666671,0.011683333333342823,72,-105.0770113,40.5871782,CO,NSF|CO|FORT COLLINS,7.279230695139923,0.12460879934609739,True
NSF,NSF|CO|GOLDEN,Golden,21.30952380952,0.0042619047619043005,27,-105.22058,39.7546349,CO,NSF|CO|GOLDEN,4.308583880399477,0.20219052846570992,True
NSF,NSF|CO|GRAND JUNCTION,Grand Junction,1.0,0.00020000000000001408,1,-108.56448,39.0672568,CO,NSF|CO|GRAND JUNCTION,0.46333893983517516,0.46333893983517516,False
NSF,NSF|CO|GUNNISON,Gunnison,1.0,0.00020000000000001408,1,-106.9269276,38.5443548,CO,NSF|CO|GUNNISON,0.3509889053136566,0.3509889053136566,False
NSF,NSF|CO|LOUISVILLE,Louisville,1.0,0.00020000000000001408,1,-105.1319296,39.977763,CO,NSF|CO|LOUISVILLE,0.41148838658882053,0.41148838658882053,False
NSF,NSF|CO|LOVELAND,Loveland,1.0,0.00020000000000001408,1,-105.07498,40.3977612,CO,NSF|CO|LOVELAND,0.16695776124057354,0.16695776124057354,False
NSF,NSF|CT|AVON,Avon,1.0,0.00020000000000001408,1,-72.8306541,41.8098209,CT,NSF|CT|AVON,0.5498637663010744,0.5498637663010744,False
NSF,NSF|CT|DANBURY,Danbury,2.0,0.00040000000000002815,2,-73.4540111,41.394817,CT,NSF|CT|DANBURY,1.0997275326021487,0.5498637663010744,False
NSF,NSF|CT|FAIRFIELD,Fairfield,1.0,0.00020000000000001408,1,-73.2637258,41.1412078,CT,NSF|CT|Fairfield,0.2976285053791387,0.2976285053791387,False
NSF,NSF|CT|MIDDLETOWN,Middletown,1.0,0.00020000000000001408,1,-72.6509061,41.5623178,CT,NSF|CT|MIDDLETOWN,0.576526612588042,0.576526612588042,False
NSF,NSF|CT|NEW HAVEN,New Haven,30.499999999997,0.0060999999999998295,35,-72.9250518,41.3082138,CT,NSF|CT|NEW HAVEN,7.396207128611172,0.242498594380718,True
NSF,NSF|CT|STORRS,Storrs,25.16666666666,0.005033333333332354,33,-72.2495231,41.8084314,CT,NSF|CT|STORRS,4.260785030980298,0.16930271646283815,True
NSF,NSF|CT|TOLLAND,Tolland,1.0,0.00020000000000001408,1,-72.3677153,41.8700166,CT,NSF|CT|TOLLAND,0.16695776124057354,0.16695776124057354,False
NSF,NSF|CT|WALLINGFORD,Wallingford,1.0,0.00020000000000001408,1,-72.8239356,41.4564233,CT,NSF|CT|WALLINGFORD,0.16695776124057354,0.16695776124057354,False
NSF,NSF|CT|WEST HAVEN,West Haven,1.0,0.00020000000000001408,1,-72.9470471,41.2706527,CT,NSF|CT|WEST HAVEN,0.3509889053136566,0.3509889053136566,False
NSF,NSF|DC|WASHINGTON,Washington,61.30952380954,0.012261904761908865,74,-77.0363849,38.8950982,DC,NSF|DC|WASHINGTON,8.675721450615157,0.14150691298087004,True
NSF,NSF|DE|DOVER,Dover,2.0,0.00040000000000002815,2,-75.5243682,39.158168,DE,NSF|DE|DOVER,0.7609674452143139,0.38048372260715696,False
NSF,NSF|DE|LEWES,Lewes,1.0,0.00020000000000001408,1,-75.1379574,38.7733961,DE,NSF|DE|LEWES,0.577198821044857,0.577198821044857,False
NSF,NSF|DE|NEWARK,Newark,31.500000000003002,0.0063000000000010435,40,-75.7515682,39.6828358,DE,NSF|DE|NEWARK,5.12007706102826,0.16254212892151657,True
NSF,NSF|FL|BOCA RATON,Boca Raton,9.833333333333,0.0019666666666667385,12,-80.0830984,26.3586885,FL,NSF|FL|BOCA RATON,2.578528387068073,0.26222322580354174,False
NSF,NSF|FL|CORAL GABLES,Coral Gables,11.0,0.002200000000000155,14,-80.2585107,25.7331105,FL,NSF|FL|CORAL GABLES,2.492094281866633,0.22655402562423935,False
NSF,NSF|FL|DAYTONA BEACH,Daytona Beach,1.999999999999,0.0003999999999998281,2,-81.0228331,29.2108147,FL,NSF|FL|DAYTONA BEACH,1.1528332502175755,0.576416625109076,False
NSF,NSF|FL|DELAND,Deland,2.000000000001,0.0004000000000002282,2,-81.3034183,29.0281051,FL,NSF|FL|DELAND,1.9271556395492921,0.9635778197741642,False
NSF,NSF|FL|FORT MYERS,Fort Myers,4.333333333333,0.000866666666666661,5,-81.8723084,26.640628,FL,NSF|FL|FORT MYERS,1.6920370057551075,0.3904700782512087,False
NSF,NSF|FL|FT LAUDERDALE,Ft Lauderdale,0.5,0.00010000000000000704,1,-80.1433786,26.1223084,FL,NSF|FL|FT LAUDERDALE,0.4252760545573611,0.8505521091147222,False
NSF,NSF|FL|GAINESVILLE,Gainesville,41.30952380949,0.008261904761898583,56,-82.3249846,29.6519684,FL,NSF|FL|GAINESVILLE,3.8173196622425984,0.09240773822151029,True
NSF,NSF|FL|JUPITER,Jupiter,1.0,0.00020000000000001408,1,-80.0942087,26.9342246,FL,NSF|FL|JUPITER,0.34947905862549333,0.34947905862549333,False
NSF,NSF|FL|LAKE PARK,Lake Park,1.0,0.00020000000000001408,1,-80.0661631,26.8002153,FL,NSF|FL|LAKE PARK,0.16695776124057354,0.16695776124057354,False
NSF,NSF|FL|MELBOURNE,Melbourne,3.0,0.0006000000000000422,3,-80.6077908,28.0785034,FL,NSF|FL|MELBOURNE,1.3480940857829748,0.4493646952609916,False
NSF,NSF|FL|MIAMI,Miami,23.309523809533,0.004661904761906929,29,-80.1935973,25.7741566,FL,NSF|FL|MIAMI,5.8176044697899165,0.24958057990917276,True
NSF,NSF|FL|NAPLES,Naples,3.0,0.0006000000000000422,3,-81.7942944,26.1421976,FL,NSF|FL|NAPLES,1.0585959505934526,0.3528653168644842,False
NSF,NSF|FL|NORTH MIAMI,North Miami,1.0,0.00020000000000001408,1,-80.1867138,25.8900949,FL,NSF|FL|NORTH MIAMI,0.5704379203139077,0.5704379203139077,False
NSF,NSF|FL|ORLANDO,Orlando,24.092857142854,0.004818571428571139,33,-81.379045,28.5421218,FL,NSF|FL|ORLANDO,4.476371108626758,0.18579660693976513,True
NSF,NSF|FL|ORMOND BEACH,Ormond Beach,1.0,0.00020000000000001408,1,-81.0557921,29.2854132,FL,NSF|FL|ORMOND BEACH,0.38923316861038515,0.38923316861038515,False
NSF,NSF|FL|PONTE VEDRA BEACH,Ponte Vedra Beach,1.0,0.00020000000000001408,1,-81.3800824,30.2274645,FL,NSF|FL|PONTE VEDRA BEACH,0.34947905862549333,0.34947905862549333,False
NSF,NSF|FL|SARASOTA,Sarasota,2.1666666666700003,0.00043333333333403056,4,-82.5308545,27.3365805,FL,NSF|FL|SARASOTA,0.862073393590599,0.3978800278104335,False
NSF,NSF|FL|STUART,Stuart,1.0,0.00020000000000001408,1,-80.2519175,27.197983,FL,NSF|FL|STUART,0.6855657908659628,0.6855657908659628,False
NSF,NSF|FL|TALLAHASSEE,Tallahassee,27.44999999996,0.005489999999992386,33,-84.2809332,30.4380832,FL,NSF|FL|TALLAHASSEE,3.067197771988301,0.1117376237520135,True
NSF,NSF|FL|TAMPA,Tampa,29.283333333333,0.005856666666667012,38,-82.4583107,27.9449854,FL,NSF|FL|TAMPA,3.6663255903440883,0.12520178453081832,True
NSF,NSF|FL|THONOTOSASSA,Thonotosassa,1.0,0.00020000000000001408,1,-82.2946444,28.058051,FL,NSF|FL|THONOTOSASSA,0.42898727859527697,0.42898727859527697,False
NSF,NSF|FL|VERO BEACH,Vero Beach,1.0,0.00020000000000001408,1,-80.3975399,27.6387163,FL,NSF|FL|VERO BEACH,0.831457261332586,0.831457261332586,False
NSF,NSF|FL|WINDERMERE,Windermere,1.0,0.00020000000000001408,1,-81.5345547,28.4944695,FL,NSF|FL|WINDERMERE,0.16695776124057354,0.16695776124057354,False
NSF,NSF|GA|ATHENS,Athens,28.91666666666,0.005783333333332407,33,-83.376398,33.9597677,GA,NSF|GA|ATHENS,5.6634959383547425,0.19585576732067025,True
NSF,NSF|GA|ATLANTA,Atlanta,72.616666666687,0.014523333333338422,88,-84.3898151,33.7544657,GA,NSF|GA|ATLANTA,5.780705710573603,0.07960577062986438,True
NSF,NSF|GA|KENNESAW,Kennesaw,2.0,0.00040000000000002815,2,-84.6154897,34.0234337,GA,NSF|GA|KENNESAW,1.2385608972947002,0.6192804486473501,False
NSF,NSF|GA|NORCROSS,Norcross,1.0,0.00020000000000001408,1,-84.2135309,33.9412127,GA,NSF|GA|NORCROSS,0.7214179063439753,0.7214179063439753,False
NSF,NSF|GA|STATESBORO,Statesboro,1.833333333334,0.00036666666666682583,3,-81.7832912,32.4490141,GA,NSF|GA|STATESBORO,0.4669842988870229,0.25471870848373807,False
NSF,NSF|HI|HALEIWA,Haleiwa,1.0,0.00020000000000001408,1,-158.1050395,21.5818045,HI,NSF|HI|HALEIWA,0.42898727859527697,0.42898727859527697,False
NSF,NSF|HI|HONOLULU,Honolulu,30.4166666667,0.006083333333340428,37,-157.855676,21.304547,HI,NSF|HI|HONOLULU,4.857010964459609,0.15968255225603134,True
NSF,NSF|HI|KAPAAU,Kapaau,2.0,0.00040000000000002815,2,-155.798784,20.2307269,HI,NSF|HI|KAPAAU,0.8579745571905539,0.42898727859527697,False
NSF,NSF|IA|AMES,Ames,47.666666666663,0.00953333333333327,55,-93.6170448,42.0267567,IA,NSF|IA|AMES,5.251101201641361,0.11016296227220486,True
NSF,NSF|IA|CEDAR FALLS,Cedar Falls,2.25,0.0004500000000000317,3,-92.447758,42.5361805,IA,NSF|IA|CEDAR FALLS,1.3342931910766238,0.5930191960340551,False
NSF,NSF|IA|IOWA CITY,Iowa City,16.58333333333,0.0033166666666662333,22,-91.5299106,41.6612561,IA,NSF|IA|IOWA CITY,3.306846355715339,0.19940782044518615,True
NSF,NSF|IA|MOUNT VERNON,Mount Vernon,0.25,5.000000000000352e-05,1,-91.4171209,41.9222443,IA,NSF|IA|MOUNT VERNON,0.13954157260718653,0.5581662904287461,False
NSF,NSF|ID|BOISE,Boise,13.142857142842999,0.0026285714285687847,17,-116.200886,43.6166163,ID,NSF|ID|BOISE,2.8043203830450563,0.21337220305800564,False
NSF,NSF|ID|MOSCOW,Moscow,10.226190476196301,0.002045238095239404,13,-117.000165,46.7323875,ID,NSF|ID|MOSCOW,1.6711301863430799,0.1634166887691953,False
NSF,NSF|ID|POCATELLO,Pocatello,1.0,0.00020000000000001408,1,-112.450627,42.8620287,ID,NSF|ID|POCATELLO,0.47215062263549357,0.47215062263549357,False
NSF,NSF|IL|ARLINGTON HEIGHTS,Arlington Heights,1.0,0.00020000000000001408,1,-87.9802164,42.0811563,IL,NSF|IL|ARLINGTON HEIGHTS,0.46333893983517516,0.46333893983517516,False
NSF,NSF|IL|BATAVIA,Batavia,1.0,0.00020000000000001408,1,-88.3125738,41.8500284,IL,NSF|IL|BATAVIA,0.16695776124057354,0.16695776124057354,False
NSF,NSF|IL|CARBONDALE,Carbondale,4.0,0.0008000000000000563,4,-89.216655,37.7274692,IL,NSF|IL|CARBONDALE,1.8903886906095346,0.47259717265238366,False
NSF,NSF|IL|CHAMPAIGN,Champaign,2.0,0.00040000000000002815,2,-88.2430932,40.1164841,IL,NSF|IL|CHAMPAIGN,0.5164368198660669,0.25821840993303347,False
NSF,NSF|IL|CHICAGO,Chicago,47.20000000002,0.009440000000004663,58,-87.6244212,41.8755616,IL,NSF|IL|CHICAGO,5.7894929408232745,0.12265874874620385,True
NSF,NSF|IL|CRYSTAL LAKE,Crystal Lake,2.0,0.00040000000000002815,2,-88.3161965,42.2411344,IL,NSF|IL|CRYSTAL LAKE,1.2382495117277608,0.6191247558638804,False
NSF,NSF|IL|DEKALB,Dekalb,5.0,0.0010000000000000705,5,-88.7501925,41.9298644,IL,NSF|IL|DEKALB,1.5974187332253604,0.31948374664507206,False
NSF,NSF|IL|EDWARDSVILLE,Edwardsville,0.5,0.00010000000000000704,1,-89.953157,38.8114364,IL,NSF|IL|EDWARDSVILLE,0.24062177579792202,0.48124355159584403,False
NSF,NSF|IL|EVANSTON,Evanston,19.166666666662998,0.0038333333333328695,22,-87.6846053,42.0470043,IL,NSF|IL|EVANSTON,3.9745444281936724,0.2073675353840574,True
NSF,NSF|IL|GENEVA,Geneva,0.9999999999990001,0.0001999999999998141,1,-88.3053525,41.8875281,IL,NSF|IL|GENEVA,0.3645452136366101,0.36454521363697456,False
NSF,NSF|IL|LEMONT,Lemont,1.0,0.00020000000000001408,1,-88.0016263,41.6737149,IL,NSF|IL|LEMONT,0.2976285053791387,0.2976285053791387,False
NSF,NSF|IL|LINCOLNSHIRE,Lincolnshire,1.0,0.00020000000000001408,1,-87.9084039,42.1900249,IL,NSF|IL|Lincolnshire,0.47215062263549357,0.47215062263549357,False
NSF,NSF|IL|SKOKIE,Skokie,0.9999999999990001,0.0001999999999998141,1,-87.7521069,42.0262972,IL,NSF|IL|SKOKIE,0.31514136615346616,0.31514136615378124,False
NSF,NSF|IL|URBANA,Urbana,70.750000000027,0.014150000000006397,88,-88.207301,40.1117174,IL,NSF|IL|URBANA,6.564132543308239,0.09277925856262521,True
NSF,NSF|IL|WHEATON,Wheaton,0.333333333334,6.666666666680469e-05,1,-88.1101709,41.8646959,IL,NSF|IL|WHEATON,0.20446209894522074,0.6133862968344355,False
NSF,NSF|IN|BLOOMINGTON,Bloomington,20.166666666674,0.004033333333335084,27,-86.5342881,39.1670396,IN,NSF|IN|BLOOMINGTON,5.427566124795679,0.26913551032034905,True
NSF,NSF|IN|INDIANAPOLIS,Indianapolis,2.0,0.00040000000000002815,2,-86.1583502,39.7683331,IN,NSF|IN|Indianapolis,0.9812259102882607,0.49061295514413034,False
NSF,NSF|IN|LAFAYETTE,Lafayette,1.0,0.00020000000000001408,1,-86.8919011,40.4191229,IN,NSF|IN|Lafayette,0.5578944927026714,0.5578944927026714,False
NSF,NSF|IN|MUNCIE,Muncie,1.0,0.00020000000000001408,1,-85.3865271,40.1936892,IN,NSF|IN|MUNCIE,0.42898727859527697,0.42898727859527697,False
NSF,NSF|IN|NOTRE DAME,Notre Dame,29.783333333343997,0.005956666666669218,37,-86.2373691,41.6992003,IN,NSF|IN|NOTRE DAME,3.8819418716664726,0.13033940251813372,True
NSF,NSF|IN|PLEASANT LAKE,Pleasant Lake,1.0,0.00020000000000001408,1,-85.0160765,41.5753282,IN,NSF|IN|PLEASANT LAKE,0.7630879722326726,0.7630879722326726,False
NSF,NSF|IN|TERRE HAUTE,Terre Haute,1.333333333333,0.00026666666666661876,2,-87.4139119,39.4667025,IN,NSF|IN|TERRE HAUTE,0.6198173654400044,0.46486302408011954,False
NSF,NSF|IN|VALPARAISO,Valparaiso,1.0,0.00020000000000001408,1,-87.0604487,41.4672552,IN,NSF|IN|VALPARAISO,0.6837089764410148,0.6837089764410148,False
NSF,NSF|IN|WEST LAFAYETTE,West Lafayette,49.533333333324,0.009906666666665499,59,-86.9080655,40.4258686,IN,NSF|IN|WEST LAFAYETTE,5.130223791966795,0.10357113981092386,True
NSF,NSF|KS|LAWRENCE,Lawrence,21.49999999999,0.004299999999998303,27,-95.2359403,38.9719137,KS,NSF|KS|LAWRENCE,4.628683613137052,0.2152876099134514,True
NSF,NSF|KS|MANHATTAN,Manhattan,18.7000000000067,0.003740000000001603,24,-96.5716694,39.1836082,KS,NSF|KS|MANHATTAN,4.698563376906149,0.25126007363125485,True
NSF,NSF|KS|WICHITA,Wichita,2.5,0.0005000000000000352,3,-97.3375448,37.6922361,KS,NSF|KS|WICHITA,1.5325253110613484,0.6130101244245394,False
NSF,NSF|KY|BOWLING GREEN,Bowling Green,0.25,5.000000000000352e-05,1,-86.4428677,36.9929203,KY,NSF|KY|BOWLING GREEN,0.12080682991203236,0.4832273196481294,False
NSF,NSF|KY|LEXINGTON,Lexington,14.333333333319,0.0028666666666640017,15,-84.4970393,38.0464066,KY,NSF|KY|LEXINGTON,3.224909522189154,0.2249936875948171,False
NSF,NSF|KY|LOUISVILLE,Louisville,8.0,0.0016000000000001126,8,-85.759407,38.2542376,KY,NSF|KY|LOUISVILLE,2.59697957675527,0.32462244709440874,False
NSF,NSF|LA|BATON ROUGE,Baton Rouge,35.333333333326,0.007066666666665698,43,-91.1869659,30.4494155,LA,NSF|LA|BATON ROUGE,4.137303309433372,0.11709348988964804,True
NSF,NSF|LA|CHAUVIN,Chauvin,3.0,0.0006000000000000422,3,-90.5953651,29.4385529,LA,NSF|LA|CHAUVIN,1.006287537879906,0.335429179293302,False
NSF,NSF|LA|LAFAYETTE,Lafayette,7.9166666666620005,0.0015833333333325115,10,-92.0178202,30.2262187,LA,NSF|LA|LAFAYETTE,1.9490047969319602,0.24619007961260322,False
NSF,NSF|LA|NEW ORLEANS,New Orleans,13.499999999999,0.00269999999999999,19,-90.0733934,29.9561422,LA,NSF|LA|NEW ORLEANS,3.2919881657617442,0.24385097524162874,False
NSF,NSF|LA|YOUNGSVILLE,Youngsville,1.0,0.00020000000000001408,1,-91.9901206,30.0996471,LA,NSF|LA|YOUNGSVILLE,0.34947905862549333,0.34947905862549333,False
NSF,NSF|MA|AMESBURY,Amesbury,1.0,0.00020000000000001408,1,-70.9300921,42.8579536,MA,NSF|MA|AMESBURY,0.48942552244817566,0.48942552244817566,False
NSF,NSF|MA|AMHERST,Amherst,29.333333333326,0.005866666666665613,34,-72.5198761,42.3731948,MA,NSF|MA|AMHERST,3.628701897969126,0.12370574652170568,True
NSF,NSF|MA|ARLINGTON,Arlington,0.8095238095242,0.0001619047619048514,3,-71.1564428,42.4153739,MA,NSF|MA|ARLINGTON,0.3590075957711323,0.4434799712464789,False
NSF,NSF|MA|BILLERICA,Billerica,2.5,0.0005000000000000352,3,-71.268947,42.5584264,MA,NSF|MA|BILLERICA,0.766804872759817,0.3067219491039268,False
NSF,NSF|MA|BOSTON,Boston,57.08333333331,0.011416666666662804,71,-71.0578303,42.3588336,MA,NSF|MA|BOSTON,3.8385768366379454,0.06724514166375792,True
NSF,NSF|MA|BRIGHTON,Brighton,1.0,0.00020000000000001408,1,-71.1533859,42.3491615,MA,NSF|MA|BRIGHTON,0.16695776124057354,0.16695776124057354,False
NSF,NSF|MA|BROOKLINE,Brookline,1.0,0.00020000000000001408,1,-71.1187829,42.332918,MA,NSF|MA|BROOKLINE,0.6424220872314848,0.6424220872314848,False
NSF,NSF|MA|BURLINGTON,Burlington,1.0,0.00020000000000001408,1,-71.1956111,42.5048167,MA,NSF|MA|BURLINGTON,0.2457779521327841,0.2457779521327841,False
NSF,NSF|MA|CAMBRIDGE,Cambridge,82.99999999997,0.016599999999995167,98,-71.1040018,42.3656347,MA,NSF|MA|CAMBRIDGE,7.296700081431266,0.08791204917390244,True
NSF,NSF|MA|CHARLESTOWN,Charlestown,2.0,0.00040000000000002815,2,-71.0619957,42.3778749,MA,NSF|MA|CHARLESTOWN,1.135365111473603,0.5676825557368015,False
NSF,NSF|MA|CHESTNUT HILL,Chestnut Hill,3.0,0.0006000000000000422,3,-71.1639439,42.3234553,MA,NSF|MA|CHESTNUT HILL,1.2832903420980657,0.4277634473660219,False
NSF,NSF|MA|DORCHESTER,Dorchester,4.499999999996,0.0008999999999992633,5,-71.0744952,42.2973205,MA,NSF|MA|DORCHESTER,1.4407826836793955,0.32017392970681696,False
NSF,NSF|MA|FALMOUTH,Falmouth,10.083333333323301,0.002016666666664802,14,-70.6147519,41.5514979,MA,NSF|MA|FALMOUTH,2.7718108055449413,0.2748903278229123,False
NSF,NSF|MA|HINGHAM,Hingham,0.9999999999990001,0.0001999999999998141,1,-70.8897676,42.2417669,MA,NSF|MA|HINGHAM,0.6000396201084676,0.6000396201090675,False
NSF,NSF|MA|LEXINGTON,Lexington,4.0,0.0008000000000000563,9,-71.2245003,42.4473175,MA,NSF|MA|LEXINGTON,0.8285574405215168,0.2071393601303792,False
NSF,NSF|MA|LOWELL,Lowell,12.833333333333,0.002566666666666781,14,-71.3085329,42.6414437,MA,NSF|MA|LOWELL,3.0009155284302005,0.2338375736439178,False
NSF,NSF|MA|MALDEN,Malden,2.0,0.00040000000000002815,2,-71.0683741,42.4268484,MA,NSF|MA|MALDEN,0.8579745571905539,0.42898727859527697,False
NSF,NSF|MA|MARLBOROUGH,Marlborough,2.0,0.00040000000000002815,2,-71.5525188,42.3468589,MA,NSF|MA|MARLBOROUGH,0.3339155224811471,0.16695776124057354,False
NSF,NSF|MA|MEDFORD,Medford,8.199999999993,0.0016399999999987156,13,-71.1061639,42.4184296,MA,NSF|MA|MEDFORD,2.4187929964309522,0.29497475566256304,False
NSF,NSF|MA|MEDWAY,Medway,1.0,0.00020000000000001408,1,-71.3967256,42.1417641,MA,NSF|MA|MEDWAY,0.3373826153640305,0.3373826153640305,False
NSF,NSF|MA|MILTON,Milton,1.0,0.00020000000000001408,1,-71.065573,42.2501425,MA,NSF|MA|MILTON,0.41148838658882053,0.41148838658882053,False
NSF,NSF|MA|NORTH DARTMOUTH,North Dartmouth,2.5,0.0005000000000000352,3,-70.9703171,41.6389926,MA,NSF|MA|NORTH DARTMOUTH,1.4390934991646291,0.5756373996658517,False
NSF,NSF|MA|NORTH FALMOUTH,North Falmouth,1.0,0.00020000000000001408,1,-70.6168547,41.6489409,MA,NSF|MA|NORTH FALMOUTH,0.7939327606870686,0.7939327606870686,False
NSF,NSF|MA|NORTHAMPTON,Northampton,1.0,0.00020000000000001408,1,-72.6311006,42.3178989,MA,NSF|MA|NORTHAMPTON,0.47215062263549357,0.47215062263549357,False
NSF,NSF|MA|SHARON,Sharon,1.0,0.00020000000000001408,1,-71.1787282,42.1237328,MA,NSF|MA|SHARON,0.2976285053791387,0.2976285053791387,False
NSF,NSF|MA|SOMERVILLE,Somerville,9.0,0.0018000000000001268,9,-71.0994968,42.3875968,MA,NSF|MA|SOMERVILLE,3.742276220572152,0.4158084689524613,False
NSF,NSF|MA|SOUTH HADLEY,South Hadley,1.0,0.00020000000000001408,1,-72.5751341,42.2591392,MA,NSF|MA|SOUTH HADLEY,0.15456127623315766,0.15456127623315766,False
NSF,NSF|MA|SPRINGFIELD,Springfield,1.0,0.00020000000000001408,1,-72.5886727,42.1018764,MA,NSF|MA|SPRINGFIELD,0.47215062263549357,0.47215062263549357,False
NSF,NSF|MA|SUDBURY,Sudbury,1.0,0.00020000000000001408,1,-71.4161725,42.3834278,MA,NSF|MA|SUDBURY,0.16695776124057354,0.16695776124057354,False
NSF,NSF|MA|WELLESLEY HILLS,Wellesley Hills,0.2,4.0000000000002815e-05,1,-71.2738201,42.3130588,MA,NSF|MA|WELLESLEY HILLS,0.1434687908928327,0.7173439544641635,False
NSF,NSF|MA|WILLIAMSTOWN,Williamstown,1.5,0.0003000000000000211,2,-73.2094566,42.7135472,MA,NSF|MA|WILLIAMSTOWN,0.7643741392069388,0.5095827594712925,False
NSF,NSF|MA|WINCHESTER,Winchester,1.0,0.00020000000000001408,1,-71.1369982,42.4523178,MA,NSF|MA|WINCHESTER,0.5704379203139077,0.5704379203139077,False
NSF,NSF|MA|WOBURN,Woburn,1.999999999999,0.0003999999999998281,2,-71.1522766,42.4792618,MA,NSF|MA|WOBURN,0.7898090540357882,0.39490452701809153,False
NSF,NSF|MA|WOODS HOLE,Woods Hole,64.0,0.012800000000000901,80,-70.6694015,41.5238752,MA,NSF|MA|WOODS HOLE,7.286328756771015,0.11384888682454711,True
NSF,NSF|MA|WORCESTER,Worcester,21.5,0.004300000000000303,23,-71.8018877,42.2625621,MA,NSF|MA|WORCESTER,4.938978816227792,0.2297199449408275,True
NSF,NSF|MD|ANNAPOLIS,Annapolis,1.0,0.00020000000000001408,1,-76.492786,38.9786401,MD,NSF|MD|Annapolis,0.4161162284547503,0.4161162284547503,False
NSF,NSF|MD|BALTIMORE,Baltimore,28.5833333333233,0.005716666666665062,36,-76.610759,39.2908816,MD,NSF|MD|BALTIMORE,3.4808385323665987,0.12177860754639605,True
NSF,NSF|MD|BELTSVILLE,Beltsville,1.0,0.00020000000000001408,1,-76.9149547,39.0299081,MD,NSF|MD|BELTSVILLE,0.6381680408052568,0.6381680408052568,False
NSF,NSF|MD|CAMBRIDGE,Cambridge,13.583333333331,0.0027166666666663913,16,-76.077268,38.5700533,MD,NSF|MD|CAMBRIDGE,6.207513496945885,0.4569948586709412,False
NSF,NSF|MD|COLLEGE PARK,College Park,39.583333333343,0.007916666666669157,46,-76.9369189,38.980666,MD,NSF|MD|COLLEGE PARK,6.147806027375681,0.15531299437576876,True
NSF,NSF|MD|EDGEWATER,Edgewater,1.0,0.00020000000000001408,1,-76.5575862,38.9344805,MD,NSF|MD|EDGEWATER,0.8105612656677558,0.8105612656677558,False
NSF,NSF|MD|GAITHERSBURG,Gaithersburg,1.0,0.00020000000000001408,1,-77.1929215,39.1399187,MD,NSF|MD|GAITHERSBURG,0.25821840993303347,0.25821840993303347,False
NSF,NSF|MD|HALETHORPE,Halethorpe,1.0,0.00020000000000001408,1,-76.6802471,39.2398292,MD,NSF|MD|HALETHORPE,0.16695776124057354,0.16695776124057354,False
NSF,NSF|MD|NORTH POTOMAC,North Potomac,1.0,0.00020000000000001408,1,-77.2368904,39.0980055,MD,NSF|MD|NORTH POTOMAC,0.7478934668349806,0.7478934668349806,False
NSF,NSF|MD|PRINCESS ANNE,Princess Anne,1.0,0.00020000000000001408,1,-75.6920008,38.2028428,MD,NSF|MD|PRINCESS ANNE,0.6504193182218435,0.6504193182218435,False
NSF,NSF|MD|ROCKVILLE,Rockville,1.0,0.00020000000000001408,1,-77.1516844,39.0817985,MD,NSF|MD|ROCKVILLE,0.5581662904287461,0.5581662904287461,False
NSF,NSF|MD|SILVER SPRING,Silver Spring,1.0,0.00020000000000001408,1,-77.0276231,38.9959461,MD,NSF|MD|SILVER SPRING,0.7169137113328612,0.7169137113328612,False
NSF,NSF|MD|TOWSON,Towson,1.5,0.0003000000000000211,2,-76.6023803,39.4018513,MD,NSF|MD|TOWSON,0.6300701781479533,0.4200467854319689,False
NSF,NSF|ME|CAMDEN,Camden,1.0,0.00020000000000001408,1,-69.0851729,44.2154945,ME,NSF|ME|CAMDEN,0.5581662904287461,0.5581662904287461,False
NSF,NSF|ME|EAST BOOTHBAY,East Boothbay,5.533333333333,0.0011066666666666779,7,-69.5849926,43.8639881,ME,NSF|ME|EAST BOOTHBAY,1.3190975804985783,0.23839112900578152,False
NSF,NSF|ME|LEWISTON,Lewiston,1.0,0.00020000000000001408,2,-70.2177099,44.0990717,ME,NSF|ME|LEWISTON,0.3509889053136566,0.3509889053136566,False
NSF,NSF|ME|ORONO,Orono,9.0,0.0018000000000001268,10,-68.672791,44.883607,ME,NSF|ME|ORONO,2.445228582286617,0.271692064698513,False
NSF,NSF|ME|PORTLAND,Portland,5.333333333333,0.0010666666666666752,6,-70.2586618,43.6573605,ME,NSF|ME|PORTLAND,2.8179719259932954,0.5283697361237759,False
NSF,NSF|ME|WATERVILLE,Waterville,2.0,0.00040000000000002815,2,-69.6303174,44.5505773,ME,NSF|ME|WATERVILLE,1.056829254979255,0.5284146274896275,False
NSF,NSF|MI|ALLENDALE,Allendale,0.666666666667,0.0001333333333334094,2,-85.9536535,42.9722455,MI,NSF|MI|ALLENDALE,0.16254016398503396,0.24381024597742904,False
NSF,NSF|MI|ANN ARBOR,Ann Arbor,103.98333333333,0.020796666666667463,122,-83.7484616,42.2813722,MI,NSF|MI|ANN ARBOR,6.698357795703967,0.06441760983206458,True
NSF,NSF|MI|DEARBORN,Dearborn,1.0,0.00020000000000001408,1,-83.1763145,42.3222599,MI,NSF|MI|Dearborn,0.577198821044857,0.577198821044857,False
NSF,NSF|MI|DETROIT,Detroit,13.333333333323,0.002666666666664788,14,-83.0466403,42.3315509,MI,NSF|MI|DETROIT,3.2680737550269465,0.24510553162721094,False
NSF,NSF|MI|EAST LANSING,East Lansing,29.33333333334,0.005866666666668413,38,-84.4721678,42.7320307,MI,NSF|MI|EAST LANSING,4.477854507380284,0.1526541309333841,True
NSF,NSF|MI|FENTON,Fenton,1.0,0.00020000000000001408,1,-83.7049498,42.7978061,MI,NSF|MI|FENTON,0.44967141246328385,0.44967141246328385,False
NSF,NSF|MI|HANCOCK,Hancock,1.0,0.00020000000000001408,1,-88.580956,47.126871,MI,NSF|MI|HANCOCK,0.20636785668667884,0.20636785668667884,False
NSF,NSF|MI|HOLLAND,Holland,1.0,0.00020000000000001408,1,-86.1090828,42.7876022,MI,NSF|MI|HOLLAND,0.46333893983517516,0.46333893983517516,False
NSF,NSF|MI|HOUGHTON,Houghton,16.9444444444373,0.0033888888888876983,22,-88.569012,47.121872,MI,NSF|MI|HOUGHTON,2.272808081690884,0.1341329359686989,True
NSF,NSF|MI|KALAMAZOO,Kalamazoo,1.0,0.00020000000000001408,1,-85.5872286,42.291707,MI,NSF|MI|KALAMAZOO,0.25821840993303347,0.25821840993303347,False
NSF,NSF|MI|MARQUETTE,Marquette,3.5,0.0007000000000000493,4,-87.396433,46.5434914,MI,NSF|MI|MARQUETTE,1.707145459101681,0.4877558454576231,False
NSF,NSF|MI|MOUNT PLEASANT,Mount Pleasant,2.75,0.0005500000000000387,4,-84.7668495,43.597646,MI,NSF|MI|MOUNT PLEASANT,0.8579200299683442,0.3119709199884888,False
NSF,NSF|MI|PLYMOUTH,Plymouth,1.0,0.00020000000000001408,1,-83.4675021,42.3712,MI,NSF|MI|PLYMOUTH,0.16695776124057354,0.16695776124057354,False
NSF,NSF|MI|ROCHESTER,Rochester,0.9999999999990001,0.0001999999999998141,1,-83.1338214,42.680588,MI,NSF|MI|ROCHESTER,0.38879432004953063,0.3887943200499194,False
NSF,NSF|MI|ROCHESTER HILLS,Rochester Hills,1.0,0.00020000000000001408,1,-83.1499322,42.6583661,MI,NSF|MI|ROCHESTER HILLS,0.577198821044857,0.577198821044857,False
NSF,NSF|MI|SALINE,Saline,1.0,0.00020000000000001408,1,-83.7816075,42.1667072,MI,NSF|MI|SALINE,0.577198821044857,0.577198821044857,False
NSF,NSF|MI|SOUTHFIELD,Southfield,1.0,0.00020000000000001408,1,-83.2218731,42.4733689,MI,NSF|MI|SOUTHFIELD,0.48124355159584403,0.48124355159584403,False
NSF,NSF|MI|WIXOM,Wixom,1.0,0.00020000000000001408,1,-83.5363637,42.5246873,MI,NSF|MI|WIXOM,0.16695776124057354,0.16695776124057354,False
NSF,NSF|MN|BEMIDJI,Bemidji,0.25,5.000000000000352e-05,1,-94.8832791,47.4723148,MN,NSF|MN|BEMIDJI,0.11803765565887339,0.47215062263549357,False
NSF,NSF|MN|DULUTH,Duluth,6.366666666667,0.0012733333333334897,9,-92.1052679,46.7838287,MN,NSF|MN|DULUTH,2.3407157257283684,0.367651684669358,False
NSF,NSF|MN|MINNEAPOLIS,Minneapolis,39.950000000003,0.007990000000001163,49,-93.2654692,44.9772995,MN,NSF|MN|MINNEAPOLIS,5.30527959499102,0.13279798735896423,True
NSF,NSF|MN|NORTHFIELD,Northfield,1.0,0.00020000000000001408,1,-93.161159,44.4582041,MN,NSF|MN|NORTHFIELD,0.3509889053136566,0.3509889053136566,False
NSF,NSF|MN|SAINT PAUL,Saint Paul,4.0,0.0008000000000000563,4,-93.0931028,44.9497487,MN,NSF|MN|SAINT PAUL,1.9837030056332776,0.4959257514083194,False
NSF,NSF|MN|SAINT PETER,Saint Peter,0.333333333334,6.666666666680469e-05,1,-93.9585295,44.3238384,MN,NSF|MN|SAINT PETER,0.13718992132513275,0.4115697639745751,False
NSF,NSF|MO|COLUMBIA,Columbia,9.0,0.0018000000000001268,11,-92.3337366,38.951883,MO,NSF|MO|COLUMBIA,2.783958746537273,0.3093287496152526,False
NSF,NSF|MO|KANSAS CITY,Kansas City,1.0,0.00020000000000001408,1,-94.5781416,39.100105,MO,NSF|MO|KANSAS CITY,0.5704379203139077,0.5704379203139077,False
NSF,NSF|MO|LAKE WINNEBAGO,Lake Winnebago,1.0,0.00020000000000001408,1,-94.3585603,38.8313975,MO,NSF|MO|LAKE WINNEBAGO,0.3579804343064613,0.3579804343064613,False
NSF,NSF|MO|ROGERSVILLE,Rogersville,1.0,0.00020000000000001408,1,-93.0569237,37.1173669,MO,NSF|MO|ROGERSVILLE,0.34947905862549333,0.34947905862549333,False
NSF,NSF|MO|ROLLA,Rolla,15.333333333331,0.0030666666666664157,19,-91.7708076,37.9509324,MO,NSF|MO|ROLLA,3.870949520319109,0.25245322958606725,False
NSF,NSF|MO|SAINT JAMES,Saint James,1.0,0.00020000000000001408,1,-91.6139952,37.9970626,MO,NSF|MO|SAINT JAMES,0.16695776124057354,0.16695776124057354,False
NSF,NSF|MO|SAINT LOUIS,Saint Louis,15.83333333332,0.0031666666666642232,20,-90.190009,38.6254063,MO,NSF|MO|SAINT LOUIS,5.252467172088879,0.3317347687637875,True
NSF,NSF|MO|SPRINGFIELD,Springfield,1.0,0.00020000000000001408,1,-93.2922715,37.2081729,MO,NSF|MO|SPRINGFIELD,0.3579804343064613,0.3579804343064613,False
NSF,NSF|MS|HATTIESBURG,Hattiesburg,3.5,0.0007000000000000493,4,-89.2903392,31.3271189,MS,NSF|MS|HATTIESBURG,1.3687862809478808,0.39108179455653735,False
NSF,NSF|MS|MISSISSIPPI STATE,Mississippi State,4.500000000004,0.0009000000000008634,7,-88.7943232,33.4386876,MS,NSF|MS|MISSISSIPPI STATE,1.9963791718618855,0.4436398159689135,False
NSF,NSF|MS|UNIVERSITY,University,3.333333333333,0.0006666666666666469,5,-89.5350279,34.3653692,MS,NSF|MS|UNIVERSITY,0.8749625672395156,0.26248877017188094,False
NSF,NSF|MT|BOZEMAN,Bozeman,9.5,0.0019000000000001338,11,-111.044047,45.6794293,MT,NSF|MT|BOZEMAN,2.69030450047083,0.2831899474179821,False
NSF,NSF|MT|MISSOULA,Missoula,9.5,0.0019000000000001338,12,-113.995267,46.8701049,MT,NSF|MT|MISSOULA,3.575750248393681,0.37639476298880853,False
NSF,NSF|NC|ASHEVILLE,Asheville,0.25,5.000000000000352e-05,1,-82.5508407,35.595363,NC,NSF|NC|ASHEVILLE,0.10402905711368758,0.4161162284547503,False
NSF,NSF|NC|ATLANTIC BEACH,Atlantic Beach,1.0,0.00020000000000001408,1,-76.7402108,34.6990505,NC,NSF|NC|Atlantic Beach,0.15456127623315766,0.15456127623315766,False
NSF,NSF|NC|BEAUFORT,Beaufort,1.0,0.00020000000000001408,1,-76.6645903,34.7163146,NC,NSF|NC|Beaufort,0.15456127623315766,0.15456127623315766,False
NSF,NSF|NC|BOONE,Boone,3.83333333333,0.000766666666666054,6,-81.684004,36.2187873,NC,NSF|NC|BOONE,1.2524641354001234,0.3267297744524902,False
NSF,NSF|NC|CARY,Cary,3.0,0.0006000000000000422,3,-78.7812081,35.7882893,NC,NSF|NC|CARY,0.9763953093357673,0.32546510311192245,False
NSF,NSF|NC|CHAPEL HILL,Chapel Hill,31.283333333324,0.0062566666666652405,41,-79.05578,35.9131542,NC,NSF|NC|CHAPEL HILL,5.93771458871474,0.18980440880287197,True
NSF,NSF|NC|CHARLOTTE,Charlotte,16.0,0.0032000000000002252,18,-80.8430827,35.2272086,NC,NSF|NC|CHARLOTTE,3.721368391581935,0.23258552447387093,False
NSF,NSF|NC|DAVIDSON,Davidson,1.0,0.00020000000000001408,1,-80.8485218,35.4992614,NC,NSF|NC|DAVIDSON,0.6134729654049428,0.6134729654049428,False
NSF,NSF|NC|DURHAM,Durham,22.583333333333,0.004516666666666919,26,-78.9018053,35.996653,NC,NSF|NC|DURHAM,6.209789615979884,0.27497223391793246,True
NSF,NSF|NC|GREENSBORO,Greensboro,15.666666666667,0.0031333333333336206,19,-79.7919754,36.0726355,NC,NSF|NC|GREENSBORO,4.685380346528903,0.29906683062949807,False
NSF,NSF|NC|GREENVILLE,Greenville,13.2499999999966,0.0026499999999995065,15,-77.3724593,35.613224,NC,NSF|NC|GREENVILLE,2.856640846322255,0.21559553557154626,False
NSF,NSF|NC|HIGH POINT,High Point,0.5,0.00010000000000000704,1,-80.0053176,35.9556924,NC,NSF|NC|HIGH POINT,0.24062177579792202,0.48124355159584403,False
NSF,NSF|NC|MORRISVILLE,Morrisville,1.0,0.00020000000000001408,1,-78.8300321,35.824341,NC,NSF|NC|MORRISVILLE,0.42898727859527697,0.42898727859527697,False
NSF,NSF|NC|MOUNT OLIVE,Mount Olive,1.0,0.00020000000000001408,1,-78.0663788,35.1965532,NC,NSF|NC|MOUNT OLIVE,0.2457779521327841,0.2457779521327841,False
NSF,NSF|NC|PENROSE,Penrose,1.0,0.00020000000000001408,1,-82.6390121,35.2723372,NC,NSF|NC|PENROSE,0.2976285053791387,0.2976285053791387,False
NSF,NSF|NC|RALEIGH,Raleigh,35.416666666666,0.007083333333333699,47,-78.6390989,35.7803977,NC,NSF|NC|RALEIGH,4.227553585492183,0.11936621888448741,True
NSF,NSF|NC|WAKE FOREST,Wake Forest,1.0,0.00020000000000001408,1,-78.5103731,35.9803138,NC,NSF|NC|WAKE FOREST,0.2457779521327841,0.2457779521327841,False
NSF,NSF|NC|WILMINGTON,Wilmington,8.833333333337,0.0017666666666675244,10,-77.9487284,34.2352853,NC,NSF|NC|WILMINGTON,2.168317815647546,0.24546994139395992,False
NSF,NSF|NC|WINSTON SALEM,Winston Salem,2.0,0.00040000000000002815,2,-80.2440518,36.0998131,NC,NSF|NC|WINSTON SALEM,0.9481878076275112,0.4740939038137556,False
NSF,NSF|ND|FARGO,Fargo,2.0,0.00040000000000002815,3,-96.789821,46.877229,ND,NSF|ND|FARGO,0.5926795635557476,0.2963397817778738,False
NSF,NSF|ND|GRAND FORKS,Grand Forks,2.5,0.0005000000000000352,3,-97.0306325,47.9252104,ND,NSF|ND|GRAND FORKS,1.600456756727421,0.6401827026909684,False
NSF,NSF|NE|LINCOLN,Lincoln,9.666666666666,0.0019333333333333362,14,-96.7077751,40.8088861,NE,NSF|NE|LINCOLN,3.2813063460402847,0.33944548407315633,False
NSF,NSF|NE|OMAHA,Omaha,5.0,0.0010000000000000705,5,-95.9383758,41.2587459,NE,NSF|NE|OMAHA,2.520700349859478,0.5041400699718956,False
NSF,NSF|NH|BARRINGTON,Barrington,2.0,0.00040000000000002815,2,-71.047211,43.223191,NH,NSF|NH|Barrington,0.8749087038097503,0.43745435190487514,False
NSF,NSF|NH|CONCORD,Concord,2.0,0.00040000000000002815,2,-71.537476,43.207178,NH,NSF|NH|CONCORD,0.9434865441622291,0.47174327208111455,False
NSF,NSF|NH|DURHAM,Durham,16.0666666666606,0.0032133333333323457,26,-70.9177186,43.1214141,NH,NSF|NH|DURHAM,4.677992196652726,0.29116134004073607,True
NSF,NSF|NH|HANOVER,Hanover,12.61666666667,0.0025233333333341775,17,-72.2892164,43.7023545,NH,NSF|NH|HANOVER,2.3136479563467964,0.18338028716086013,False
NSF,NSF|NH|KEENE,Keene,0.333333333333,6.66666666666047e-05,1,-72.2784264,42.933597,NH,NSF|NH|KEENE,0.08127008199239508,0.24381024597742904,False
NSF,NSF|NJ|BRIDGEWATER,Bridgewater,1.0,0.00020000000000001408,1,-74.604954,40.5931225,NJ,NSF|NJ|BRIDGEWATER,0.16695776124057354,0.16695776124057354,False
NSF,NSF|NJ|CAMDEN,Camden,2.25,0.0004500000000000317,3,-75.1198911,39.9448402,NJ,NSF|NJ|CAMDEN,0.8770765544854564,0.38981180199353616,False
NSF,NSF|NJ|EAST BRUNSWICK,East Brunswick,0.9999999999990001,0.0001999999999998141,1,-74.415984,40.4278841,NJ,NSF|NJ|EAST BRUNSWICK,0.6109869857349036,0.6109869857355146,False
NSF,NSF|NJ|FRENCHTOWN,Frenchtown,1.0,0.00020000000000001408,1,-75.0616084,40.5264167,NJ,NSF|NJ|FRENCHTOWN,0.16695776124057354,0.16695776124057354,False
NSF,NSF|NJ|GALLOWAY,Galloway,0.9999999999990001,0.0001999999999998141,1,-74.4986142,39.4646097,NJ,NSF|NJ|GALLOWAY,0.6736619809527301,0.6736619809534037,False
NSF,NSF|NJ|GLASSBORO,Glassboro,3.0,0.0006000000000000422,4,-75.1119434,39.7027677,NJ,NSF|NJ|GLASSBORO,1.5858162736824464,0.5286054245608155,False
NSF,NSF|NJ|HOBOKEN,Hoboken,6.033333333337,0.0012066666666674848,10,-74.0323752,40.7433066,NJ,NSF|NJ|HOBOKEN,2.2153778325078983,0.3671896959955611,False
NSF,NSF|NJ|LAWRENCEVILLE,Lawrenceville,0.333333333334,6.666666666680469e-05,1,-74.7296049,40.2973299,NJ,NSF|NJ|LAWRENCEVILLE,0.11932681143572575,0.3579804343064613,False
NSF,NSF|NJ|MONTCLAIR,Montclair,4.5,0.0009000000000000634,5,-74.2210643,40.8164458,NJ,NSF|NJ|MONTCLAIR,2.2615427983211664,0.5025650662935925,False
NSF,NSF|NJ|NEW BRUNSWICK,New Brunswick,31.08333333329,0.006216666666658438,42,-74.4436416,40.4936119,NJ,NSF|NJ|NEW BRUNSWICK,5.559520597729873,0.1788585715089852,True
NSF,NSF|NJ|NEWARK,Newark,19.916666666663,0.003983333333332881,23,-74.1723667,40.735657,NJ,NSF|NJ|NEWARK,6.233489490252174,0.3129785518118822,True
NSF,NSF|NJ|PRINCETON,Princeton,32.726190476193,0.00654523809523906,39,-74.6597376,40.3496953,NJ,NSF|NJ|PRINCETON,4.801593004447731,0.14672019366081424,True
NSF,NSF|NJ|UNION,Union,1.0,0.00020000000000001408,1,-74.2698106,40.6964878,NJ,NSF|NJ|UNION,0.595520750005467,0.595520750005467,False
NSF,NSF|NM|ALBUQUERQUE,Albuquerque,11.0,0.002200000000000155,13,-106.650985,35.0841034,NM,NSF|NM|ALBUQUERQUE,2.6911946289025286,0.24465405717295716,False
NSF,NSF|NM|LAS CRUCES,Las Cruces,9.833333333336,0.0019666666666673387,11,-106.779807,32.3140354,NM,NSF|NM|LAS CRUCES,4.342000070717579,0.44155932922539676,False
NSF,NSF|NM|LOS ALAMOS,Los Alamos,3.0,0.0006000000000000422,3,-106.298959,35.88137,NM,NSF|NM|LOS ALAMOS,0.9879668282628595,0.3293222760876198,False
NSF,NSF|NM|SOCORRO,Socorro,5.666666666667,0.0011333333333334798,8,-106.8930799,34.0572858,NM,NSF|NM|SOCORRO,2.8707588393031513,0.5066045010534675,False
NSF,NSF|NV|LAS VEGAS,Las Vegas,4.999999999992999,0.0009999999999986704,6,-115.1484131,36.1674263,NV,NSF|NV|LAS VEGAS,1.7870599711118822,0.35741199422287684,False
NSF,NSF|NV|RENO,Reno,29.583333333336,0.005916666666667616,37,-119.812658,39.5261788,NV,NSF|NV|RENO,4.802712899666065,0.1623452247774298,True
NSF,NSF|NV|SPARKS,Sparks,1.0,0.00020000000000001408,1,-119.7487235,39.5404679,NV,NSF|NV|SPARKS,0.16695776124057354,0.16695776124057354,False
NSF,NSF|NY|ALBANY,Albany,8.699999999993,0.0017399999999987226,12,-73.754968,42.6511674,NY,NSF|NY|ALBANY,2.5989118036276,0.2987254946700794,False
NSF,NSF|NY|AMHERST,Amherst,33.53333333334,0.006706666666668473,40,-78.7997616,42.9783924,NY,NSF|NY|AMHERST,4.111274556770766,0.12260262097723504,True
NSF,NSF|NY|BINGHAMTON,Binghamton,7.833333333333,0.0015666666666667103,9,-75.9125187,42.098698,NY,NSF|NY|BINGHAMTON,2.6802006806081904,0.3421532783755282,False
NSF,NSF|NY|BLASDELL,Blasdell,1.0,0.00020000000000001408,1,-78.823366,42.797281,NY,NSF|NY|BLASDELL,0.20636785668667884,0.20636785668667884,False
NSF,NSF|NY|BROCKPORT,Brockport,1.0,0.00020000000000001408,1,-77.93918,43.213671,NY,NSF|NY|BROCKPORT,0.39595466264236306,0.39595466264236306,False
NSF,NSF|NY|BROOKLYN,Brooklyn,10.0,0.002000000000000141,10,-73.9497211,40.6526006,NY,NSF|NY|BROOKLYN,4.072459282626741,0.4072459282626741,False
NSF,NSF|NY|BUFFALO,Buffalo,4.0,0.0008000000000000563,4,-78.8781493,42.8864163,NY,NSF|NY|BUFFALO,2.426064811036336,0.606516202759084,False
NSF,NSF|NY|CANTON,Canton,2.5,0.0005000000000000352,3,-75.1690942,44.5956163,NY,NSF|NY|CANTON,0.7571427295631744,0.30285709182526976,False
NSF,NSF|NY|CLINTON,Clinton,1.0,0.00020000000000001408,1,-73.993889,40.7652778,NY,NSF|NY|CLINTON,0.25277509077340715,0.25277509077340715,False
NSF,NSF|NY|EAST AMHERST,East Amherst,1.0,0.00020000000000001408,1,-78.696697,43.0183913,NY,NSF|NY|EAST AMHERST,0.38923316861038515,0.38923316861038515,False
NSF,NSF|NY|FLUSHING,Flushing,2.0,0.00040000000000002815,2,-73.8174291,40.7654301,NY,NSF|NY|FLUSHING,0.910230830191121,0.4551154150955605,False
NSF,NSF|NY|HAMILTON,Hamilton,0.666666666667,0.0001333333333334094,2,-75.5444159,42.8268798,NY,NSF|NY|HAMILTON,0.28125681679424147,0.42188522519115124,False
NSF,NSF|NY|HORSEHEADS,Horseheads,1.0,0.00020000000000001408,1,-76.8202973,42.1669832,NY,NSF|NY|HORSEHEADS,0.2457779521327841,0.2457779521327841,False
NSF,NSF|NY|ITHACA,Ithaca,57.25000000003,0.011450000000006805,64,-76.4968019,42.4396039,NY,NSF|NY|ITHACA,6.800922172265191,0.11879340038884939,True
NSF,NSF|NY|JAMAICA,Jamaica,2.0,0.00040000000000002815,2,-73.7908497,40.7009164,NY,NSF|NY|JAMAICA,0.8579745571905539,0.42898727859527697,False
NSF,NSF|NY|MENANDS,Menands,0.333333333334,6.666666666680469e-05,1,-73.7245639,42.6920233,NY,NSF|NY|MENANDS,0.2618997345845643,0.7856992037521214,False
NSF,NSF|NY|MILLBROOK,Millbrook,2.0,0.00040000000000002815,2,-73.6921867,41.7865038,NY,NSF|NY|MILLBROOK,1.322690093878415,0.6613450469392075,False
NSF,NSF|NY|NEW PALTZ,New Paltz,1.5,0.0003000000000000211,2,-74.0844894,41.7464972,NY,NSF|NY|NEW PALTZ,0.6636813956574366,0.4424542637716244,False
NSF,NSF|NY|NEW YORK,New York,132.69999999993001,0.026539999999987872,152,-74.0060152,40.7127281,NY,NSF|NY|NEW YORK,7.2243061910635475,0.05444089066365756,True
NSF,NSF|NY|POTSDAM,Potsdam,5.833333333334,0.001166666666666882,9,-74.9813349,44.6697996,NY,NSF|NY|POTSDAM,1.958626993311053,0.3357646274247136,False
NSF,NSF|NY|ROCHESTER,Rochester,13.250000000007,0.002650000000001587,17,-77.615214,43.157285,NY,NSF|NY|ROCHESTER,3.3803653754518463,0.25512191512830645,False
NSF,NSF|NY|ROCKVILLE CENTRE,Rockville Centre,1.0,0.00020000000000001408,1,-73.6450664,40.6574186,NY,NSF|NY|ROCKVILLE CENTRE,0.4081079362233459,0.4081079362233459,False
NSF,NSF|NY|SARATOGA SPRINGS,Saratoga Springs,0.333333333333,6.66666666666047e-05,1,-73.785373,43.0822315,NY,NSF|NY|SARATOGA SPRINGS,0.11699630177110189,0.3509889053136566,False
NSF,NSF|NY|SCHENECTADY,Schenectady,2.25,0.0004500000000000317,3,-73.9395687,42.8142432,NY,NSF|NY|SCHENECTADY,1.280271687325009,0.5690096388111151,False
NSF,NSF|NY|STATEN ISLAND,Staten Island,0.5,0.00010000000000000704,1,-74.1496048,40.5834557,NY,NSF|NY|STATEN ISLAND,0.1754944526568283,0.3509889053136566,False
NSF,NSF|NY|STONY BROOK,Stony Brook,24.444444444436,0.004888888888887544,33,-73.140943,40.9256538,NY,NSF|NY|STONY BROOK,4.252398658574756,0.173961763305391,True
NSF,NSF|NY|SYOSSET,Syosset,1.0,0.00020000000000001408,1,-73.502068,40.8262101,NY,NSF|NY|SYOSSET,0.42898727859527697,0.42898727859527697,False
NSF,NSF|NY|SYRACUSE,Syracuse,21.41666666666,0.004283333333332301,26,-76.1474244,43.0481221,NY,NSF|NY|SYRACUSE,4.041015621437147,0.188685554308408,True
NSF,NSF|NY|TONAWANDA,Tonawanda,1.0,0.00020000000000001408,1,-78.878383,43.020679,NY,NSF|NY|Tonawanda,0.6282171723092508,0.6282171723092508,False
NSF,NSF|NY|TROY,Troy,19.16666666667,0.00383333333333427,23,-73.6917878,42.7284117,NY,NSF|NY|TROY,3.4634371079955324,0.1807010665040833,True
NSF,NSF|NY|VESTAL,Vestal,1.0,0.00020000000000001408,1,-76.053813,42.0850703,NY,NSF|NY|VESTAL,0.16695776124057354,0.16695776124057354,False
NSF,NSF|NY|YORKTOWN HEIGHTS,Yorktown Heights,2.0,0.00040000000000002815,2,-73.7776336,41.2709274,NY,NSF|NY|YORKTOWN HEIGHTS,1.2763360816105136,0.6381680408052568,False
NSF,NSF|OH|AKRON,Akron,5.0,0.0010000000000000705,5,-81.518485,41.083064,OH,NSF|OH|AKRON,1.6282538066692052,0.325650761333841,False
NSF,NSF|OH|ATHENS,Athens,1.000000000001,0.00020000000000021409,2,-82.1012479,39.3289242,OH,NSF|OH|ATHENS,0.3866301238318337,0.386630123831447,False
NSF,NSF|OH|BEREA,Berea,0.5,0.00010000000000000704,1,-81.8543026,41.3661614,OH,NSF|OH|BEREA,0.288263306294021,0.576526612588042,False
NSF,NSF|OH|BOWLING GREEN,Bowling Green,1.0,0.00020000000000001408,1,-83.6513229,41.3747744,OH,NSF|OH|BOWLING GREEN,0.44760512124750407,0.44760512124750407,False
NSF,NSF|OH|CINCINNATI,Cincinnati,12.33333333333,0.0024666666666661734,14,-84.5127405,39.1012809,OH,NSF|OH|CINCINNATI,5.064897007217722,0.410667324909656,False
NSF,NSF|OH|CLEVELAND,Cleveland,14.16666666666,0.0028333333333321995,17,-81.6936772,41.4996574,OH,NSF|OH|CLEVELAND,3.1088453553822615,0.21944790743885115,False
NSF,NSF|OH|COLUMBUS,Columbus,41.03333333335,0.008206666666670578,52,-83.0007065,39.9622601,OH,NSF|OH|COLUMBUS,5.22344838884675,0.12729768616193243,True
NSF,NSF|OH|DAYTON,Dayton,3.866666666667,0.0007733333333334544,6,-84.1916069,39.7589478,OH,NSF|OH|DAYTON,1.7174222168044844,0.44416091813905245,False
NSF,NSF|OH|GRANVILLE,Granville,1.0,0.00020000000000001408,1,-82.5196037,40.0681192,OH,NSF|OH|GRANVILLE,0.5581662904287461,0.5581662904287461,False
NSF,NSF|OH|KENT,Kent,4.0,0.0008000000000000563,5,-81.3578047,41.1513108,OH,NSF|OH|KENT,1.6969628152973881,0.42424070382434703,False
NSF,NSF|OH|OBERLIN,Oberlin,5.4999999999960005,0.0010999999999992776,6,-82.2173786,41.2939386,OH,NSF|OH|OBERLIN,2.0221399887942733,0.3676618161446807,False
NSF,NSF|OH|OXFORD,Oxford,1.0,0.00020000000000001408,1,-84.7420519,39.5103048,OH,NSF|OH|OXFORD,0.7754408123043888,0.7754408123043888,False
NSF,NSF|OH|TOLEDO,Toledo,3.0,0.0006000000000000422,4,-83.5378173,41.6529143,OH,NSF|OH|TOLEDO,1.7137276386803397,0.57124254622678,False
NSF,NSF|OK|EDMOND,Edmond,1.0,0.00020000000000001408,1,-97.4649038,35.6571367,OK,NSF|OK|EDMOND,0.24381024597742904,0.24381024597742904,False
NSF,NSF|OK|NORMAN,Norman,21.638888888933998,0.004327777777787104,27,-97.4394816,35.2225717,OK,NSF|OK|NORMAN,1.9740257215579755,0.09122583565589085,True
NSF,NSF|OK|OKLAHOMA CITY,Oklahoma City,0.9999999999990001,0.0001999999999998141,1,-97.5170536,35.4729886,OK,NSF|OK|OKLAHOMA CITY,0.5735368801185662,0.5735368801191396,False
NSF,NSF|OK|STILLWATER,Stillwater,10.666666666667,0.0021333333333335503,16,-97.0585717,36.1156306,OK,NSF|OK|STILLWATER,2.8930616171145203,0.2712245266044778,False
NSF,NSF|OK|TULSA,Tulsa,0.5,0.00010000000000000704,1,-95.9927516,36.1563122,OK,NSF|OK|TULSA,0.34138406280289824,0.6827681256057965,False
NSF,NSF|OR|ASHLAND,Ashland,1.0,0.00020000000000001408,1,-122.7153995,42.1972487,OR,NSF|OR|ASHLAND,0.3509889053136566,0.3509889053136566,False
NSF,NSF|OR|BEND,Bend,1.0,0.00020000000000001408,1,-121.3153096,44.0581728,OR,NSF|OR|BEND,0.42898727859527697,0.42898727859527697,False
NSF,NSF|OR|CORVALLIS,Corvallis,63.999999999923,0.0127999999999855,82,-123.2620435,44.5645659,OR,NSF|OR|CORVALLIS,7.543198919257868,0.117862483113546,True
NSF,NSF|OR|EUGENE,Eugene,21.142857142853,0.004228571428570898,25,-123.0950506,44.0505054,OR,NSF|OR|EUGENE,3.044336734495658,0.14398889960455258,True
NSF,NSF|OR|PHILOMATH,Philomath,1.0,0.00020000000000001408,1,-123.367613,44.5400013,OR,NSF|OR|Philomath,0.2973995756455428,0.2973995756455428,False
NSF,NSF|OR|PORTLAND,Portland,31.009523809537,0.006201904761907837,42,-122.674194,45.5202471,OR,NSF|OR|PORTLAND,4.960619317510318,0.15997083179925117,True
NSF,NSF|OR|SALEM,Salem,1.0,0.00020000000000001408,1,-123.033121,44.9391565,OR,NSF|OR|SALEM,0.47215062263549357,0.47215062263549357,False
NSF,NSF|OR|SILVERTON,Silverton,1.0,0.00020000000000001408,1,-122.7832947,45.0049305,OR,NSF|OR|SILVERTON,0.5704379203139077,0.5704379203139077,False
NSF,NSF|OR|SPRINGFIELD,Springfield,0.333333333334,6.666666666680469e-05,1,-123.0220289,44.0462362,OR,NSF|OR|SPRINGFIELD,0.1962932288504294,0.5888796865501105,False
NSF,NSF|PA|AMBLER,Ambler,1.0,0.00020000000000001408,1,-75.2221643,40.1544727,PA,NSF|PA|AMBLER,0.7114717332492084,0.7114717332492084,False
NSF,NSF|PA|AVONDALE,Avondale,1.333333333333,0.00026666666666661876,2,-75.783273,39.823443,PA,NSF|PA|AVONDALE,0.7616763452036353,0.5712572589028693,False
NSF,NSF|PA|BETHLEHEM,Bethlehem,8.5,0.0017000000000001196,10,-75.3786521,40.6178915,PA,NSF|PA|BETHLEHEM,4.810424035115897,0.5659322394253996,False
NSF,NSF|PA|EASTON,Easton,2.333333333334,0.00046666666666683287,3,-75.2099866,40.6916081,PA,NSF|PA|EASTON,0.9500494216570632,0.4071640378529107,False
NSF,NSF|PA|EVANS CITY,Evans City,1.0,0.00020000000000001408,1,-80.0594986,40.7695583,PA,NSF|PA|EVANS CITY,0.5704379203139077,0.5704379203139077,False
NSF,NSF|PA|HUNTINGDON,Huntingdon,0.333333333334,6.666666666680469e-05,1,-78.0102813,40.4847959,PA,NSF|PA|HUNTINGDON,0.18863031855274828,0.5658909556571131,False
NSF,NSF|PA|INDIANA,Indiana,0.5,0.00010000000000000704,1,-79.1546786,40.6229748,PA,NSF|PA|INDIANA,0.1754944526568283,0.3509889053136566,False
NSF,NSF|PA|LANCASTER,Lancaster,1.333333333334,0.0002666666666668188,2,-76.3056707,40.0379958,PA,NSF|PA|LANCASTER,0.44939107484523216,0.3370433061337556,False
NSF,NSF|PA|NORRISTOWN,Norristown,1.0,0.00020000000000001408,1,-75.3446458,40.1146022,PA,NSF|PA|NORRISTOWN,0.42898727859527697,0.42898727859527697,False
NSF,NSF|PA|PHILADELPHIA,Philadelphia,44.33333333338,0.008866666666676624,54,-75.1635262,39.9527237,PA,NSF|PA|PHILADELPHIA,6.212800155054831,0.14013834936199154,True
NSF,NSF|PA|PITTSBURGH,Pittsburgh,59.44999999996,0.011889999999992837,70,-80.0025666,40.4406968,PA,NSF|PA|PITTSBURGH,6.183690511082675,0.10401497916041776,True
NSF,NSF|PA|STATE COLLEGE,State College,2.0,0.00040000000000002815,2,-77.8616386,40.7944504,PA,NSF|PA|State College,0.9920059790454199,0.49600298952270994,False
NSF,NSF|PA|UNIVERSITY PARK,University Park,69.11111111105,0.013822222222210972,89,-77.8710571,40.8128971,PA,NSF|PA|UNIVERSITY PARK,6.238557740608565,0.09026852036258318,True
NSF,NSF|PA|VILLANOVA,Villanova,6.499999999996,0.0012999999999992915,7,-75.3290464,40.0385961,PA,NSF|PA|VILLANOVA,1.9896855821957884,0.30610547418415585,False
NSF,NSF|PA|WEST CHESTER,West Chester,1.0,0.00020000000000001408,1,-75.6044609,39.9597389,PA,NSF|PA|WEST CHESTER,0.6596312886787326,0.6596312886787326,False
NSF,NSF|PA|WHITEHALL,Whitehall,1.0,0.00020000000000001408,1,-75.5074517,40.6574088,PA,NSF|PA|WHITEHALL,0.16695776124057354,0.16695776124057354,False
NSF,NSF|PR|MAYAGUEZ,Mayaguez,5.333333333332,0.001066666666666475,7,-67.1391124,18.2011161,PR,NSF|PR|MAYAGUEZ,1.8127682895542365,0.3398940542915043,False
NSF,NSF|PR|PONCE,Ponce,1.0,0.00020000000000001408,1,-66.613958,18.011564,PR,NSF|PR|PONCE,0.577198821044857,0.577198821044857,False
NSF,NSF|PR|SAN JUAN,San Juan,2.5,0.0005000000000000352,3,-66.116666,18.465299,PR,NSF|PR|SAN JUAN,1.6488568222116342,0.6595427288846537,False
NSF,NSF|RI|BRISTOL,Bristol,0.9999999999990001,0.0001999999999998141,1,-71.2661597,41.6770463,RI,NSF|RI|BRISTOL,0.4921805486566494,0.4921805486571415,False
NSF,NSF|RI|EAST GREENWICH,East Greenwich,18.0,0.0036000000000002536,18,-71.4558911,41.6603788,RI,NSF|RI|EAST GREENWICH,6.297611718153437,0.34986731767519097,False
NSF,NSF|RI|KINGSTON,Kingston,16.25,0.003250000000000229,22,-71.5227103,41.4801166,RI,NSF|RI|KINGSTON,3.53448241098248,0.21750660990661416,True
NSF,NSF|RI|PROVIDENCE,Providence,17.366666666663,0.0034733333333328447,21,-71.4128343,41.8239891,RI,NSF|RI|PROVIDENCE,4.832183529741812,0.27824473299862756,True
NSF,NSF|SC|CHARLESTON,Charleston,2.3333333333299997,0.0004666666666660328,3,-79.9399309,32.7884363,SC,NSF|SC|CHARLESTON,0.7693504456189795,0.3297216195514623,False
NSF,NSF|SC|CLEMSON,Clemson,22.16666666666,0.004433333333332312,28,-82.8364111,34.6850749,SC,NSF|SC|CLEMSON,2.462879362355299,0.11110733965515969,True
NSF,NSF|SC|COLUMBIA,Columbia,18.083333333333,0.003616666666666855,22,-81.0352313,34.000754,SC,NSF|SC|COLUMBIA,2.7348029521965915,0.15123334297861613,True
NSF,NSF|SC|CONWAY,Conway,2.8333333333370003,0.00056666666666744,5,-79.0478143,33.8360035,SC,NSF|SC|CONWAY,1.2416537369283613,0.43823073068003093,False
NSF,NSF|SC|IRMO,Irmo,1.0,0.00020000000000001408,1,-81.1802101,34.0884689,SC,NSF|SC|IRMO,0.42898727859527697,0.42898727859527697,False
NSF,NSF|SD|BROOKINGS,Brookings,5.2500000000039995,0.0010500000000008738,8,-96.79844,44.311461,SD,NSF|SD|BROOKINGS,1.7978647867477209,0.34245043557073357,False
NSF,NSF|SD|RAPID CITY,Rapid City,6.999999999996,0.0013999999999992985,8,-103.228023,44.0806041,SD,NSF|SD|RAPID CITY,2.4907057985995196,0.355815114085849,False
NSF,NSF|TN|CHATTANOOGA,Chattanooga,2.0,0.00040000000000002815,3,-85.3094883,35.0457219,TN,NSF|TN|CHATTANOOGA,0.6822744652609893,0.34113723263049467,False
NSF,NSF|TN|COLLIERVILLE,Collierville,1.0,0.00020000000000001408,1,-89.6645266,35.042036,TN,NSF|TN|COLLIERVILLE,0.5947541769490648,0.5947541769490648,False
NSF,NSF|TN|COOKEVILLE,Cookeville,3.0,0.0006000000000000422,3,-85.4997057,36.1623886,TN,NSF|TN|COOKEVILLE,1.5109251501471863,0.5036417167157288,False
NSF,NSF|TN|KNOXVILLE,Knoxville,30.66666666667,0.006133333333334432,35,-83.9210261,35.9603948,TN,NSF|TN|KNOXVILLE,5.370658363778138,0.17513016403622458,True
NSF,NSF|TN|LENOIR CITY,Lenoir City,1.0,0.00020000000000001408,1,-84.2560299,35.7972998,TN,NSF|TN|LENOIR CITY,0.2457779521327841,0.2457779521327841,False
NSF,NSF|TN|MEMPHIS,Memphis,4.33333333333,0.000866666666666061,6,-90.0517786,35.146026,TN,NSF|TN|MEMPHIS,1.8009567880509945,0.4156054126274723,False
NSF,NSF|TN|NASHVILLE,Nashville,22.83333333334,0.004566666666668322,32,-86.7742984,36.1622767,TN,NSF|TN|NASHVILLE,2.754456694870084,0.12063313992128231,True
NSF,NSF|TN|OAK RIDGE,Oak Ridge,0.25,5.000000000000352e-05,1,-84.2696449,36.0103562,TN,NSF|TN|OAK RIDGE,0.13954157260718653,0.5581662904287461,False
NSF,NSF|TX|ARLINGTON,Arlington,10.416666666667,0.0020833333333335467,14,-97.1071186,32.7355816,TX,NSF|TX|ARLINGTON,2.860910574215003,0.27464741512463153,False
NSF,NSF|TX|AUSTIN,Austin,65.083333333293,0.013016666666659515,89,-97.7436995,30.2711286,TX,NSF|TX|AUSTIN,4.900076791079604,0.07528927207809435,True
NSF,NSF|TX|BEAUMONT,Beaumont,0.5,0.00010000000000000704,1,-94.0984277,30.0829344,TX,NSF|TX|Beaumont,0.32210350547152145,0.6442070109430429,False
NSF,NSF|TX|CANYON,Canyon,1.833333333337,0.00036666666666742583,3,-101.9281915,34.9789849,TX,NSF|TX|CANYON,0.7273474440145694,0.3967349694616989,False
NSF,NSF|TX|COLLEGE STATION,College Station,86.36111111103,0.017272222222207215,110,-96.3455991,30.6183939,TX,NSF|TX|COLLEGE STATION,7.076633139450353,0.08194235864279574,True
NSF,NSF|TX|CORPUS CHRISTI,Corpus Christi,9.333333333344,0.0018666666666689313,12,-97.4033191,27.7635302,TX,NSF|TX|CORPUS CHRISTI,2.5747626630395226,0.2758674281824907,False
NSF,NSF|TX|DALLAS,Dallas,8.533333333337,0.0017066666666675201,10,-96.7968559,32.7762719,TX,NSF|TX|DALLAS,2.3980980628296473,0.28102711673772857,False
NSF,NSF|TX|DENTON,Denton,10.666666666667,0.0021333333333335503,16,-97.1330431,33.215038,TX,NSF|TX|DENTON,2.880201406712035,0.27001888187924483,False
NSF,NSF|TX|EDINBURG,Edinburg,0.333333333333,6.66666666666047e-05,1,-98.1624501,26.3013982,TX,NSF|TX|EDINBURG,0.21680643940706437,0.6504193182218435,False
NSF,NSF|TX|EL PASO,El Paso,12.58333333333,0.002516666666666177,16,-106.4870476,31.7601001,TX,NSF|TX|EL PASO,1.799765698876252,0.14302773765907778,False
NSF,NSF|TX|FARMERS BRANCH,Farmers Branch,2.0,0.00040000000000002815,2,-96.8960916,32.9265668,TX,NSF|TX|FARMERS BRANCH,0.5164368198660669,0.25821840993303347,False
NSF,NSF|TX|FORT WORTH,Fort Worth,1.0,0.00020000000000001408,1,-97.3327459,32.753177,TX,NSF|TX|FORT WORTH,0.6441545650833191,0.6441545650833191,False
NSF,NSF|TX|GALVESTON,Galveston,1.0,0.00020000000000001408,1,-94.7933252,29.3056996,TX,NSF|TX|GALVESTON,0.576526612588042,0.576526612588042,False
NSF,NSF|TX|HOUSTON,Houston,55.699999999921005,0.011139999999984985,71,-95.3676974,29.7589382,TX,NSF|TX|HOUSTON,6.451710014393873,0.11582962323883345,True
NSF,NSF|TX|HUNTSVILLE,Huntsville,0.9999999999990001,0.0001999999999998141,1,-95.5507771,30.7235263,TX,NSF|TX|HUNTSVILLE,0.38096607686574663,0.38096607686612755,False
NSF,NSF|TX|KINGSVILLE,Kingsville,1.0,0.00020000000000001408,2,-97.856109,27.5158689,TX,NSF|TX|KINGSVILLE,0.3978089448356037,0.3978089448356037,False
NSF,NSF|TX|LUBBOCK,Lubbock,21.027777777777,0.004205555555555696,28,-101.8470215,33.5855677,TX,NSF|TX|LUBBOCK,2.979558894793137,0.14169632788977132,True
NSF,NSF|TX|PRAIRIE VIEW,Prairie View,2.0,0.00040000000000002815,2,-95.9907058,30.0857916,TX,NSF|TX|PRAIRIE VIEW,1.0363346052919264,0.5181673026459632,False
NSF,NSF|TX|RICHARDSON,Richardson,5.33333333333,0.001066666666666075,8,-96.7297206,32.9481789,TX,NSF|TX|RICHARDSON,1.6738839766003732,0.3138532456127662,False
NSF,NSF|TX|SAN ANGELO,San Angelo,1.0,0.00020000000000001408,1,-100.4405094,31.4649685,TX,NSF|TX|SAN ANGELO,0.6114600196411728,0.6114600196411728,False
NSF,NSF|TX|SAN ANTONIO,San Antonio,14.416666666683,0.002883333333336803,18,-98.4951405,29.4246002,TX,NSF|TX|SAN ANTONIO,2.871797219964173,0.19919980716491928,False
NSF,NSF|TX|SAN MARCOS,San Marcos,10.0,0.002000000000000141,11,-97.9405828,29.8826436,TX,NSF|TX|SAN MARCOS,3.4314009362041693,0.3431400936204169,False
NSF,NSF|TX|SPRING,Spring,1.0,0.00020000000000001408,1,-95.4187924,30.0795707,TX,NSF|TX|SPRING,0.6776700063032288,0.6776700063032288,False
NSF,NSF|TX|STEPHENVILLE,Stephenville,1.0,0.00020000000000001408,1,-98.2045388,32.2201387,TX,NSF|TX|STEPHENVILLE,0.7460475621075755,0.7460475621075755,False
NSF,NSF|TX|TYLER,Tyler,1.5,0.0003000000000000211,2,-95.3010624,32.3512601,TX,NSF|TX|TYLER,0.9369048128083652,0.6246032085389102,False
NSF,NSF|TX|WACO,Waco,5.333333333325999,0.001066666666665275,7,-97.1474628,31.5491899,TX,NSF|TX|WACO,2.052790532224254,0.3848982247925769,False
NSF,NSF|UT|BOUNTIFUL,Bountiful,1.0,0.00020000000000001408,1,-111.8804817,40.8894611,UT,NSF|UT|BOUNTIFUL,0.41148838658882053,0.41148838658882053,False
NSF,NSF|UT|LOGAN,Logan,13.392857142876,0.0026785714285753885,21,-111.834914,41.7313063,UT,NSF|UT|LOGAN,2.7380543587430584,0.20444139211919385,True
NSF,NSF|UT|OGDEN,Ogden,1.0,0.00020000000000001408,1,-111.9738429,41.2230048,UT,NSF|UT|OGDEN,0.576526612588042,0.576526612588042,False
NSF,NSF|UT|PROVO,Provo,4.416666666663,0.0008833333333326621,8,-111.6587085,40.2337289,UT,NSF|UT|PROVO,1.0238552807760763,0.2318162899872286,False
NSF,NSF|UT|SALT LAKE CITY,Salt Lake City,37.166666666699,0.0074333333333403235,42,-111.886797,40.7596198,UT,NSF|UT|SALT LAKE CITY,5.210752707691429,0.14019962442206896,True
NSF,NSF|VA|ALEXANDRIA,Alexandria,0.9999999999990001,0.0001999999999998141,1,-77.0470229,38.8051095,VA,NSF|VA|Alexandria,0.8050567880480947,0.8050567880488996,False
NSF,NSF|VA|ARLINGTON,Arlington,1.0,0.00020000000000001408,1,-77.0841585,38.8903961,VA,NSF|VA|ARLINGTON,0.6827681256057965,0.6827681256057965,False
NSF,NSF|VA|ASHLAND,Ashland,1.0,0.00020000000000001408,1,-77.4806603,37.7594012,VA,NSF|VA|ASHLAND,0.25821840993303347,0.25821840993303347,False
NSF,NSF|VA|BLACKSBURG,Blacksburg,53.86904761909,0.010773809523818758,70,-80.4136767,37.2296566,VA,NSF|VA|BLACKSBURG,5.3939522570143925,0.10013082642847569,True
NSF,NSF|VA|CHANTILLY,Chantilly,1.0,0.00020000000000001408,1,-77.4311513,38.8941543,VA,NSF|VA|CHANTILLY,0.16695776124057354,0.16695776124057354,False
NSF,NSF|VA|CHARLOTTESVILLE,Charlottesville,22.426190476207,0.004485238095241716,27,-78.4766781,38.029306,VA,NSF|VA|CHARLOTTESVILLE,4.8382340309556415,0.21574034324236885,True
NSF,NSF|VA|EXMORE,Exmore,1.0,0.00020000000000001408,1,-75.8229914,37.5318069,VA,NSF|VA|EXMORE,0.16695776124057354,0.16695776124057354,False
NSF,NSF|VA|FABER,Faber,1.0,0.00020000000000001408,1,-78.7371019,37.8315231,VA,NSF|VA|Faber,0.4832273196481294,0.4832273196481294,False
NSF,NSF|VA|FAIRFAX,Fairfax,23.33333333333,0.004666666666666329,25,-77.3063733,38.8462236,VA,NSF|VA|FAIRFAX,6.0622025349764685,0.2598086800704572,True
NSF,NSF|VA|FAIRFAX STATION,Fairfax Station,1.0,0.00020000000000001408,1,-77.3256803,38.800859,VA,NSF|VA|FAIRFAX STATION,0.5947541769490648,0.5947541769490648,False
NSF,NSF|VA|FARMVILLE,Farmville,1.0,0.00020000000000001408,1,-78.3923813,37.3024713,VA,NSF|VA|FARMVILLE,0.5947541769490648,0.5947541769490648,False
NSF,NSF|VA|GLOUCESTER POINT,Gloucester Point,7.499999999999,0.0014999999999999055,11,-76.496899,37.2540351,VA,NSF|VA|GLOUCESTER POINT,1.330621900976182,0.17741625346351458,False
NSF,NSF|VA|HARRISONBURG,Harrisonburg,1.0,0.00020000000000001408,1,-78.8688833,38.4493315,VA,NSF|VA|HARRISONBURG,0.576526612588042,0.576526612588042,False
NSF,NSF|VA|HERNDON,Herndon,1.0,0.00020000000000001408,1,-77.3859479,38.9695316,VA,NSF|VA|HERNDON,0.42898727859527697,0.42898727859527697,False
NSF,NSF|VA|MANASSAS,Manassas,0.25,5.000000000000352e-05,1,-77.4752667,38.7509488,VA,NSF|VA|MANASSAS,0.13954157260718653,0.5581662904287461,False
NSF,NSF|VA|NORFOLK,Norfolk,8.249999999994,0.001649999999998916,13,-76.2899539,36.8493695,VA,NSF|VA|NORFOLK,2.1737490674042883,0.26348473544313566,False
NSF,NSF|VA|RICHMOND,Richmond,3.5,0.0007000000000000493,4,-77.43428,37.5385087,VA,NSF|VA|RICHMOND,1.0272038904806675,0.2934868258516193,False
NSF,NSF|VA|STAFFORD,Stafford,2.0,0.00040000000000002815,2,-77.4084067,38.4222681,VA,NSF|VA|STAFFORD,1.366954611065104,0.683477305532552,False
NSF,NSF|VA|WILLIAMSBURG,Williamsburg,3.3333333333310002,0.000666666666666247,4,-76.700035,37.2712497,VA,NSF|VA|WILLIAMSBURG,1.3646682136314179,0.4094004640897119,False
NSF,NSF|VI|CHARLOTTE AMALIE,Charlotte Amalie,1.25,0.0002500000000000176,4,-64.9335173,18.3414575,VI,NSF|VI|CHARLOTTE AMALIE,0.8009794929541925,0.640783594363354,False
NSF,NSF|VT|BENNINGTON,Bennington,1.333333333334,0.0002666666666668188,2,-73.1968205,42.8788667,VT,NSF|VT|BENNINGTON,0.7950131873211853,0.5962598904905908,False
NSF,NSF|VT|BRATTLEBORO,Brattleboro,1.0,0.00020000000000001408,1,-72.5572913,42.8507588,VT,NSF|VT|BRATTLEBORO,0.3373826153640305,0.3373826153640305,False
NSF,NSF|VT|BURLINGTON,Burlington,10.4999999999963,0.002099999999999408,15,-73.212906,44.4761601,VT,NSF|VT|BURLINGTON,2.696498987049594,0.2568094273381471,False
NSF,NSF|VT|CABOT,Cabot,0.5,0.00010000000000000704,1,-72.3104466,44.4028778,VT,NSF|VT|CABOT,0.28482964394517885,0.5696592878903577,False
NSF,NSF|VT|ESSEX JUNCTION,Essex Junction,1.0,0.00020000000000001408,1,-73.11136,44.4906817,VT,NSF|VT|ESSEX JUNCTION,0.4081079362233459,0.4081079362233459,False
NSF,NSF|VT|JERICHO,Jericho,1.0,0.00020000000000001408,1,-72.9979302,44.5043797,VT,NSF|VT|Jericho,0.3509889053136566,0.3509889053136566,False
NSF,NSF|VT|MIDDLEBURY,Middlebury,2.5,0.0005000000000000352,3,-73.167229,44.014299,VT,NSF|VT|MIDDLEBURY,1.7376434501017586,0.6950573800407034,False
NSF,NSF|WA|BAINBRIDGE ISLAND,Bainbridge Island,1.0,0.00020000000000001408,1,-122.5246791,47.6515096,WA,NSF|WA|Bainbridge Island,0.2326135249610199,0.2326135249610199,False
NSF,NSF|WA|BELLEVUE,Bellevue,1.0,0.00020000000000001408,1,-122.192337,47.6144219,WA,NSF|WA|BELLEVUE,0.34947905862549333,0.34947905862549333,False
NSF,NSF|WA|BELLINGHAM,Bellingham,2.5,0.0005000000000000352,4,-122.478836,48.7544012,WA,NSF|WA|BELLINGHAM,0.7371049397839863,0.2948419759135945,False
NSF,NSF|WA|ELLENSBURG,Ellensburg,2.666666666663,0.0005333333333326375,4,-120.545122,46.9970635,WA,NSF|WA|ELLENSBURG,0.734362934296626,0.27538610036161343,False
NSF,NSF|WA|ISSAQUAH,Issaquah,1.0,0.00020000000000001408,1,-122.043297,47.5348778,WA,NSF|WA|Issaquah,0.24381024597742904,0.24381024597742904,False
NSF,NSF|WA|LA CONNER,La Conner,1.0,0.00020000000000001408,1,-122.494248,48.3918865,WA,NSF|WA|La Conner,0.5464443965062191,0.5464443965062191,False
NSF,NSF|WA|OLYMPIA,Olympia,1.5,0.0003000000000000211,2,-122.8950075,47.0451022,WA,NSF|WA|OLYMPIA,0.7219082953921706,0.48127219692811374,False
NSF,NSF|WA|PULLMAN,Pullman,18.75,0.003750000000000264,25,-117.1799363,46.7295818,WA,NSF|WA|PULLMAN,6.567150419913542,0.3502480223953889,True
NSF,NSF|WA|REDMOND,Redmond,2.0,0.00040000000000002815,2,-122.1238767,47.6694141,WA,NSF|WA|Redmond,0.7304890549135392,0.3652445274567696,False
NSF,NSF|WA|SEATTLE,Seattle,116.61666666665,0.02332333333333164,145,-122.330062,47.6038321,WA,NSF|WA|SEATTLE,8.44502836282934,0.07241699324994037,True
NSF,NSF|WA|SPOKANE,Spokane,2.0,0.00040000000000002815,2,-117.42351,47.6571934,WA,NSF|WA|SPOKANE,1.426978011338053,0.7134890056690265,False
NSF,NSF|WA|SUMAS,Sumas,1.0,0.00020000000000001408,1,-122.2648972,49.0000479,WA,NSF|WA|SUMAS,0.46333893983517516,0.46333893983517516,False
NSF,NSF|WA|VANCOUVER,Vancouver,1.0,0.00020000000000001408,1,-122.6744557,45.6306954,WA,NSF|WA|Vancouver,0.3509889053136566,0.3509889053136566,False
NSF,NSF|WA|WALLA WALLA,Walla Walla,0.5,0.00010000000000000704,1,-118.339345,46.0667277,WA,NSF|WA|WALLA WALLA,0.28367322575419707,0.5673464515083941,False
NSF,NSF|WI|EAU CLAIRE,Eau Claire,0.5,0.00010000000000000704,1,-91.4984941,44.811349,WI,NSF|WI|EAU CLAIRE,0.288263306294021,0.576526612588042,False
NSF,NSF|WI|FRANKLIN,Franklin,1.0,0.00020000000000001408,1,-88.0384183,42.888627,WI,NSF|WI|FRANKLIN,0.42898727859527697,0.42898727859527697,False
NSF,NSF|WI|MADISON,Madison,47.033333333323,0.009406666666665262,58,-89.3841663,43.07469,WI,NSF|WI|MADISON,5.589422569211451,0.1188396010463362,True
NSF,NSF|WI|MENOMONIE,Menomonie,2.0,0.00040000000000002815,2,-91.9278716,44.8765289,WI,NSF|WI|MENOMONIE,0.9443012452709871,0.47215062263549357,False
NSF,NSF|WI|MILWAUKEE,Milwaukee,22.16666666667,0.004433333333334312,24,-87.9090751,43.0386475,WI,NSF|WI|MILWAUKEE,5.271719349965441,0.23782192556231493,True
NSF,NSF|WI|PEWAUKEE,Pewaukee,1.0,0.00020000000000001408,1,-88.2139452,43.0846017,WI,NSF|WI|PEWAUKEE,0.16695776124057354,0.16695776124057354,False
NSF,NSF|WI|PLATTEVILLE,Platteville,1.5,0.0003000000000000211,2,-90.4784451,42.7342942,WI,NSF|WI|PLATTEVILLE,0.5856647341979364,0.3904431561319576,False
NSF,NSF|WI|RIVER HILLS,River Hills,1.0,0.00020000000000001408,1,-87.9356638,43.1678887,WI,NSF|WI|RIVER HILLS,0.20636785668667884,0.20636785668667884,False
NSF,NSF|WI|WAUWATOSA,Wauwatosa,2.0,0.00040000000000002815,2,-88.0079271,43.0494122,WI,NSF|WI|Wauwatosa,0.896023933213613,0.4480119666068065,False
NSF,NSF|WV|MORGANTOWN,Morgantown,11.892857142855998,0.002378571428571367,14,-79.9559437,39.6296809,WV,NSF|WV|MORGANTOWN,3.7558638633831727,0.315808372897114,False
NSF,NSF|WV|POINT PLEASANT,Point Pleasant,0.9999999999990001,0.0001999999999998141,1,-82.1370889,38.8445251,WV,NSF|WV|Point Pleasant,0.5929491560327762,0.5929491560333691,False
NSF,NSF|WY|LARAMIE,Laramie,6.77777777778,0.0013555555555560953,10,-105.5917876,41.3116442,WY,NSF|WY|LARAMIE,2.404665141646017,0.3547866602427387,False
NSF,NSF|WY|SHERIDAN,Sheridan,1.0,0.00020000000000001408,1,-106.956179,44.797194,WY,NSF|WY|SHERIDAN,0.34947905862549333,0.34947905862549333,False
NSFC,NSFC|上海|上海,Shanghai,335.99999999996,0.06058420483232521,336,121.475691616,31.2161867542,上海,NSFC|上海|上海,10.954086109127251,0.0326014467533588,True
NSFC,NSFC|云南|大理,,3.0,0.0005409304002886824,3,100.15699544,25.67577278,云南,NSFC|云南|大理,0.986959815881888,0.3289866052939627,False
NSFC,NSFC|云南|昆明,Kunming,85.99999999993,0.015506671474929607,86,102.840457055,25.0230411224,云南,NSFC|云南|昆明,6.09172292822976,0.070833987537613,True
NSFC,NSFC|云南|曲靖,,2.0,0.00036062026685912163,2,103.74825694,25.52578983,云南,NSFC|云南|曲靖,0.2886764185648971,0.14433820928244856,False
NSFC,NSFC|云南|玉溪,,3.0,0.0005409304002886824,3,102.56220642,24.34238911,云南,NSFC|云南|玉溪,0.8988081827559096,0.2996027275853032,False
NSFC,NSFC|云南|西双版纳,,12.0,0.0021637216011547297,12,101.27246082,21.91998724,云南,NSFC|云南|西双版纳,2.333622322009283,0.1944685268341069,False
NSFC,NSFC|内蒙古|包头,,2.0,0.00036062026685912163,2,109.8272563,40.61940874,内蒙古,NSFC|内蒙古|包头,1.1574380354965303,0.5787190177482652,False
NSFC,NSFC|内蒙古|呼和浩特,Hohhot,60.000000000040004,0.01081860800578086,60,111.691283235,40.8119388685,内蒙古,NSFC|内蒙古|呼和浩特,4.700273708123658,0.07833789513534206,True
NSFC,NSFC|内蒙古|赤峰,,1.0,0.00018031013342956082,1,118.880374,42.29399951,内蒙古,NSFC|内蒙古|赤峰,0.2863431603712181,0.2863431603712181,False
NSFC,NSFC|内蒙古|通辽,,1.0,0.00018031013342956082,1,122.24833727,43.62663862,内蒙古,NSFC|内蒙古|通辽,0.2864486900981035,0.2864486900981035,False
NSFC,NSFC|北京|北京,Beijing,1218.99999999963,0.21979805265056793,1219,116.371784142,39.9985982198,北京,NSFC|北京|北京,9.30643113042588,0.0076344800085551305,True
NSFC,NSFC|吉林|吉林,,2.0,0.00036062026685912163,2,126.50056069,43.8195849,吉林,NSFC|吉林|吉林,0.5751574171452738,0.2875787085726369,False
NSFC,NSFC|吉林|四平,,3.0,0.0005409304002886824,3,124.34008076,43.15505772,吉林,NSFC|吉林|四平,1.0398245259111194,0.34660817530370647,False
NSFC,NSFC|吉林|延吉,,7.999999999996,0.001442481067435765,8,129.48410616,42.90536444,吉林,NSFC|吉林|延吉,2.954226826978904,0.3692783533725476,False
NSFC,NSFC|吉林|长春,Changchun,83.0,0.014965741074653547,83,125.364815466,43.913402802,吉林,NSFC|吉林|长春,7.888429949768178,0.09504132469600214,True
NSFC,NSFC|四川|南充,,4.0,0.0007212405337182433,4,106.06483288,30.82053409,四川,NSFC|四川|南充,0.3318526461137777,0.08296316152844442,False
NSFC,NSFC|四川|成都,Chengdu,139.99999999993,0.02524341868012589,140,104.049648949,30.5860547475,四川,NSFC|四川|成都,7.626790067982058,0.0544770719141848,True
NSFC,NSFC|四川|绵阳,,6.0,0.0010818608005773648,6,104.693251287,31.4736225617,四川,NSFC|四川|绵阳,1.8696666029715765,0.31161110049526275,False
NSFC,NSFC|四川|雅安,,6.0,0.0010818608005773648,6,102.99380504,29.98021343,四川,NSFC|四川|雅安,2.0567006624052633,0.34278344373421055,False
NSFC,NSFC|天津|天津,Tianjin,112.999999999963,0.0203750450775337,113,117.25816218,39.0394249191,天津,NSFC|天津|天津,12.150910359051178,0.10753018016862971,True
NSFC,NSFC|宁夏|银川,,24.0,0.004327443202309459,24,106.210727092,38.48847994,宁夏,NSFC|宁夏|银川,3.5765726406313583,0.1490238600263066,True
NSFC,NSFC|安徽|合肥,Hefei,56.999999999989996,0.010277677605483163,57,117.254262948,31.8346388498,安徽,NSFC|安徽|合肥,6.949267102502948,0.12191696671059944,True
NSFC,NSFC|安徽|宿州,,1.0,0.00018031013342956082,1,117.07417948,33.63188844,安徽,NSFC|安徽|宿州,0.32987539152146,0.32987539152146,False
NSFC,NSFC|安徽|淮北,,2.0,0.00036062026685912163,2,116.80539746,33.98528596,安徽,NSFC|安徽|淮北,0.6160074924389074,0.3080037462194537,False
NSFC,NSFC|安徽|淮南,,4.0,0.0007212405337182433,4,117.01640045,32.55501945,安徽,NSFC|安徽|淮南,1.9040552122516978,0.47601380306292446,False
NSFC,NSFC|安徽|滁州,,2.0,0.00036062026685912163,2,118.31148109,32.2780478,安徽,NSFC|安徽|滁州,1.2582594899165462,0.6291297449582731,False
NSFC,NSFC|安徽|芜湖,,13.0,0.0023440317345842904,13,118.373129835,31.288773,安徽,NSFC|安徽|芜湖,5.1987417426876,0.39990321097596926,False
NSFC,NSFC|安徽|蚌埠,,2.0,0.00036062026685912163,2,117.41891634,32.906894805,安徽,NSFC|安徽|蚌埠,1.001841431847279,0.5009207159236395,False
NSFC,NSFC|安徽|马鞍山,,5.0,0.000901550667147804,5,118.55114415,31.67554988,安徽,NSFC|安徽|马鞍山,2.480900807138606,0.49618016142772114,False
NSFC,NSFC|安徽|黄山,,1.0,0.00018031013342956082,1,118.28890531,29.71697166,安徽,NSFC|安徽|黄山,0.24302198867474695,0.24302198867474695,False
NSFC,NSFC|山东|临沂,,4.0,0.0007212405337182433,4,118.28312711,35.12038777,山东,NSFC|山东|临沂,1.0973932720939987,0.2743483180234997,False
NSFC,NSFC|山东|曲阜,,6.0,0.0010818608005773648,6,116.96204206,35.60118186,山东,NSFC|山东|曲阜,2.2573807919769133,0.37623013199615224,False
NSFC,NSFC|山东|泰安,,3.0,0.0005409304002886824,3,117.11124077,36.19542843,山东,NSFC|山东|泰安,1.0121436369151235,0.3373812123050412,False
NSFC,NSFC|山东|济南,Jinan,59.99999999997,0.010818608005768239,60,117.025565185,36.6313811817,山东,NSFC|山东|济南,8.143166419210992,0.13571944032025104,True
NSFC,NSFC|山东|淄博,,8.0,0.0014424810674364865,8,117.98734067,36.81109674,山东,NSFC|山东|淄博,2.503362212532045,0.3129202765665056,False
NSFC,NSFC|山东|烟台,,21.0,0.0037865128020207767,21,121.414078112,37.4900087848,山东,NSFC|山东|烟台,3.2594307914733127,0.15521099007015776,True
NSFC,NSFC|山东|青岛,Qingdao,68.99999999993,0.012441399206627074,69,120.387569218,36.0978932026,山东,NSFC|山东|青岛,8.71294797362606,0.12627460831354925,True
NSFC,NSFC|山西|太原,Taiyuan,23.99999999999,0.004327443202307656,24,112.551250279,37.8272200967,山西,NSFC|山西|太原,5.003168201124417,0.20846534171360426,True
NSFC,NSFC|山西|晋中,,4.999999999996,0.0009015506671470827,5,112.65340074,37.618791606,山西,NSFC|山西|晋中,1.8323881110148679,0.3664776222032668,False
NSFC,NSFC|广东|东莞,,4.999999999992999,0.0009015506671465418,5,113.76803546,23.05370237,广东,NSFC|广东|东莞,2.152055021145379,0.43041100422967843,False
NSFC,NSFC|广东|佛山,,1.0,0.00018031013342956082,1,113.04972984,23.14824083,广东,NSFC|广东|佛山,0.24302198867474695,0.24302198867474695,False
NSFC,NSFC|广东|广州,Guangzhou,333.9999999997,0.060223584565419215,334,113.329829574,23.1034241027,广东,NSFC|广东|广州,8.760190477840586,0.02622811520313909,True
NSFC,NSFC|广东|汕头,,3.999999999999,0.0007212405337180629,4,116.63249934,23.41111542,广东,NSFC|广东|汕头,1.9948447992919696,0.49871119982311707,False
NSFC,NSFC|广东|深圳,Shenzhen,93.999999999963,0.01694915254237204,94,113.952358153,22.5541091932,广东,NSFC|广东|深圳,6.441164471809309,0.06852302629587069,True
NSFC,NSFC|广东|湛江,,2.0,0.00036062026685912163,2,110.41048007,21.22393725,广东,NSFC|广东|湛江,0.6595397235891494,0.3297698617945747,False
NSFC,NSFC|广东|珠海,,0.9999999999990001,0.00018031013342938051,1,113.53642837,22.13493652,广东,NSFC|广东|珠海,0.689077137729073,0.689077137729762,False
NSFC,NSFC|广东|顺德,,1.0,0.00018031013342956082,1,113.31622439,22.81694535,广东,NSFC|广东|顺德,0.43924625671891654,0.43924625671891654,False
NSFC,NSFC|广西|南宁,Nanning,39.999999999959996,0.007212405337175219,40,108.289259926,22.9624885047,广西,NSFC|广西|南宁,6.773703035298872,0.16934257588264115,True
NSFC,NSFC|广西|桂林,,26.0,0.004688063469168581,26,110.308831431,25.2461634273,广西,NSFC|广西|桂林,5.425765611153992,0.20868329273669198,True
NSFC,NSFC|广西|玉林,,1.0,0.00018031013342956082,1,110.17650258,22.65680338,广西,NSFC|广西|玉林,0.5943242888374718,0.5943242888374718,False
NSFC,NSFC|广西|钦州,,2.0,0.00036062026685912163,2,108.61252083,21.90096028,广西,NSFC|广西|钦州,0.34903231363664394,0.17451615681832197,False
NSFC,NSFC|新疆|乌鲁木齐,,85.99999999996,0.015506671474935016,86,87.5944993898,43.8147096063,新疆,NSFC|新疆|乌鲁木齐,5.832985212637801,0.0678254094493083,True
NSFC,NSFC|新疆|石河子,,9.0,0.0016227912008660473,9,86.0545063,44.3058311,新疆,NSFC|新疆|石河子,3.392459030200928,0.37693989224454755,False
NSFC,NSFC|新疆|阿拉尔,,1.0,0.00018031013342956082,1,81.30207343,40.54553474,新疆,NSFC|新疆|阿拉尔,0.5658095059967743,0.5658095059967743,False
NSFC,NSFC|江苏|南京,Nanjing,545.9999999997,0.0984493328524861,546,118.796099248,32.058213063,江苏,NSFC|江苏|南京,10.457409295572653,0.019152764277616117,True
NSFC,NSFC|江苏|南通,,8.0,0.0014424810674364865,8,120.90224821,31.97804153,江苏,NSFC|江苏|南通,2.566580503770535,0.3208225629713169,False
NSFC,NSFC|江苏|常州,,1.0,0.00018031013342956082,1,119.96934173,31.81335379,江苏,NSFC|江苏|常州,0.6153855526735521,0.6153855526735521,False
NSFC,NSFC|江苏|徐州,,50.0,0.00901550667147804,50,117.188225196,34.2173581392,江苏,NSFC|江苏|徐州,8.80706783508441,0.1761413567016882,True
NSFC,NSFC|江苏|扬州,,7.0,0.0012621709340069256,7,119.42121883,32.38615294,江苏,NSFC|江苏|扬州,2.417042238526585,0.34529174836094073,False
NSFC,NSFC|江苏|无锡,Wuxi,1.0,0.00018031013342956082,1,120.26822001,31.47656792,江苏,NSFC|江苏|无锡,0.3227046350196178,0.3227046350196178,False
NSFC,NSFC|江苏|昆山,,1.0,0.00018031013342956082,1,120.89160532,31.41933815,江苏,NSFC|江苏|昆山,0.4144976606930158,0.4144976606930158,False
NSFC,NSFC|江苏|淮阴,,5.0,0.000901550667147804,5,119.015806835125,33.59890370879438,江苏,NSFC|江苏|淮阴,1.474123483379285,0.294824696675857,False
NSFC,NSFC|江苏|盐城,,2.0,0.00036062026685912163,2,120.19979785,33.38576502,江苏,NSFC|江苏|盐城,0.45333259655799946,0.22666629827899973,False
NSFC,NSFC|江苏|苏州,Suzhou,36.0,0.006491164803464189,36,120.627565127,31.3244596583,江苏,NSFC|江苏|苏州,4.391634599737598,0.12198984999271106,True
NSFC,NSFC|江苏|镇江,,13.0,0.0023440317345842904,13,119.506139584,32.2015027046,江苏,NSFC|江苏|镇江,4.45597703400599,0.3427674641543069,False
NSFC,NSFC|江西|上饶,,1.0,0.00018031013342956082,1,117.96283356,28.42397833,江西,NSFC|江西|上饶,0.24302198867474695,0.24302198867474695,False
NSFC,NSFC|江西|南昌,Nanchang,75.00000000003,0.01352326000722247,75,115.886971866,28.7051261503,江西,NSFC|江西|南昌,6.978236227288977,0.09304314969714914,True
NSFC,NSFC|江西|宜春,,1.0,0.00018031013342956082,1,114.35123217,27.79492401,江西,NSFC|江西|宜春,0.3297698617945747,0.3297698617945747,False
NSFC,NSFC|江西|赣州,,7.0,0.0012621709340069256,7,114.90775538,25.82994827,江西,NSFC|江西|赣州,2.467659255719968,0.3525227508171383,False
NSFC,NSFC|河北|保定,Baoding,8.999999999996,0.0016227912008653258,9,115.492678269,38.8604376033,河北,NSFC|河北|保定,2.4307827406322344,0.27008697118147945,False
NSFC,NSFC|河北|唐山,,5.0,0.000901550667147804,5,118.50062192,39.284213226,河北,NSFC|河北|唐山,1.491168295508293,0.2982336591016586,False
NSFC,NSFC|河北|廊坊,,3.0,0.0005409304002886824,3,116.79314177,39.94978542,河北,NSFC|河北|廊坊,1.5885684269740958,0.5295228089913653,False
NSFC,NSFC|河北|承德,,1.0,0.00018031013342956082,1,117.94576694,41.02732554,河北,NSFC|河北|承德,0.24302198867474695,0.24302198867474695,False
NSFC,NSFC|河北|石家庄,Shijiazhuang,19.99999999999,0.0036062026685894128,20,114.487879733,38.0523218105,河北,NSFC|河北|石家庄,3.7098814064101253,0.18549407032059903,True
NSFC,NSFC|河北|秦皇岛,,4.0,0.0007212405337182433,4,119.527884863,39.908442645,河北,NSFC|河北|秦皇岛,1.6954467406703768,0.4238616851675942,False
NSFC,NSFC|河北|邯郸,,5.0,0.000901550667147804,5,114.495900556,36.5761826,河北,NSFC|河北|邯郸,0.8608981720585005,0.1721796344117001,False
NSFC,NSFC|河南|信阳,,6.0,0.0010818608005773648,6,115.04451945,32.10292265,河南,NSFC|河南|信阳,1.9115146299169865,0.3185857716528311,False
NSFC,NSFC|河南|南阳,,1.0,0.00018031013342956082,1,111.4570779,33.1122462,河南,NSFC|河南|南阳,0.43924625671891654,0.43924625671891654,False
NSFC,NSFC|河南|平顶山,,1.0,0.00018031013342956082,1,113.20354626,33.74818376,河南,NSFC|河南|平顶山,0.3296643320676893,0.3296643320676893,False
NSFC,NSFC|河南|开封,,21.0,0.0037865128020207767,21,114.36358456,34.81225658,河南,NSFC|河南|开封,3.741294432949523,0.1781568777595011,True
NSFC,NSFC|河南|新乡,,5.999999999996,0.0010818608005766434,6,113.913640007,35.3162058433,河南,NSFC|河南|新乡,2.8583272315396604,0.47638787192359433,False
NSFC,NSFC|河南|焦作,,6.0,0.0010818608005773648,6,113.25020392,35.18861179,河南,NSFC|河南|焦作,1.5102575210678986,0.2517095868446498,False
NSFC,NSFC|河南|许昌,,1.0,0.00018031013342956082,1,113.86331521,34.04514275,河南,NSFC|河南|许昌,0.6153855526735521,0.6153855526735521,False
NSFC,NSFC|河南|郑州,Zhengzhou,61.000000000063,0.010998918139214569,61,113.647462302,34.7994199059,河南,NSFC|河南|郑州,4.266762387444258,0.06994692438425987,True
NSFC,NSFC|浙江|台州,,1.0,0.00018031013342956082,1,121.16528158,28.87922897,浙江,NSFC|浙江|台州,0.7134340422436712,0.7134340422436712,False
NSFC,NSFC|浙江|宁波,,20.0,0.003606202668591216,20,121.593302584,29.952484226,浙江,NSFC|浙江|宁波,5.225267455181827,0.26126337275909134,True
NSFC,NSFC|浙江|杭州,Hangzhou,154.00000000004002,0.02776776054815958,154,120.141527233,30.2632349447,浙江,NSFC|浙江|杭州,9.83876731477741,0.06388809944658996,True
NSFC,NSFC|浙江|温州,,2.0,0.00036062026685912163,2,120.664186165,27.955807655,浙江,NSFC|浙江|温州,0.8664219965348837,0.43321099826744186,False
NSFC,NSFC|浙江|湖州,,0.9999999999990001,0.00018031013342938051,1,120.1273945,30.87741133,浙江,NSFC|浙江|湖州,0.6835688167731568,0.6835688167738403,False
NSFC,NSFC|浙江|绍兴,,1.0,0.00018031013342956082,1,120.57175381,29.99199812,浙江,NSFC|浙江|绍兴,0.7138183097357342,0.7138183097357342,False
NSFC,NSFC|浙江|舟山,,4.0,0.0007212405337182433,4,122.10958263,30.03642247,浙江,NSFC|浙江|舟山,2.108484569640674,0.5271211424101685,False
NSFC,NSFC|浙江|金华,,8.0,0.0014424810674364865,8,119.63717833,29.13663657,浙江,NSFC|浙江|金华,2.4618066964187775,0.3077258370523472,False
NSFC,NSFC|海南|三亚,,2.0,0.00036062026685912163,2,109.50343438,18.26049974,海南,NSFC|海南|三亚,1.443055851828153,0.7215279259140766,False
NSFC,NSFC|海南|儋州,,2.0,0.00036062026685912163,2,109.49224796,19.50999099,海南,NSFC|海南|儋州,1.1886485776749436,0.5943242888374718,False
NSFC,NSFC|海南|海口,,24.999999999993,0.0045077533357377585,25,110.318423918,20.0433424464,海南,NSFC|海南|海口,4.912012480406482,0.1964804992163143,True
NSFC,NSFC|湖北|宜昌,,5.0,0.000901550667147804,5,111.31028629,30.7248275,湖北,NSFC|湖北|宜昌,0.9545696334891575,0.1909139266978315,False
NSFC,NSFC|湖北|恩施,,1.0,0.00018031013342956082,1,109.49979313,30.30059889,湖北,NSFC|湖北|恩施,0.6639352010790744,0.6639352010790744,False
NSFC,NSFC|湖北|武汉,Wuhan,337.99999999960005,0.060944825099119436,338,114.368721407,30.5272361886,湖北,NSFC|湖北|武汉,11.198369980289668,0.033131272131073725,True
NSFC,NSFC|湖北|荆州,,2.0,0.00036062026685912163,2,113.03233386,29.73567018,湖北,NSFC|湖北|荆州,1.3256490817450413,0.6628245408725206,False
NSFC,NSFC|湖北|襄阳,,1.9999999999990001,0.00036062026685894133,2,112.03645573,32.00244673,湖北,NSFC|湖北|襄阳,1.2056160186486546,0.6028080093246286,False
NSFC,NSFC|湖南|吉首,,4.0,0.0007212405337182433,4,109.72034284,28.29077769,湖南,NSFC|湖南|吉首,1.3123394521219964,0.3280848630304991,False
NSFC,NSFC|湖南|岳阳,,1.0,0.00018031013342956082,1,113.14076822,29.34497287,湖南,NSFC|湖南|岳阳,0.7525169938547738,0.7525169938547738,False
NSFC,NSFC|湖南|常德,,2.0,0.00036062026685912163,2,111.66583601,29.05187635,湖南,NSFC|湖南|常德,0.9354237856037281,0.46771189280186404,False
NSFC,NSFC|湖南|湘潭,,11.0,0.001983411467725169,11,112.897790151,27.90201041,湖南,NSFC|湖南|湘潭,4.4360756226773885,0.40327960206158076,False
NSFC,NSFC|湖南|衡阳,,1.0,0.00018031013342956082,1,112.62142554,26.86616141,湖南,NSFC|湖南|衡阳,0.43924625671891654,0.43924625671891654,False
NSFC,NSFC|湖南|长沙,Changsha,91.99999999996,0.01658853227551238,92,112.962244754,28.174632746,湖南,NSFC|湖南|长沙,9.804156836228586,0.10656692213296574,True
NSFC,NSFC|甘肃|兰州,Lanzhou,183.0,0.032996754417609624,183,103.821140545,36.0616337232,甘肃,NSFC|甘肃|兰州,13.29341602336491,0.0726416176140159,True
NSFC,NSFC|甘肃|合作,,1.0,0.00018031013342956082,1,102.89241013,34.96262104,甘肃,NSFC|甘肃|合作,0.2864486900981035,0.2864486900981035,False
NSFC,NSFC|福建|厦门,Xiamen,67.99999999996,0.012261089073202922,68,118.077585011,24.5075509904,福建,NSFC|福建|厦门,7.127560627533916,0.10481706805203102,True
NSFC,NSFC|福建|泉州,,11.0,0.001983411467725169,11,118.65215796,24.9120471155,福建,NSFC|福建|泉州,2.6221215897004035,0.23837468997276395,False
NSFC,NSFC|福建|福州,Fuzhou,40.0,0.007212405337182432,40,119.263364309,26.0674254753,福建,NSFC|福建|福州,5.740861625228737,0.14352154063071842,True
NSFC,NSFC|西藏|拉萨,,5.0,0.000901550667147804,5,91.090475202,29.647528568,西藏,NSFC|西藏|拉萨,1.7321776770003054,0.3464355354000611,False
NSFC,NSFC|西藏|林芝,,4.0,0.0007212405337182433,4,94.36027067,29.65144004,西藏,NSFC|西藏|林芝,1.3634259882007598,0.34085649705018994,False
NSFC,NSFC|贵州|贵阳,Guiyang,38.999999999993,0.00703209520375161,39,106.677340291,26.5108980118,贵州,NSFC|贵州|贵阳,5.614692611513466,0.14396647721831984,True
NSFC,NSFC|贵州|遵义,,1.0,0.00018031013342956082,1,107.04734335,27.71444503,贵州,NSFC|贵州|遵义,0.6057594535360388,0.6057594535360388,False
NSFC,NSFC|贵州|铜仁,,1.0,0.00018031013342956082,1,109.19661324,27.73480154,贵州,NSFC|贵州|铜仁,0.5943242888374718,0.5943242888374718,False
NSFC,NSFC|辽宁|大连,Dalian,64.99999999996,0.01172015867291424,65,121.538794258,38.892024614,辽宁,NSFC|辽宁|大连,7.220854110027028,0.11109006323125341,True
NSFC,NSFC|辽宁|沈阳,Shenyang,66.0,0.011900468806351013,66,123.454085094,41.7481178073,辽宁,NSFC|辽宁|沈阳,9.424814343945592,0.14280021733250897,True
NSFC,NSFC|辽宁|锦州,,2.0,0.00036062026685912163,2,121.11737513,41.14221592,辽宁,NSFC|辽宁|锦州,1.336519688685772,0.668259844342886,False
NSFC,NSFC|重庆|重庆,Chongqing,105.99999999991999,0.019112874143519018,106,106.464283377,29.6131874207,重庆,NSFC|重庆|重庆,8.579911543548457,0.0809425617316503,True
NSFC,NSFC|陕西|宝鸡,,4.0,0.0007212405337182433,4,107.20637057,34.3481823,陕西,NSFC|陕西|宝鸡,1.0916745490647923,0.2729186372661981,False
NSFC,NSFC|陕西|延安,,2.0,0.00036062026685912163,2,109.45643057,36.61913595,陕西,NSFC|陕西|延安,1.0488576828695346,0.5244288414347673,False
NSFC,NSFC|陕西|杨凌,Yangling,36.000000000040004,0.006491164803471402,36,108.0816543,34.2738236311,陕西,NSFC|陕西|杨凌,3.897337105575689,0.10825936404364883,True
NSFC,NSFC|陕西|西安,Xi'an,203.99999999996,0.036783267219623196,204,108.898275433,34.2779985647,陕西,NSFC|陕西|西安,7.606784050607198,0.037288157110826906,True
NSFC,NSFC|青海|西宁,,17.999999999993,0.0032455824017308325,18,101.747187226,36.6815855694,青海,NSFC|青海|西宁,2.7910799296991584,0.15505999609445797,False
NSFC,NSFC|香港|香港,,1.0,0.00018031013342956082,1,114.13773334,22.28279435,香港,NSFC|香港|香港,0.5367576644671944,0.5367576644671944,False
NSFC,NSFC|黑龙江|哈尔滨,Harbin,97.0,0.0174900829426674,97,126.636867659,45.7412627838,黑龙江,NSFC|黑龙江|哈尔滨,9.795776988987436,0.10098739163904573,True
NSFC,NSFC|黑龙江|大庆,,1.0,0.00018031013342956082,1,125.13617295,46.58477031,黑龙江,NSFC|黑龙江|大庆,0.6343600221765189,0.6343600221765189,False
