repository_path,manuscript_panel,phase,execution_status
code/archive/main/figure1a/30_figure1a_sdg_target_ring.py,figure1a,rendering,archival_source; restore original layout before use
code/archive/main/figure1b/90_original_central_radar.py,figure1b,helper_or_workflow,archival_source; restore original layout before use
code/archive/main/figure1b/30_plot_figure1e_unified_outer_ring_bars.py,figure1b,rendering,archival_source; restore original layout before use
code/archive/main/figure1c/30_plot_figure_1d_paired_bubble_matrix.py,figure1c,rendering,archival_source; restore original layout before use
code/archive/main/figure2a/90_sci_style.py,figure2a,helper_or_workflow,archival_source; restore original layout before use
code/archive/main/figure2a/original_algorithm_archive/20_build_figure2_data.py,figure2a,data_construction,archival_source; restore original layout before use
code/archive/main/figure2a/original_algorithm_archive/30_figure_common.py,figure2a,rendering,archival_source; restore original layout before use
code/archive/main/figure2a/40_independent_figure_review_2a.py,figure2a,verification,archival_source; restore original layout before use
code/archive/main/figure2a/40_independent_cumulative_ci_review.py,figure2a,verification,archival_source; restore original layout before use
code/archive/main/figure2a/30_plot_figure_2a_single_frame_red_blue.py,figure2a,rendering,archival_source; restore original layout before use
code/archive/main/figure2a/30_plot_figure_2a_link_shifts_and_cumulative_differences.py,figure2a,rendering,archival_source; restore original layout before use
code/archive/main/figure2a/20_compute_cumulative_curve_confidence_intervals.py,figure2a,data_construction,archival_source; restore original layout before use
code/archive/main/figure2b/90_sci_style.py,figure2b,helper_or_workflow,archival_source; restore original layout before use
code/archive/main/figure2b/40_independent_review_figure2b.py,figure2b,verification,archival_source; restore original layout before use
code/archive/main/figure2b/30_plot_figure2b_four_quadrants_and_stage_ellipses.py,figure2b,rendering,archival_source; restore original layout before use
code/archive/main/figure2c/archived_layout/40_independent_review_figure2c_ring_plot.py,figure2c,verification,archival_source; restore original layout before use
code/archive/main/figure2c/archived_layout/30_plot_figure2c_paired_ring_plot.py,figure2c,rendering,archival_source; restore original layout before use
code/archive/main/figure2d/version_history_20260923/30_plot_six_class_colored_ring.py,figure2d,rendering,archival_source; restore original layout before use
code/archive/main/figure2d/reference_templates/90_20260516-_circular_heatmap.py,figure2d,helper_or_workflow,archival_source; restore original layout before use
code/archive/main/figure2d/40_review_redesigned_version.py,figure2d,verification,archival_source; restore original layout before use
code/archive/main/figure2d/40_run_skill_final_check.py,figure2d,verification,archival_source; restore original layout before use
code/archive/main/figure2d/20_build_subtype_statistics.py,figure2d,data_construction,archival_source; restore original layout before use
code/archive/main/figure2d/20_build_coding_similarity_layout.py,figure2d,data_construction,archival_source; restore original layout before use
code/archive/main/figure2d/30_plot_six_class_colored_ring.py,figure2d,rendering,archival_source; restore original layout before use
code/archive/main/figure2d/30_read_original_names_and_figure1a_color_scale.py,figure2d,rendering,archival_source; restore original layout before use
code/archive/main/figure3a/10_prepare_gis_data.py,figure3a,preparation,archival_source; restore original layout before use
code/archive/main/figure3a/40_review_place_labels.py,figure3a,verification,archival_source; restore original layout before use
code/archive/main/figure3a/40_review_final_delivery.py,figure3a,verification,archival_source; restore original layout before use
code/archive/main/figure3a/30_plot_figure3a_county_supply.py,figure3a,rendering,archival_source; restore original layout before use
code/archive/main/figure3a/90_rerun.ps1,figure3a,helper_or_workflow,archival_source; restore original layout before use
code/archive/main/figure3b/90_run.ps1,figure3b,helper_or_workflow,archival_source; restore original layout before use
code/archive/main/figure3b/30_redraw_figure3b_nsf_nsfc.py,figure3b,rendering,archival_source; restore original layout before use
code/archive/main/figure3b/input_snapshots/30_figure1a_sdg_target_ring.py,figure3b,rendering,archival_source; restore original layout before use
code/archive/main/figure3c/20_build_data.py,figure3c,data_construction,archival_source; restore original layout before use
code/archive/main/figure3c/30_plot_figure3c.py,figure3c,rendering,archival_source; restore original layout before use
code/archive/main/figure3c/30_plot_figure3c_paired_reference.py,figure3c,rendering,archival_source; restore original layout before use
code/archive/main/figure3c/30_plot_figure3c_template.py,figure3c,rendering,archival_source; restore original layout before use
code/archive/main/figure3c/90_run.ps1,figure3c,helper_or_workflow,archival_source; restore original layout before use
code/archive/main/figure3c/40_verify_data.py,figure3c,verification,archival_source; restore original layout before use
code/archive/main/figure3c/40_verify_pdf.py,figure3c,verification,archival_source; restore original layout before use
code/archive/main/figure3c/original_template_copy/30_original_plotting_code.py,figure3c,rendering,archival_source; restore original layout before use
code/archive/main/figure3d/40_review_figure3d.py,figure3d,verification,archival_source; restore original layout before use
code/archive/main/figure3d/90_run.ps1,figure3d,helper_or_workflow,archival_source; restore original layout before use
code/archive/main/figure3d/30_redraw_figure3d.py,figure3d,rendering,archival_source; restore original layout before use
code/archive/main/figure3d/input_snapshots/30_figure1a_sdg_target_ring.py,figure3d,rendering,archival_source; restore original layout before use
code/archive/main/figure4a/30_adapted_plot.py,figure4a,rendering,archival_source; restore original layout before use
code/archive/main/figure4a/30_plot_aligned_bars_source.py,figure4a,rendering,archival_source; restore original layout before use
code/archive/main/figure4a/30_plot_full_width_bars_source.py,figure4a,rendering,archival_source; restore original layout before use
code/archive/main/figure4a/30_plot_full_width_source.py,figure4a,rendering,archival_source; restore original layout before use
code/archive/main/figure4a/30_plot_line_source.py,figure4a,rendering,archival_source; restore original layout before use
code/archive/main/figure4a/30_plot_source.py,figure4a,rendering,archival_source; restore original layout before use
code/archive/main/figure4a/repair_versions/30_adapted_plot_full_width_lines.py,figure4a,rendering,archival_source; restore original layout before use
code/archive/main/figure4a/repair_versions/30_adapted_plot_local_lines.py,figure4a,rendering,archival_source; restore original layout before use
code/archive/main/figure4a/repair_versions/30_adapted_plot_points.py,figure4a,rendering,archival_source; restore original layout before use
code/archive/main/figure4a/repair_versions/30_adapted_plot_v1.py,figure4a,rendering,archival_source; restore original layout before use
code/archive/main/figure4b/30_render_figure4d.py,figure4b,rendering,archival_source; restore original layout before use
code/archive/main/figure4b/30_render_figure4d_single_frame.py,figure4b,rendering,archival_source; restore original layout before use
code/archive/main/figure4b/30_render_figure4d_single_frame_legend.py,figure4b,rendering,archival_source; restore original layout before use
code/archive/main/figure4b/90_run_workflow.py,figure4b,helper_or_workflow,archival_source; restore original layout before use
code/archive/main/figure4b/30_adapted_plot.py,figure4b,rendering,archival_source; restore original layout before use
code/archive/main/figure4b/40_audit_delivery.py,figure4b,verification,archival_source; restore original layout before use
code/archive/main/figure4c/30_redraw_figure4b_shared_axis_difference_background.py,figure4c,rendering,archival_source; restore original layout before use
code/archive/main/figure4c/30_redraw_figure4b_overall_mismatch_and_sdg_differences.py,figure4c,rendering,archival_source; restore original layout before use
code/archive/main/figure4d/30_plot_figure4c_integrated.py,figure4d,rendering,archival_source; restore original layout before use
code/archive/main/figure5a/30_plot_integrated_heatmap.py,figure5a,rendering,archival_source; restore original layout before use
code/archive/main/figure5b/30_figure_common.py,figure5b,rendering,archival_source; restore original layout before use
code/archive/main/figure5b/30_plot_source_unified_palette.py,figure5b,rendering,archival_source; restore original layout before use
code/archive/main/figure5b/30_redraw.py,figure5b,rendering,archival_source; restore original layout before use
code/archive/main/figure5c/30_figure5c.py,figure5c,rendering,archival_source; restore original layout before use
code/archive/main/figure5c/30_figure5c_all_research_themes.py,figure5c,rendering,archival_source; restore original layout before use
code/archive/main/figure5c/30_figure5c_reference_style_neighborhood_zoom.py,figure5c,rendering,archival_source; restore original layout before use
code/archive/main/figure5c/30_figure5c_bidirectional_deviation_themes.py,figure5c,rendering,archival_source; restore original layout before use
code/archive/main/figure5c/30_figure5c_scatter_position_label_zoom.py,figure5c,rendering,archival_source; restore original layout before use
code/archive/main/figure5c/30_figure5c_horizontal_agency_palette.py,figure5c,rendering,archival_source; restore original layout before use
code/archive/main/figure5c/30_figure5c_compact_word_cloud.py,figure5c,rendering,archival_source; restore original layout before use
code/archive/main/figure5c/30_figure5c_aligned_word_cloud.py,figure5c,rendering,archival_source; restore original layout before use
code/archive/main/figure5c/30_figure5c_continuous_color_scale_version.py,figure5c,rendering,archival_source; restore original layout before use
code/archive/main/figure5c/30_figure5c_focus_region_zoom.py,figure5c,rendering,archival_source; restore original layout before use
code/archive/supplementary/figures2/30_figure1b_remainder_qa.py,figures2,rendering,archival_source; restore original layout before use
code/archive/supplementary/figures2/30_figure1b_temporal.py,figures2,rendering,archival_source; restore original layout before use
code/archive/supplementary/figures3/20_build_gephi_import.py,figures3,data_construction,archival_source; restore original layout before use
code/archive/supplementary/figures3/40_test_build_gephi_import.py,figures3,verification,archival_source; restore original layout before use
code/archive/supplementary/figures3/legend/20_build_figure1c_exact_legend.py,figures3,data_construction,archival_source; restore original layout before use
code/archive/supplementary/figures3/legend/40_test_figure1c_exact_legend.py,figures3,verification,archival_source; restore original layout before use
code/archive/supplementary/figures3/revised_colors/30_recolor_gephi_edges.py,figures3,rendering,archival_source; restore original layout before use
code/archive/supplementary/figures4a/30_plot_figure_s4_institution_city_similarity.py,figures4a,rendering,archival_source; restore original layout before use
code/archive/supplementary/figures4b/check_reports/40_check_clear_label_version.py,figures4b,verification,archival_source; restore original layout before use
code/archive/supplementary/figures4b/check_reports/30_plot_s3_before_revision.py,figures4b,rendering,archival_source; restore original layout before use
code/archive/supplementary/figures4b/30_plot_s3_circular_matrix_and_city_clustering_tree.py,figures4b,rendering,archival_source; restore original layout before use
code/archive/supplementary/figures5a/30_plot_figure_s5_four_column_vertical_alignment.py,figures5a,rendering,archival_source; restore original layout before use
code/archive/supplementary/figures5a/30_plot_figure_s5_unified_color_scale.py,figures5a,rendering,archival_source; restore original layout before use
code/archive/supplementary/figures5b/workflow/10_01_recall.py,figures5b,preparation,archival_source; restore original layout before use
code/archive/supplementary/figures5b/workflow/10_02_select.py,figures5b,preparation,archival_source; restore original layout before use
code/archive/supplementary/figures5b/workflow/40_03_quality.py,figures5b,verification,archival_source; restore original layout before use
code/archive/supplementary/figures5b/workflow/30_adapted_plot.py,figures5b,rendering,archival_source; restore original layout before use
code/archive/supplementary/figures5b/30_plot_figure_s6_knowledge_task_differences_in_six_domains.py,figures5b,rendering,archival_source; restore original layout before use
code/archive/supplementary/figures6/workflow/10_01_recall.py,figures6,preparation,archival_source; restore original layout before use
code/archive/supplementary/figures6/workflow/10_02_selection_and_dependencies.py,figures6,preparation,archival_source; restore original layout before use
code/archive/supplementary/figures6/workflow/40_03_execute_and_verify.py,figures6,verification,archival_source; restore original layout before use
code/archive/supplementary/figures6/workflow/30_adapted_plot.py,figures6,rendering,archival_source; restore original layout before use
code/archive/supplementary/figures6/10_extract_all_original_coding_labels.py,figures6,preparation,archival_source; restore original layout before use
code/archive/supplementary/figures6/30_plot_figure2e_unified_frame_and_figure1a_palette.py,figures6,rendering,archival_source; restore original layout before use
code/archive/supplementary/figures7a/20_build_data.py,figures7a,data_construction,archival_source; restore original layout before use
code/archive/supplementary/figures7a/30_plot_lorenz.py,figures7a,rendering,archival_source; restore original layout before use
code/archive/supplementary/figures7a/90_run.ps1,figures7a,helper_or_workflow,archival_source; restore original layout before use
code/archive/supplementary/figures7a/40_verify_data.py,figures7a,verification,archival_source; restore original layout before use
code/archive/supplementary/figures7a/40_verify_pdf.py,figures7a,verification,archival_source; restore original layout before use
code/archive/supplementary/figures7b/30_plot_figure5a.py,figures7b,rendering,archival_source; restore original layout before use
code/archive/supplementary/figures8a/modelviz_workflow/10_01_requirements_and_candidate_templates.py,figures8a,preparation,archival_source; restore original layout before use
code/archive/supplementary/figures8a/modelviz_workflow/40_02_data_audit.py,figures8a,verification,archival_source; restore original layout before use
code/archive/supplementary/figures8a/modelviz_workflow/10_03_select_chord_template.py,figures8a,preparation,archival_source; restore original layout before use
code/archive/supplementary/figures8a/modelviz_workflow/40_04_dependency_check.py,figures8a,verification,archival_source; restore original layout before use
code/archive/supplementary/figures8a/modelviz_workflow/40_05_quality_check.py,figures8a,verification,archival_source; restore original layout before use
code/archive/supplementary/figures8a/modelviz_workflow/30_adapted_plot.py,figures8a,rendering,archival_source; restore original layout before use
code/archive/supplementary/figures8a/30_plot_figure5b_six_chord_diagrams.py,figures8a,rendering,archival_source; restore original layout before use
code/archive/supplementary/figures8b/modelviz_workflow/10_01_requirements_and_candidate_templates.py,figures8b,preparation,archival_source; restore original layout before use
code/archive/supplementary/figures8b/modelviz_workflow/40_02_data_audit.py,figures8b,verification,archival_source; restore original layout before use
code/archive/supplementary/figures8b/modelviz_workflow/10_03_data_matching_and_template_selection.py,figures8b,preparation,archival_source; restore original layout before use
code/archive/supplementary/figures8b/modelviz_workflow/40_04_dependency_check.py,figures8b,verification,archival_source; restore original layout before use
code/archive/supplementary/figures8b/modelviz_workflow/40_05_execution_and_technical_check.py,figures8b,verification,archival_source; restore original layout before use
code/archive/supplementary/figures8b/modelviz_workflow/40_06_final_consistency_check.py,figures8b,verification,archival_source; restore original layout before use
code/archive/supplementary/figures8b/30_figure5d_discrete_mirrored_ridgelines_reconstructed.py,figures8b,rendering,archival_source; restore original layout before use
code/archive/supplementary/figures8b/original_estimation_source/30_figure_common.py,figures8b,rendering,archival_source; restore original layout before use
code/archive/supplementary/figures8b/original_estimation_source/20_build_and_plot_figure5d_mirrored_discrete_ridgelines.py,figures8b,data_construction,archival_source; restore original layout before use
code/archive/supplementary/figures9/30_plot_source_unified_palette.py,figures9,rendering,archival_source; restore original layout before use
code/archive/supplementary/figures9/30_redraw.py,figures9,rendering,archival_source; restore original layout before use
