subtype,parent,intervention,nsf_share_pct,nsfc_share_pct,difference_pp,ci_low_pp,ci_high_pp,p_value,valid_bootstrap,estimable,inference_ready,nsf_ess,nsfc_ess,low_support,q_value,significant
K01.1,K01,L01,9.525214815968585,3.9441721742671043,5.581042641701481,3.1062200064852576,8.062355256153092,0.0009995002498750624,2000,True,True,474.0939261475824,593.1828452386294,False,0.0035982008995502244,True
K01.1,K01,L02,37.56467764152466,49.20361560553452,-11.638937964009862,-17.174661695120506,-5.805524743214184,0.0009995002498750624,2000,True,True,474.0939261475824,593.1828452386294,False,0.0035982008995502244,True
K01.1,K01,L03,7.8519889561842335,8.824519207374472,-0.9725302511902383,-4.057964895866751,2.101557684513043,0.5257371314342829,2000,True,True,474.0939261475824,593.1828452386294,False,0.5914542728635682,False
K01.1,K01,L04,10.877982367430693,17.745180139381407,-6.867197771950714,-10.90804349001736,-2.9810741220726267,0.00399800099950025,2000,True,True,474.0939261475824,593.1828452386294,False,0.012286539657000767,True
K01.1,K01,L05,7.199651031203924,7.223485980632331,-0.023834949428406915,-2.612474182597956,2.4196124330518325,0.9845077461269365,2000,True,True,474.0939261475824,593.1828452386294,False,0.9845077461269365,False
K01.1,K01,L06,1.6480852774971613,1.1990709759092506,0.44901430158791067,-0.5883687849841883,1.5228580775843426,0.39280359820089955,2000,True,True,474.0939261475824,593.1828452386294,False,0.49493253373313345,False
K01.1,K01,L07,8.153392325318139,9.767311627294127,-1.6139193019759883,-4.337242712429351,1.214987594971334,0.2798600699650175,2000,True,True,474.0939261475824,593.1828452386294,False,0.38749855841310116,False
K01.1,K01,L08,0.2838324217002172,0.6622527772871354,-0.37842035558691817,-0.9481420332254208,0.12374882280880338,0.1549225387306347,2000,True,True,474.0939261475824,593.1828452386294,False,0.24709164405139206,False
K01.1,K01,L09,16.89517516317239,1.4303915123196351,15.464783650852754,12.26388726401848,18.736289507770465,0.0009995002498750624,2000,True,True,474.0939261475824,593.1828452386294,False,0.0035982008995502244,True
K01.2,K01,L01,12.239159828009488,4.533240983942609,7.705918844066878,4.641266432559691,11.042406367133147,0.0009995002498750624,2000,True,True,320.77693671047456,414.4406908017937,False,0.0035982008995502244,True
K01.2,K01,L02,27.560386295525152,38.21099921211861,-10.650612916593456,-17.179714683427218,-4.21179621093572,0.004997501249375313,2000,True,True,320.77693671047456,414.4406908017937,False,0.014311026305029305,True
K01.2,K01,L03,6.115924818365274,8.290482369974256,-2.1745575516089826,-6.07176344723596,2.217484657223797,0.31584207896051975,2000,True,True,320.77693671047456,414.4406908017937,False,0.43006156496219977,False
K01.2,K01,L04,8.869175399529556,19.751568732788858,-10.882393333259301,-15.493762811759137,-6.311133412710867,0.0009995002498750624,2000,True,True,320.77693671047456,414.4406908017937,False,0.0035982008995502244,True
K01.2,K01,L05,6.582319909229819,7.390395533357895,-0.808075624128076,-3.8968878094120374,2.096441062709846,0.6126936531734133,2000,True,True,320.77693671047456,414.4406908017937,False,0.6712991330421745,False
K01.2,K01,L06,1.41904580781667,2.0605429305963137,-0.6414971227796438,-2.252166857866179,0.8017743765922923,0.4267866066966517,2000,True,True,320.77693671047456,414.4406908017937,False,0.5194902548725637,False
K01.2,K01,L07,9.019434575903682,16.07516645729756,-7.055731881393877,-11.393810126478346,-2.879102820859404,0.0009995002498750624,2000,True,True,320.77693671047456,414.4406908017937,False,0.0035982008995502244,True
K01.2,K01,L08,0.6328972594793515,1.2019499208208053,-0.5690526613414538,-1.7362949383231479,0.5261425371730947,0.34182908545727136,2000,True,True,320.77693671047456,414.4406908017937,False,0.44865067466266867,False
K01.2,K01,L09,27.561656106141,2.4856538591030906,25.07600224703791,19.488737700189052,31.23546208985501,0.0009995002498750624,2000,True,True,320.77693671047456,414.4406908017937,False,0.0035982008995502244,True
K02.1,K02,L01,10.545183839358394,13.973253967151464,-3.4280701277930703,-5.820286355021955,-0.951877172136504,0.004997501249375313,2000,True,True,1003.605483238577,1368.6115087382107,False,0.014311026305029305,True
K02.1,K02,L02,13.011673457038086,9.507586804934567,3.5040866521035188,1.0574960427004367,6.1394484671803164,0.005997001499250375,2000,True,True,1003.605483238577,1368.6115087382107,False,0.016426569324033635,True
K02.1,K02,L03,14.664901046704232,20.401574132466312,-5.73667308576208,-8.417573479080271,-2.981591795467285,0.0009995002498750624,2000,True,True,1003.605483238577,1368.6115087382107,False,0.0035982008995502244,True
K02.1,K02,L04,12.549094687354867,22.13008438917804,-9.580989701823174,-12.536577167607835,-6.605768772975925,0.0009995002498750624,2000,True,True,1003.605483238577,1368.6115087382107,False,0.0035982008995502244,True
K02.1,K02,L05,9.088731958297021,9.908329126393113,-0.8195971680960916,-3.1336409986753253,1.4501861098089484,0.4947526236881559,2000,True,True,1003.605483238577,1368.6115087382107,False,0.5667166416791604,False
K02.1,K02,L06,3.0274064375530307,3.5596673579056235,-0.5322609203525928,-2.0998111093172556,0.9654388317121457,0.4877561219390305,2000,True,True,1003.605483238577,1368.6115087382107,False,0.5638281776542922,False
K02.1,K02,L07,16.438506372877313,15.382223833005265,1.0562825398720488,-1.765531529044647,3.924012766400199,0.48075962018990503,2000,True,True,1003.605483238577,1368.6115087382107,False,0.5608862235548893,False
K02.1,K02,L08,1.328488325001241,1.1644412113667642,0.16404711363447677,-0.5901842877463981,1.1582950858521914,0.7226386806596702,2000,True,True,1003.605483238577,1368.6115087382107,False,0.7662051327277538,False
K02.1,K02,L09,19.34601387581581,3.972839177598855,15.373174698216955,12.423634100120701,18.48166962245091,0.0009995002498750624,2000,True,True,1003.605483238577,1368.6115087382107,False,0.0035982008995502244,True
K02.2,K02,L01,3.074086298580638,7.896601800062192,-4.822515501481554,-9.985710041319875,-0.23239049817642174,0.03498250874562719,2000,True,True,195.62574739470958,164.14243207964287,False,0.0734632683658171,False
K02.2,K02,L02,7.6375623519164035,5.228234863911798,2.409327488004606,-2.8576342207878365,7.528989459647764,0.37681159420289856,2000,True,True,195.62574739470958,164.14243207964287,False,0.4795783926218709,False
K02.2,K02,L03,28.067429621167683,18.76639020242725,9.301039418740434,0.7672320889443803,17.870089797005082,0.030984507746126936,2000,True,True,195.62574739470958,164.14243207964287,False,0.06849206975459637,False
K02.2,K02,L04,8.847174668724408,19.56148735880312,-10.714312690078712,-17.798308212935666,-3.432332495609542,0.0079960019990005,2000,True,True,195.62574739470958,164.14243207964287,False,0.02098950524737631,True
K02.2,K02,L05,6.060256826769091,6.5558464519781365,-0.49558962520904526,-4.41735749049257,3.3840175990936676,0.8465767116441779,2000,True,True,195.62574739470958,164.14243207964287,False,0.8774301373903213,False
K02.2,K02,L06,6.613196417178509,4.725807208656763,1.8873892085217463,-1.616774023436712,5.389555759401153,0.32083958020989506,2000,True,True,195.62574739470958,164.14243207964287,False,0.43006156496219977,False
K02.2,K02,L07,23.840731593486744,29.450402451322432,-5.609670857835688,-14.37529015307311,2.980276762879214,0.21189405297351324,2000,True,True,195.62574739470958,164.14243207964287,False,0.30768706555813,False
K02.2,K02,L08,3.1890481751158704,2.225068370350589,0.9639798047652812,-1.309781195974796,3.463085515295506,0.41179410294852575,2000,True,True,195.62574739470958,164.14243207964287,False,0.5137233363516261,False
K02.2,K02,L09,12.670514047060658,5.590161292487728,7.08035275457293,-1.6946233062621388,13.890406953887162,0.10594702648675662,2000,True,True,195.62574739470958,164.14243207964287,False,0.1845926351892547,False
K03.1,K03,L01,13.399421106206203,9.728565006150209,3.6708561000559943,-1.8124413207438992,9.092959697315552,0.18290854572713644,2000,True,True,203.55515902037786,193.30971769806555,False,0.2776683947183035,False
K03.1,K03,L02,27.59320026504948,18.89465756764468,8.6985426974048,0.4663283807230459,17.039837700293102,0.03798100949525238,2000,True,True,203.55515902037786,193.30971769806555,False,0.07845257699019344,False
K03.1,K03,L03,8.574737997902046,8.886858952900646,-0.3121209549985995,-4.9772025882358255,4.403230905702494,0.9035482258870565,2000,True,True,203.55515902037786,193.30971769806555,False,0.9181215843691058,False
K03.1,K03,L04,15.768533269736839,32.330008773139376,-16.561475503402537,-25.355487546298615,-7.918485659970325,0.0009995002498750624,2000,True,True,203.55515902037786,193.30971769806555,False,0.0035982008995502244,True
K03.1,K03,L05,3.3876903230556485,10.555983403311565,-7.168293080255916,-11.404780916954088,-3.1274785697573657,0.0009995002498750624,2000,True,True,203.55515902037786,193.30971769806555,False,0.0035982008995502244,True
K03.1,K03,L06,3.905512178114786,2.319994928047396,1.5855172500673897,-1.1354031749603497,4.522178010301029,0.24587706146926536,2000,True,True,203.55515902037786,193.30971769806555,False,0.3480956151137914,False
K03.1,K03,L07,11.971038068089774,9.37508302073469,2.5959550473550834,-3.0695866105756986,8.67603377319547,0.36881559220389803,2000,True,True,203.55515902037786,193.30971769806555,False,0.47419147569072606,False
K03.1,K03,L08,2.003310063237582,2.9409368053121376,-0.9376267420745554,-3.8148108002624217,1.529691865520052,0.4777611194402799,2000,True,True,203.55515902037786,193.30971769806555,False,0.5608862235548893,False
K03.1,K03,L09,13.396556728607639,4.967911542759299,8.428645185848339,2.254092752581184,14.457839433145676,0.010994502748625687,2000,True,True,203.55515902037786,193.30971769806555,False,0.027706146926536734,True
K03.2,K03,L01,9.283462014888304,6.168334646068011,3.1151273688202927,-1.337552238900157,7.453867135186429,0.17491254372813594,2000,True,True,209.19485298994582,166.08889697672683,False,0.2749113248253922,False
K03.2,K03,L02,39.64658915211185,43.85934392034068,-4.212754768228827,-14.149733234617406,6.460403751867402,0.4287856071964018,2000,True,True,209.19485298994582,166.08889697672683,False,0.5194902548725637,False
K03.2,K03,L03,15.166197012808977,7.929521953409897,7.23667505939908,1.5283980054332484,13.293739005007454,0.014992503748125937,2000,True,True,209.19485298994582,166.08889697672683,False,0.03564255608045034,True
K03.2,K03,L04,14.492599697244838,19.26891663663124,-4.776316939386401,-12.356312926633038,2.7974194079954766,0.21489255372313842,2000,True,True,209.19485298994582,166.08889697672683,False,0.30768706555813,False
K03.2,K03,L05,4.533096944586826,8.746292761129945,-4.213195816543119,-8.531954612280085,-0.19116478639363857,0.04097951024487756,2000,True,True,209.19485298994582,166.08889697672683,False,0.08195902048975512,False
K03.2,K03,L06,0.6032024904439617,3.71706335720037,-3.1138608667564087,-5.386328825245335,-1.1354737555170586,0.0009995002498750624,2000,True,True,209.19485298994582,166.08889697672683,False,0.0035982008995502244,True
K03.2,K03,L07,6.955367096549662,8.58424815642313,-1.6288810598734669,-6.396544929101888,3.0748536595269504,0.5137431284357821,2000,True,True,209.19485298994582,166.08889697672683,False,0.5831678755216986,False
K03.2,K03,L08,0.6093337962454451,1.5909991733082436,-0.9816653770627984,-2.5970537010561743,0.43289710108208956,0.17691154422788605,2000,True,True,209.19485298994582,166.08889697672683,False,0.2749113248253922,False
K03.2,K03,L09,8.710151795120147,0.1352793954884829,8.574872399631664,5.548181518256592,12.043302143558112,0.0009995002498750624,2000,True,True,209.19485298994582,166.08889697672683,False,0.0035982008995502244,True
K03.3,K03,L01,15.383504569102739,16.05660060545114,-0.6730960363484026,-6.444308396283492,5.611052171914179,0.8385807096451774,2000,True,True,191.8194345859124,217.41710078099578,False,0.8774301373903213,False
K03.3,K03,L02,54.45719550369065,42.86307136172833,11.594124141962318,2.7060982725440916,20.633839818292522,0.0079960019990005,2000,True,True,191.8194345859124,217.41710078099578,False,0.02098950524737631,True
K03.3,K03,L03,6.6047804415142,4.259539431816851,2.3452410096973493,-3.601254688465748,10.369317078212923,0.6306846576711644,2000,True,True,191.8194345859124,217.41710078099578,False,0.685054024711782,False
K03.3,K03,L04,5.705272672992507,13.342264274898795,-7.6369916019062885,-12.59011162000742,-2.683560013801542,0.005997001499250375,2000,True,True,191.8194345859124,217.41710078099578,False,0.016426569324033635,True
K03.3,K03,L05,4.817742586228388,9.932329338523973,-5.114586752295585,-9.777186216237425,-0.9449221173620385,0.01899050474762619,2000,True,True,191.8194345859124,217.41710078099578,False,0.04350551996728909,True
K03.3,K03,L06,2.5069967462319402,0.9844446188318225,1.5225521274001177,-0.6112208368512088,4.193051456838353,0.21389305347326337,2000,True,True,191.8194345859124,217.41710078099578,False,0.30768706555813,False
K03.3,K03,L07,1.8077216653162647,11.420377696207751,-9.612656030891486,-15.791161826722945,-4.808047316429726,0.0009995002498750624,2000,True,True,191.8194345859124,217.41710078099578,False,0.0035982008995502244,True
K03.3,K03,L08,0.955745809469021,0.312731778289071,0.6430140311799499,-0.1506378942645987,1.6470100240422647,0.14192903548225888,2000,True,True,191.8194345859124,217.41710078099578,False,0.2292699803944182,False
K03.3,K03,L09,7.761040005454295,0.8286408942522651,6.93239911120203,3.902828769045888,10.507396273064806,0.0009995002498750624,2000,True,True,191.8194345859124,217.41710078099578,False,0.0035982008995502244,True
K04.1,K04,L01,43.14109792897489,30.3206760431876,12.820421885787287,7.801428923059368,18.297400563086036,0.0009995002498750624,2000,True,True,847.0664335398732,377.69658402085673,False,0.0035982008995502244,True
K04.1,K04,L02,36.49174264376028,25.58712285583259,10.904619787927693,5.259533344798284,15.955555467125203,0.0009995002498750624,2000,True,True,847.0664335398732,377.69658402085673,False,0.0035982008995502244,True
K04.1,K04,L03,2.5427065546015046,3.7180113931575693,-1.1753048385560647,-2.9051961172767973,0.5360110232280596,0.17891054472763618,2000,True,True,847.0664335398732,377.69658402085673,False,0.2749113248253922,False
K04.1,K04,L04,1.2546494932589383,11.979220952248362,-10.724571458989423,-13.361766711874878,-8.208412120001235,0.0009995002498750624,2000,True,True,847.0664335398732,377.69658402085673,False,0.0035982008995502244,True
K04.1,K04,L05,4.314480156977998,17.12580807725272,-12.811327920274723,-16.348475935412726,-9.569288166377232,0.0009995002498750624,2000,True,True,847.0664335398732,377.69658402085673,False,0.0035982008995502244,True
K04.1,K04,L06,2.4067960740572363,4.172658148836749,-1.765862074779513,-3.6108782063837634,-0.10201315791316888,0.03298350824587706,2000,True,True,847.0664335398732,377.69658402085673,False,0.07043935659289,False
K04.1,K04,L07,0.7324934856430685,2.3345764275190923,-1.6020829418760238,-3.8602631614829073,0.015945647712087507,0.05697151424287856,2000,True,True,847.0664335398732,377.69658402085673,False,0.1071404596209358,False
K04.1,K04,L08,2.8188446715861484,3.9051653970554936,-1.0863207254693452,-3.6549631092132575,0.985766175429008,0.36281859070464767,2000,True,True,847.0664335398732,377.69658402085673,False,0.47129012813181037,False
K04.1,K04,L09,6.2971889911399375,0.8567607049098154,5.440428286230122,3.7072826892080046,7.256476795223219,0.0009995002498750624,2000,True,True,847.0664335398732,377.69658402085673,False,0.0035982008995502244,True
K04.2,K04,L01,50.92298709485505,28.371492108714058,22.551494986140995,8.486397827139115,35.54801272106627,0.00399800099950025,2000,True,True,96.46270525425021,65.40968425086152,False,0.012286539657000767,True
K04.2,K04,L02,22.789548998430543,11.624576768594906,11.164972229835637,2.214350163760314,20.6639822660705,0.01199400299850075,2000,True,True,96.46270525425021,65.40968425086152,False,0.029632242702178322,True
K04.2,K04,L03,7.229866927861712,17.396664455451624,-10.166797527589912,-22.131903609252472,0.984996741911512,0.08695652173913043,2000,True,True,96.46270525425021,65.40968425086152,False,0.15879017013232513,False
K04.2,K04,L04,1.172364115279415,11.123807785297913,-9.951443670018499,-16.299096863542296,-4.3731781482986625,0.0009995002498750624,2000,True,True,96.46270525425021,65.40968425086152,False,0.0035982008995502244,True
K04.2,K04,L05,4.409960252772574,18.112383655526752,-13.702423402754178,-23.82831579724513,-4.587193088312294,0.001999000499750125,2000,True,True,96.46270525425021,65.40968425086152,False,0.006807407107257182,True
K04.2,K04,L06,5.253589779477055,5.62088479359235,-0.3672950141152951,-6.658886557133676,5.566057193882372,0.8495752123938031,2000,True,True,96.46270525425021,65.40968425086152,False,0.8774301373903213,False
K04.2,K04,L07,1.5578143130782276,2.2479208291828416,-0.690106516104614,-4.144762450172471,2.2432137184448355,0.7236381809095452,2000,True,True,96.46270525425021,65.40968425086152,False,0.7662051327277538,False
K04.2,K04,L08,2.2027877312961324,4.900313019108311,-2.6975252878121787,-9.847588517183846,2.6540673132322583,0.4267866066966517,2000,True,True,96.46270525425021,65.40968425086152,False,0.5194902548725637,False
K04.2,K04,L09,4.461080786949269,0.6019565845312355,3.859124202418034,-0.0900256336218056,9.789444404867826,0.05697151424287856,2000,True,True,96.46270525425021,65.40968425086152,False,0.1071404596209358,False
K04.3,K04,L01,48.20747623847547,28.14002282712552,20.067453411349952,14.720025956170794,25.387093914823076,0.0009995002498750624,2000,True,True,947.5331805666397,364.62288701810184,False,0.0035982008995502244,True
K04.3,K04,L02,35.885938981585134,28.866821137081644,7.019117844503491,1.419463150669236,12.475174663749366,0.01899050474762619,2000,True,True,947.5331805666397,364.62288701810184,False,0.04350551996728909,True
K04.3,K04,L03,3.2643489293243664,3.181149503821759,0.0831994255026074,-1.7452126185443126,1.9903717004430057,0.9325337331334332,2000,True,True,947.5331805666397,364.62288701810184,False,0.9399940029985007,False
K04.3,K04,L04,1.265362608371966,9.368520850175424,-8.103158241803458,-10.48720590348344,-5.919664174804184,0.0009995002498750624,2000,True,True,947.5331805666397,364.62288701810184,False,0.0035982008995502244,True
K04.3,K04,L05,5.021631403930759,21.043912798572702,-16.022281394641944,-20.220706728782105,-11.885174181744652,0.0009995002498750624,2000,True,True,947.5331805666397,364.62288701810184,False,0.0035982008995502244,True
K04.3,K04,L06,1.639724168657285,3.4400773628276546,-1.8003531941703697,-3.5809194301937737,-0.18603408957947778,0.03298350824587706,2000,True,True,947.5331805666397,364.62288701810184,False,0.07043935659289,False
K04.3,K04,L07,0.6309229281376343,2.0521247998628414,-1.421201871725207,-3.5617675101859083,0.22994422512300697,0.10294852573713144,2000,True,True,947.5331805666397,364.62288701810184,False,0.18269738370251495,False
K04.3,K04,L08,1.8557566440732802,3.3326231077706137,-1.4768664636973334,-3.7768897153090792,0.32586514015769596,0.12993503248375812,2000,True,True,947.5331805666397,364.62288701810184,False,0.21262096224614968,False
K04.3,K04,L09,2.228838097444101,0.5747476127618366,1.6540904846822642,0.6308908987964434,2.7787816865897064,0.00399800099950025,2000,True,True,947.5331805666397,364.62288701810184,False,0.012286539657000767,True
K05.1,K05,L01,10.69862651679858,7.806065836573596,2.8925606802249835,-1.6668266957148035,7.737680034455556,0.20189905047476261,2000,True,True,178.77251798848434,255.2982483790162,False,0.3028485757121439,False
K05.1,K05,L02,36.73064066960489,6.411160911263349,30.31947975834154,22.678738992281037,38.11349276123965,0.0009995002498750624,2000,True,True,178.77251798848434,255.2982483790162,False,0.0035982008995502244,True
K05.1,K05,L03,1.7014314120679699,3.5942884414790246,-1.8928570294110547,-4.606665326816751,0.37401916576248273,0.10694652673663169,2000,True,True,178.77251798848434,255.2982483790162,False,0.1845926351892547,False
K05.1,K05,L04,9.817631771189472,54.73831285713562,-44.92068108594614,-51.88373615140676,-38.304862362257445,0.0009995002498750624,2000,True,True,178.77251798848434,255.2982483790162,False,0.0035982008995502244,True
K05.1,K05,L05,4.547404925552486,8.041967502320247,-3.494562576767761,-7.461737976342971,0.3143693845409563,0.08395802098950525,2000,True,True,178.77251798848434,255.2982483790162,False,0.1555692741864362,False
K05.1,K05,L06,0.4032501905263673,0.8917450429547376,-0.48849485242837026,-1.3181683783166251,0.2683103179501929,0.2128935532233883,2000,True,True,178.77251798848434,255.2982483790162,False,0.30768706555813,False
K05.1,K05,L07,3.6018850230399218,12.051704822795339,-8.449819799755417,-14.256181174494744,-3.4251117429764855,0.0009995002498750624,2000,True,True,178.77251798848434,255.2982483790162,False,0.0035982008995502244,True
K05.1,K05,L08,3.017011200120335,4.29796065368505,-1.2809494535647148,-3.832352800212346,1.3053606793943788,0.3278360819590205,2000,True,True,178.77251798848434,255.2982483790162,False,0.43481417186143767,False
K05.1,K05,L09,29.48211829109998,2.1667939317930345,27.315324359306945,21.392070636729336,33.28711122868121,0.0009995002498750624,2000,True,True,178.77251798848434,255.2982483790162,False,0.0035982008995502244,True
K05.2,K05,L01,7.67331594696457,2.0481474527671777,5.625168494197393,1.328044224825995,11.255912296257486,0.013993003498250875,2000,True,True,39.65287069092823,100.1567887632295,False,0.03390612386114635,True
K05.2,K05,L02,9.024238789755552,1.4156104283211184,7.608628361434434,3.1882828986636693,13.078415418691126,0.0009995002498750624,2000,True,True,39.65287069092823,100.1567887632295,False,0.0035982008995502244,True
K05.2,K05,L03,0.0,0.5058628609910345,-0.5058628609910345,-1.0892604444339675,-0.04363293126636065,0.038980509745127435,2000,True,True,39.65287069092823,100.1567887632295,False,0.07921845528848478,False
K05.2,K05,L04,2.788599074133804,10.730607250795183,-7.942008176661378,-12.617258169701497,-3.7533413616152504,0.001999000499750125,2000,True,True,39.65287069092823,100.1567887632295,False,0.006807407107257182,True
K05.2,K05,L05,3.7242867175536043,0.5561035528878591,3.168183164665745,-0.3666917771507941,8.42818974314089,0.11894052973513243,2000,True,True,39.65287069092823,100.1567887632295,False,0.19719087824508796,False
K05.2,K05,L06,0.526039085282197,6.227867031720824,-5.701827946438627,-9.514435277313163,-2.2675184663248706,0.0009995002498750624,2000,True,True,39.65287069092823,100.1567887632295,False,0.0035982008995502244,True
K05.2,K05,L07,25.120015181598433,37.45706632377594,-12.337051142177508,-25.669809212811035,2.364907936830062,0.09695152423788106,2000,True,True,39.65287069092823,100.1567887632295,False,0.1745127436281859,False
K05.2,K05,L08,25.463410589765306,37.34557505957312,-11.882164469807815,-24.103720185242718,2.6534231633197227,0.11294352823588207,2000,True,True,39.65287069092823,100.1567887632295,False,0.1923092507800154,False
K05.2,K05,L09,25.68009461494652,3.713160039167735,21.966934575778783,4.290596325793995,38.51987485891003,0.004997501249375313,2000,True,True,39.65287069092823,100.1567887632295,False,0.014311026305029305,True
K05.3,K05,L01,4.049009609089869,1.070679365936869,2.978330243153,0.28819926328660017,6.155138150805815,0.030984507746126936,2000,True,True,97.53591780187651,86.36231188378741,False,0.06849206975459637,False
K05.3,K05,L02,9.872307692026451,4.428253757845205,5.444053934181246,0.13477483412506447,11.025041304061459,0.044977511244377814,2000,True,True,97.53591780187651,86.36231188378741,False,0.08718717564294777,False
K05.3,K05,L03,1.4238685797190913,0.8634743308620028,0.5603942488570886,-1.0720359219854625,2.0984932033420525,0.4777611194402799,2000,True,True,97.53591780187651,86.36231188378741,False,0.5608862235548893,False
K05.3,K05,L04,2.4991045163494463,21.750525945899906,-19.251421429550458,-27.91816693147212,-11.94521003907603,0.0009995002498750624,2000,True,True,97.53591780187651,86.36231188378741,False,0.0035982008995502244,True
K05.3,K05,L05,2.4744584419627778,4.14475284895078,-1.6702944069880026,-5.946041401006931,2.222347724238353,0.4407796101949025,2000,True,True,97.53591780187651,86.36231188378741,False,0.528935532233883,False
K05.3,K05,L06,0.3410177007065808,1.9696279106664931,-1.6286102099599122,-3.627298936160963,-0.024448018869783702,0.044977511244377814,2000,True,True,97.53591780187651,86.36231188378741,False,0.08718717564294777,False
K05.3,K05,L07,9.837611536645992,35.87621545771402,-26.038603921068024,-35.725617888932206,-16.31322411916029,0.0009995002498750624,2000,True,True,97.53591780187651,86.36231188378741,False,0.0035982008995502244,True
K05.3,K05,L08,2.2999995536203253,8.920562592600533,-6.620563038980207,-11.325722906272363,-2.3979455109976766,0.0029985007496251873,2000,True,True,97.53591780187651,86.36231188378741,False,0.009942397222441411,True
K05.3,K05,L09,67.20262236987946,20.975907789524193,46.22671458035527,33.2069521326186,58.947692708511504,0.0009995002498750624,2000,True,True,97.53591780187651,86.36231188378741,False,0.0035982008995502244,True
K06.1,K06,L01,26.211334813301594,0.0,26.211334813301594,,,,1291,True,False,4.158095656036519,1.0,True,,False
K06.1,K06,L02,7.611447359584714,0.0,7.611447359584714,,,,1291,True,False,4.158095656036519,1.0,True,,False
K06.1,K06,L03,10.75050534757942,100.0,-89.24949465242058,,,,1291,True,False,4.158095656036519,1.0,True,,False
K06.1,K06,L04,0.0,0.0,0.0,,,,1291,True,False,4.158095656036519,1.0,True,,False
K06.1,K06,L05,0.0,0.0,0.0,,,,1291,True,False,4.158095656036519,1.0,True,,False
K06.1,K06,L06,0.0,0.0,0.0,,,,1291,True,False,4.158095656036519,1.0,True,,False
K06.1,K06,L07,40.548682222876124,0.0,40.548682222876124,,,,1291,True,False,4.158095656036519,1.0,True,,False
K06.1,K06,L08,0.0,0.0,0.0,,,,1291,True,False,4.158095656036519,1.0,True,,False
K06.1,K06,L09,14.878030256658134,0.0,14.878030256658134,,,,1291,True,False,4.158095656036519,1.0,True,,False
K06.2,K06,L01,9.676993182637244,16.019988671489056,-6.3429954888518125,-30.794627749413905,14.154932690484374,0.7186406796601699,2000,True,True,34.28098224588632,13.951415822421573,False,0.7662051327277538,False
K06.2,K06,L02,10.195194660857352,6.511106646306522,3.68408801455083,-12.151399886166073,16.035451190482995,0.6066966516741629,2000,True,True,34.28098224588632,13.951415822421573,False,0.6705594571135485,False
K06.2,K06,L03,5.279220651301806,8.487458864851192,-3.208238213549386,-16.051230763321588,7.436531966269752,0.6066966516741629,2000,True,True,34.28098224588632,13.951415822421573,False,0.6705594571135485,False
K06.2,K06,L04,6.565153759317973,7.4726880415208115,-0.907534282202838,-16.28645696819356,11.196611993790022,0.8885557221389305,2000,True,True,34.28098224588632,13.951415822421573,False,0.9102278129228069,False
K06.2,K06,L05,16.641593873572667,6.665230548870975,9.976363324701692,-9.518732424851773,26.74420921306129,0.272863568215892,2000,True,True,34.28098224588632,13.951415822421573,False,0.3820089955022488,False
K06.2,K06,L06,12.301280239167932,0.0,12.301280239167932,1.259994763182028,25.851130810931373,0.009995002498750625,2000,True,True,34.28098224588632,13.951415822421573,False,0.02570143499678732,True
K06.2,K06,L07,6.978108599516138,15.404264673503715,-8.426156073987578,-27.351116681860873,7.30992702843659,0.31984007996002,2000,True,True,34.28098224588632,13.951415822421573,False,0.43006156496219977,False
K06.2,K06,L08,14.488502306506751,39.43926255345773,-24.950760246950978,-53.9840459003638,5.50614889455265,0.11494252873563218,2000,True,True,34.28098224588632,13.951415822421573,False,0.19310344827586207,False
K06.2,K06,L09,17.873952727122155,0.0,17.873952727122155,9.323525555602004,28.732770169629152,0.0009995002498750624,2000,True,True,34.28098224588632,13.951415822421573,False,0.0035982008995502244,True
K06.3,K06,L01,0.0,,,,,,0,False,False,3.7599322843384453,0.0,True,,False
K06.3,K06,L02,24.348807604253714,,,,,,0,False,False,3.7599322843384453,0.0,True,,False
K06.3,K06,L03,0.0,,,,,,0,False,False,3.7599322843384453,0.0,True,,False
K06.3,K06,L04,0.0,,,,,,0,False,False,3.7599322843384453,0.0,True,,False
K06.3,K06,L05,0.0,,,,,,0,False,False,3.7599322843384453,0.0,True,,False
K06.3,K06,L06,0.0,,,,,,0,False,False,3.7599322843384453,0.0,True,,False
K06.3,K06,L07,0.0,,,,,,0,False,False,3.7599322843384453,0.0,True,,False
K06.3,K06,L08,0.0,,,,,,0,False,False,3.7599322843384453,0.0,True,,False
K06.3,K06,L09,75.65119239574628,,,,,,0,False,False,3.7599322843384453,0.0,True,,False
