agency,sdg,target,target_full_label,target_short_label,target_support,target_share_within_sdg,displayed_individually,display_target,selected_target_coverage,other_target_support
NSF,S03,3.9,"By 2030, substantially reduce the number of deaths and illnesses from hazardous chemicals and air, water and soil pollution and contamination",Pollution health,166.50000000000003,0.7350993377483444,True,3.9,0.8509933774834438,33.74999999999997
NSF,S03,3.6,"By 2020, halve the number of global deaths and injuries from road traffic accidents",Road safety,26.250000000000004,0.11589403973509933,True,3.6,0.8509933774834438,33.74999999999997
NSF,S03,3.3,"By 2030, end the epidemics of AIDS, tuberculosis, malaria and neglected tropical diseases and combat hepatitis, water-borne diseases and other communicable diseases",3.3,14.416666666666666,0.06364974245768946,False,S03:Other,0.8509933774834438,33.74999999999997
NSF,S03,3.d,"Strengthen the capacity of all countries, in particular developing countries, for early warning, risk reduction and management of national and global health risks",3.d,10.916666666666664,0.048197203826342884,False,S03:Other,0.8509933774834438,33.74999999999997
NSF,S03,3.4,"By 2030, reduce by one third premature mortality from non-communicable diseases through prevention and treatment and promote mental health and well-being",NCD health,7.916666666666666,0.03495217071376011,False,S03:Other,0.8509933774834438,33.74999999999997
NSF,S03,3.1,"By 2030, reduce the global maternal mortality ratio to less than 70 per 100,000 live births",3.1,0.25,0.0011037527593818982,False,S03:Other,0.8509933774834438,33.74999999999997
NSF,S03,3.2,"By 2030, end preventable deaths of newborns and children under 5 years of age, with all countries aiming to reduce neonatal mortality to at least as low as 12 per 1,000 live births and under-5 mortality to at least as low as 25 per 1,000 live births",3.2,0.25,0.0011037527593818982,False,S03:Other,0.8509933774834438,33.74999999999997
NSF,S07,7.2,"By 2030, increase substantially the share of renewable energy in the global energy mix",Renewable energy,274.3416666666665,0.5238860598345002,True,7.2,0.9726288987905791,14.333333333333371
NSF,S07,7.3,"By 2030, double the global rate of improvement in energy efficiency",Energy efficiency,145.33333333333331,0.27753023551877787,True,7.3,0.9726288987905791,14.333333333333371
NSF,S07,7.1,"By 2030, ensure universal access to affordable, reliable and modern energy services",Energy access,89.65833333333332,0.1712126034373011,True,7.1,0.9726288987905791,14.333333333333371
NSF,S07,7.a,"By 2030, enhance international cooperation to facilitate access to clean energy research and technology, including renewable energy, energy efficiency and advanced and cleaner fossil-fuel technology, and promote investment in energy infrastructure and clean energy technology",7.a,13.333333333333334,0.02546148949713559,False,S07:Other,0.9726288987905791,14.333333333333371
NSF,S07,7.b,"By 2030, expand infrastructure and upgrade technology for supplying modern and sustainable energy services for all in developing countries, in particular least developed countries, small island developing States and landlocked developing countries, in accordance with their respective programmes of support",7.b,1.0,0.0019096117122851693,False,S07:Other,0.9726288987905791,14.333333333333371
NSF,S09,9.1,"Develop quality, reliable, sustainable and resilient infrastructure, including regional and trans-border infrastructure, to support economic development and human well-being, with a focus on affordable and equitable access for all",Infrastructure,283.9595238095237,0.6973588038895808,True,9.1,0.9495734441969116,20.533333333333303
NSF,S09,9.4,"By 2030, upgrade infrastructure and retrofit industries to make them sustainable, with increased resource-use efficiency and greater adoption of clean and environmentally sound technologies and industrial processes, with all countries taking action in accordance with their respective capabilities",Industry transition,102.69999999999999,0.25221464030733076,True,9.4,0.9495734441969116,20.533333333333303
NSF,S09,9.5,"Enhance scientific research, upgrade the technological capabilities of industrial sectors in all countries, in particular developing countries, including, by 2030, encouraging innovation and substantially increasing the number of research and development workers per 1 million people and public and private research and development spending",9.5,17.366666666666664,0.0426497330737161,False,S09:Other,0.9495734441969116,20.533333333333303
NSF,S09,9.c,Significantly increase access to information and communications technology and strive to provide universal and affordable access to the Internet in least developed countries by 2020,9.c,2.583333333333333,0.00634425012133013,False,S09:Other,0.9495734441969116,20.533333333333303
NSF,S09,9.2,"Promote inclusive and sustainable industrialization and, by 2030, significantly raise industry's share of employment and gross domestic product, in line with national circumstances, and double its share in least developed countries",9.2,0.5833333333333333,0.0014325726080422875,False,S09:Other,0.9495734441969116,20.533333333333303
NSF,S11,11.5,"By 2030, significantly reduce the number of deaths and the number of people affected and substantially decrease the direct economic losses relative to global gross domestic product caused by disasters, including water-related disasters, with a focus on protecting the poor and people in vulnerable situations",Disaster losses,572.692857142857,0.526456213461972,True,11.5,0.898712373081309,110.18333333333317
NSF,S11,11.2,"By 2030, provide access to safe, affordable, accessible and sustainable transport systems for all, improving road safety, notably by expanding public transport, with special attention to the needs of those in vulnerable situations, women, children, persons with disabilities and older persons",Urban transport,166.91666666666657,0.1534405662669325,True,11.2,0.898712373081309,110.18333333333317
NSF,S11,11.6,"By 2030, reduce the adverse per capita environmental impact of cities, including by paying special attention to air quality and municipal and other waste management",Urban impact,160.78333333333333,0.1478024106617173,True,11.6,0.898712373081309,110.18333333333317
NSF,S11,11.3,"By 2030, enhance inclusive and sustainable urbanization and capacity for participatory, integrated and sustainable human settlement planning and management in all countries",Urbanization,77.24999999999999,0.07101318269068721,True,11.3,0.898712373081309,110.18333333333317
NSF,S11,11.b,"By 2020, substantially increase the number of cities and human settlements adopting and implementing integrated policies and plans towards inclusion, resource efficiency, mitigation and adaptation to climate change, resilience to disasters, and develop and implement, in line with the Sendai Framework for Disaster Risk Reduction 2015-2030, holistic disaster risk management at all levels",11.b,55.833333333333336,0.0513256012974762,False,S11:Other,0.898712373081309,110.18333333333317
NSF,S11,11.1,"By 2030, ensure access for all to adequate, safe and affordable housing and basic services and upgrade slums",11.1,27.249999999999993,0.025049957648171216,False,S11:Other,0.898712373081309,110.18333333333317
NSF,S11,11.a,"Support positive economic, social and environmental links between urban, peri-urban and rural areas by strengthening national and regional development planning",11.a,10.850000000000001,0.009974019834225974,False,S11:Other,0.898712373081309,110.18333333333317
NSF,S11,11.4,Strengthen efforts to protect and safeguard the world's cultural and natural heritage,11.4,9.750000000000002,0.008962828883290622,False,S11:Other,0.898712373081309,110.18333333333317
NSF,S11,11.7,"By 2030, provide universal access to safe, inclusive and accessible, green and public spaces, in particular for women and children, older persons and persons with disabilities",11.7,6.500000000000001,0.005975219255527081,False,S11:Other,0.898712373081309,110.18333333333317
NSF,S10,10.2,"By 2030, empower and promote the social, economic and political inclusion of all, irrespective of age, sex, disability, race, ethnicity, origin, religion or economic or other status",Social inclusion,75.60000000000001,0.779247551967016,True,10.2,0.9312832846589932,6.666666666666671
NSF,S10,10.3,"Ensure equal opportunity and reduce inequalities of outcome, including by eliminating discriminatory laws, policies and practices and promoting appropriate legislation, policies and action in this regard",Equal opportunity,14.750000000000002,0.15203573269197732,True,10.3,0.9312832846589932,6.666666666666671
NSF,S10,10.7,"Facilitate orderly, safe, regular and responsible migration and mobility of people, including through the implementation of planned and well-managed migration policies",10.7,5.166666666666666,0.05325545438928018,False,S10:Other,0.9312832846589932,6.666666666666671
NSF,S10,10.4,"Adopt policies, especially fiscal, wage and social protection policies, and progressively achieve greater equality",10.4,1.5,0.015461260951726506,False,S10:Other,0.9312832846589932,6.666666666666671
NSF,S17,17.17,"Encourage and promote effective public, public-private and civil society partnerships, building on the experience and resourcing strategies of partnerships",Public/civil,27.616666666666656,0.38472254469468303,True,17.17,0.8583700951938703,10.166666666666671
NSF,S17,17.16,"Enhance the Global Partnership for Sustainable Development, complemented by multi-stakeholder partnerships that mobilize and share knowledge, expertise, technology and financial resources, to support the achievement of the Sustainable Development Goals in all countries, in particular developing countries",Global partnership,17.499999999999996,0.2437891804039935,True,17.16,0.8583700951938703,10.166666666666671
NSF,S17,17.6,"Enhance North-South, South-South and triangular regional and international cooperation on and access to science, technology and innovation and enhance knowledge-sharing on mutually agreed terms, including through improved coordination among existing mechanisms, in particular at the United Nations level, and through a global technology facilitation mechanism",Science cooperation,16.499999999999996,0.22985837009519386,True,17.6,0.8583700951938703,10.166666666666671
NSF,S17,17.18,"By 2020, enhance capacity-building support to developing countries, including for least developed countries and small island developing States, to increase significantly the availability of high-quality, timely and reliable data disaggregated by income, gender, age, race, ethnicity, migratory status, disability, geographic location and other characteristics relevant in national contexts",Data capacity,3.5,0.048757836080798714,False,S17:Other,0.8583700951938703,10.166666666666671
NSF,S17,17.9,"Enhance international support for implementing effective and targeted capacity-building in developing countries to support national plans to implement all the Sustainable Development Goals, including through North-South, South-South and triangular cooperation",17.9,3.4999999999999996,0.04875783608079871,False,S17:Other,0.8583700951938703,10.166666666666671
NSF,S17,17.14,Enhance policy coherence for sustainable development,Policy coherence,2.666666666666667,0.037148827490132354,False,S17:Other,0.8583700951938703,10.166666666666671
NSF,S17,17.19,"By 2030, build on existing initiatives to develop measurements of progress on sustainable development that complement gross domestic product, and support statistical capacity-building in developing countries",17.19,0.5,0.006965405154399816,False,S17:Other,0.8583700951938703,10.166666666666671
NSFC,S03,3.9,"By 2030, substantially reduce the number of deaths and illnesses from hazardous chemicals and air, water and soil pollution and contamination",Pollution health,146.3333333333333,0.5922428330522763,True,3.9,0.9190556492411466,20.00000000000003
NSFC,S03,3.6,"By 2020, halve the number of global deaths and injuries from road traffic accidents",Road safety,48.41666666666667,0.19595278246205736,True,3.6,0.9190556492411466,20.00000000000003
NSFC,S03,3.4,"By 2030, reduce by one third premature mortality from non-communicable diseases through prevention and treatment and promote mental health and well-being",NCD health,32.33333333333333,0.1308600337268128,True,3.4,0.9190556492411466,20.00000000000003
NSFC,S03,3.d,"Strengthen the capacity of all countries, in particular developing countries, for early warning, risk reduction and management of national and global health risks",3.d,11.333333333333332,0.04586846543001686,False,S03:Other,0.9190556492411466,20.00000000000003
NSFC,S03,3.3,"By 2030, end the epidemics of AIDS, tuberculosis, malaria and neglected tropical diseases and combat hepatitis, water-borne diseases and other communicable diseases",3.3,6.333333333333334,0.025632377740303542,False,S03:Other,0.9190556492411466,20.00000000000003
NSFC,S03,3.8,"Achieve universal health coverage, including financial risk protection, access to quality essential health-care services and access to safe, effective, quality and affordable essential medicines and vaccines for all",3.8,1.8333333333333333,0.007419898819561551,False,S03:Other,0.9190556492411466,20.00000000000003
NSFC,S03,3.5,"Strengthen the prevention and treatment of substance abuse, including narcotic drug abuse and harmful use of alcohol",3.5,0.5,0.002023608768971332,False,S03:Other,0.9190556492411466,20.00000000000003
NSFC,S09,9.1,"Develop quality, reliable, sustainable and resilient infrastructure, including regional and trans-border infrastructure, to support economic development and human well-being, with a focus on affordable and equitable access for all",Infrastructure,224.41666666666669,0.7624575311438279,True,9.1,0.9796149490373726,6.0
NSFC,S09,9.4,"By 2030, upgrade infrastructure and retrofit industries to make them sustainable, with increased resource-use efficiency and greater adoption of clean and environmentally sound technologies and industrial processes, with all countries taking action in accordance with their respective capabilities",Industry transition,63.91666666666668,0.21715741789354476,True,9.4,0.9796149490373726,6.0
NSFC,S09,9.2,"Promote inclusive and sustainable industrialization and, by 2030, significantly raise industry's share of employment and gross domestic product, in line with national circumstances, and double its share in least developed countries",9.2,3.25,0.01104190260475651,False,S09:Other,0.9796149490373726,6.0
NSFC,S09,9.5,"Enhance scientific research, upgrade the technological capabilities of industrial sectors in all countries, in particular developing countries, including, by 2030, encouraging innovation and substantially increasing the number of research and development workers per 1 million people and public and private research and development spending",9.5,1.75,0.00594563986409966,False,S09:Other,0.9796149490373726,6.0
NSFC,S09,9.b,"Support domestic technology development, research and innovation in developing countries, including by ensuring a conducive policy environment for, inter alia, industrial diversification and value addition to commodities",9.b,1.0,0.003397508493771234,False,S09:Other,0.9796149490373726,6.0
NSFC,S11,11.3,"By 2030, enhance inclusive and sustainable urbanization and capacity for participatory, integrated and sustainable human settlement planning and management in all countries",Urbanization,570.7916666666666,0.2947542817798433,True,11.3,0.8364317066873224,316.7500000000002
NSFC,S11,11.5,"By 2030, significantly reduce the number of deaths and the number of people affected and substantially decrease the direct economic losses relative to global gross domestic product caused by disasters, including water-related disasters, with a focus on protecting the poor and people in vulnerable situations",Disaster losses,406.0,0.2096565969532662,True,11.5,0.8364317066873224,316.7500000000002
NSFC,S11,11.6,"By 2030, reduce the adverse per capita environmental impact of cities, including by paying special attention to air quality and municipal and other waste management",Urban impact,394.375,0.2036534985799122,True,11.6,0.8364317066873224,316.7500000000002
NSFC,S11,11.2,"By 2030, provide access to safe, affordable, accessible and sustainable transport systems for all, improving road safety, notably by expanding public transport, with special attention to the needs of those in vulnerable situations, women, children, persons with disabilities and older persons",Urban transport,248.5833333333334,0.12836732937430073,True,11.2,0.8364317066873224,316.7500000000002
NSFC,S11,11.b,"By 2020, substantially increase the number of cities and human settlements adopting and implementing integrated policies and plans towards inclusion, resource efficiency, mitigation and adaptation to climate change, resilience to disasters, and develop and implement, in line with the Sendai Framework for Disaster Risk Reduction 2015-2030, holistic disaster risk management at all levels",11.b,92.25,0.04763749031758326,False,S11:Other,0.8364317066873224,316.7500000000002
NSFC,S11,11.a,"Support positive economic, social and environmental links between urban, peri-urban and rural areas by strengthening national and regional development planning",11.a,73.66666666666667,0.038041139512866855,False,S11:Other,0.8364317066873224,316.7500000000002
NSFC,S11,11.7,"By 2030, provide universal access to safe, inclusive and accessible, green and public spaces, in particular for women and children, older persons and persons with disabilities",11.7,65.41666666666667,0.03378087615113177,False,S11:Other,0.8364317066873224,316.7500000000002
NSFC,S11,11.4,Strengthen efforts to protect and safeguard the world's cultural and natural heritage,11.4,57.5,0.02969274464239607,False,S11:Other,0.8364317066873224,316.7500000000002
NSFC,S11,11.1,"By 2030, ensure access for all to adequate, safe and affordable housing and basic services and upgrade slums",11.1,27.916666666666664,0.01441604268869954,False,S11:Other,0.8364317066873224,316.7500000000002
NSFC,S13,13.1,Strengthen resilience and adaptive capacity to climate-related hazards and natural disasters in all countries,Climate resilience,450.41666666666663,0.6429166171047935,True,13.1,0.9650291423813488,24.5
NSFC,S13,13.2,"Integrate climate change measures into national policies, strategies and planning",Climate policy,225.66666666666677,0.3221125252765554,True,13.2,0.9650291423813488,24.5
NSFC,S13,13.3,"Improve education, awareness-raising and human and institutional capacity on climate change mitigation, adaptation, impact reduction and early warning",13.3,24.5,0.034970857618651124,False,S13:Other,0.9650291423813488,24.5
NSFC,S16,16.6,"Develop effective, accountable and transparent institutions at all levels",Institutions,19.416666666666664,0.6067708333333333,True,16.6,0.953125,1.5
NSFC,S16,16.7,"Ensure responsive, inclusive, participatory and representative decision-making at all levels",Inclusive decisions,11.083333333333334,0.3463541666666667,True,16.7,0.953125,1.5
NSFC,S16,16.1,Significantly reduce all forms of violence and related death rates everywhere,16.1,0.6666666666666666,0.020833333333333332,False,S16:Other,0.953125,1.5
NSFC,S16,16.a,"Strengthen relevant national institutions, including through international cooperation, for building capacity at all levels, in particular in developing countries, to prevent violence and combat terrorism and crime",16.a,0.5,0.015625,False,S16:Other,0.953125,1.5
NSFC,S16,16.10,"Ensure public access to information and protect fundamental freedoms, in accordance with national legislation and international agreements",16.10,0.3333333333333333,0.010416666666666666,False,S16:Other,0.953125,1.5
NSFC,S17,17.14,Enhance policy coherence for sustainable development,Policy coherence,5.0,0.5217391304347826,True,17.14,0.8869565217391304,1.083333333333334
NSFC,S17,17.17,"Encourage and promote effective public, public-private and civil society partnerships, building on the experience and resourcing strategies of partnerships",Public/civil,2.5,0.2608695652173913,True,17.17,0.8869565217391304,1.083333333333334
NSFC,S17,17.18,"By 2020, enhance capacity-building support to developing countries, including for least developed countries and small island developing States, to increase significantly the availability of high-quality, timely and reliable data disaggregated by income, gender, age, race, ethnicity, migratory status, disability, geographic location and other characteristics relevant in national contexts",Data capacity,1.0,0.10434782608695652,True,17.18,0.8869565217391304,1.083333333333334
NSFC,S17,17.16,"Enhance the Global Partnership for Sustainable Development, complemented by multi-stakeholder partnerships that mobilize and share knowledge, expertise, technology and financial resources, to support the achievement of the Sustainable Development Goals in all countries, in particular developing countries",Global partnership,0.8333333333333333,0.08695652173913042,False,S17:Other,0.8869565217391304,1.083333333333334
NSFC,S17,17.19,"By 2030, build on existing initiatives to develop measurements of progress on sustainable development that complement gross domestic product, and support statistical capacity-building in developing countries",17.19,0.25,0.02608695652173913,False,S17:Other,0.8869565217391304,1.083333333333334
