mismatch_class,class_index,intervention,intervention_index,nsf_family_n,nsf_weighted_support,nsf_ess,nsf_intervention_share,nsfc_family_n,nsfc_weighted_support,nsfc_ess,nsfc_intervention_share,min_ess,low_support
Near alignment,1,L01,0,467,211.12430634968885,374.32498848724,0.367184663503459,347,337.47684559743027,178.06204206858388,0.2664536858388248,178.06204206858388,False
Near alignment,1,L02,1,365,186.41701778601595,266.4231521046988,0.32421406672949615,249,276.45410274587607,135.88607592618465,0.2182733885387032,135.88607592618465,False
Near alignment,1,L03,2,17,8.84842620998828,11.344819950137511,0.015389068443253275,33,19.034215343485492,20.953295615615946,0.015028399433872866,11.344819950137511,False
Near alignment,1,L04,3,28,17.390245375915843,10.209522313911087,0.030244889880286653,190,111.61771760615987,84.81842537645342,0.08812738606830467,10.209522313911087,False
Near alignment,1,L05,4,95,42.963317640554315,54.94395957951179,0.0747212464713086,173,159.62370271839941,100.40508413755889,0.1260303469450297,54.94395957951179,False
Near alignment,1,L06,5,53,24.328038589893016,41.16942622770705,0.042311010123738876,86,56.806528672712695,51.07812672189963,0.044851399857544584,41.16942622770705,False
Near alignment,1,L07,6,84,33.0376021500318,59.78654987945555,0.057458570442040724,304,225.30782925282233,142.53155781008883,0.1778910237426263,59.78654987945555,False
Near alignment,1,L08,7,44,14.116345883757376,29.90582310792292,0.02455096621911781,93,54.971206043680546,56.28949484614407,0.04340232717125911,29.90582310792292,False
Near alignment,1,L09,8,119,36.75597601644037,72.74836400210795,0.06392551818729876,32,25.25758855250806,8.497878746371015,0.019942042403834553,8.497878746371015,True
Relative higher research supply,2,L01,0,916,595.014934273805,709.3791357620107,0.18265935030020247,485,417.14116519903223,268.11378599848746,0.10169059121873192,268.11378599848746,False
Relative higher research supply,2,L02,1,1214,958.6517914939359,611.8198967860136,0.2942896107508951,968,942.735688429098,592.5094782634897,0.22981992073022006,592.5094782634897,False
Relative higher research supply,2,L03,2,264,180.94320413247638,194.89377293754242,0.05554645136497725,839,615.4984058664501,554.3451667326917,0.15004608034041023,194.89377293754242,False
Relative higher research supply,2,L04,3,327,319.55166169480896,151.05306769966103,0.09809686370941488,1553,976.7881546001857,942.029577743059,0.23812122423677176,151.05306769966103,False
Relative higher research supply,2,L05,4,345,241.77888807603938,247.85589393602913,0.07422195993479448,466,417.2567524659537,256.89502797513614,0.10171876905993105,247.85589393602913,False
Relative higher research supply,2,L06,5,119,64.98455840635988,85.94000266511357,0.01994914166740743,150,97.79633579152522,89.09958214523748,0.02384077150698074,85.94000266511357,False
Relative higher research supply,2,L07,6,337,308.2970525663633,180.22280324613772,0.09464189229127123,684,435.8998432941262,354.6978036190687,0.10626357807573944,180.22280324613772,False
Relative higher research supply,2,L08,7,91,53.239698912249686,51.47011129750434,0.0163436718195294,183,95.93394073961169,96.56329783166582,0.0233867572074772,51.47011129750434,False
Relative higher research supply,2,L09,8,794,535.049710927745,323.68315326594904,0.16425105816150873,130,103.01225646795979,38.045811751089055,0.02511230762373767,38.045811751089055,False
Relative lower research supply,0,L01,0,283,143.71411655507387,200.9035342087919,0.12309484143706374,6,7.5022038861263916,2.9566940035629754,0.042292690047550756,2.9566940035629754,True
Relative lower research supply,0,L02,1,265,170.31560229764222,112.29319240693323,0.14587969895811953,4,4.148154882145349,2.3383295129716495,0.023384678870729914,2.3383295129716495,True
Relative lower research supply,0,L03,2,209,264.5196588422911,97.5083854375748,0.2265678991228398,0,0.0,0.0,0.0,0.0,True
Relative lower research supply,0,L04,3,106,101.18075978442312,45.47932008064556,0.0866639261381973,63,34.04094753638506,24.84131762784259,0.19190137524036563,24.84131762784259,False
Relative lower research supply,0,L05,4,68,29.970140159577667,42.295716496806,0.025670196771352186,22,10.348082560429107,14.80479831282154,0.05833595766758937,14.80479831282154,False
Relative lower research supply,0,L06,5,46,36.78429036383838,16.418603263246776,0.031506691884206114,5,13.713031272012325,1.3266488902566451,0.0773054145158722,1.3266488902566451,True
Relative lower research supply,0,L07,6,200,134.24073082567116,99.7826251577795,0.11498064262218192,84,58.89806273809863,35.379717245618586,0.3320301007001502,35.379717245618586,False
Relative lower research supply,0,L08,7,46,29.03935214329462,13.033432240415351,0.0248729528678142,17,10.016083371722805,4.4805482341087375,0.05646435580270807,4.4805482341087375,True
Relative lower research supply,0,L09,8,427,257.7425725421186,98.79935571552433,0.22076315019822498,39,38.72115436606266,14.062572145013311,0.21828542715503393,14.062572145013311,False
