agency,sdg,project_family_support,supply_share,challenge_share,clr_mismatch,advanced_action_share,aitchison_contribution_share,clr_ci_low,clr_ci_high,action_ci_low,action_ci_high,bootstrap_valid_n,top10_city_share,active_city_n,city_fractional_support,mismatch_class,label_selected,label_selection_reason,label_font_size,label_font_weight,display_marker_area_points2,display_ring_linewidth_points
NSF,S02,155.5166666666667,0.0311033333333333,0.0768913922329981,-0.7013746063159512,0.2861429643125067,0.0230703138447418,-0.8351005445458437,-0.5893330488985354,0.2289924110398078,0.346085868156632,2000,0.2277355053048976,137,155.51666666666668,Relatively lower,True,All country-SDG units,5.9,normal,34.14921969131932,1.2921123137927335
NSF,S03,226.50000000000017,0.0453,0.0363033109816837,0.4251024185623753,0.277409860191317,0.0084750170076545,0.3217825186871481,0.5215360870752159,0.2312502064955231,0.3255493779055856,2000,0.2087319107186657,173,226.5,Near alignment,True,All country-SDG units,5.2,normal,23.9325119053582,1.2427029678685309
NSF,S06,702.1000000000008,0.14042,0.0460755108759583,1.3180606749750214,0.3605136970042252,0.0814749743469471,1.2477554101358082,1.3870290666603553,0.3290361807997267,0.392864310291695,2000,0.1824486856889648,275,702.1,Relatively higher,True,All country-SDG units,6.6,bold,75.03248204286301,1.1743665827913086
NSF,S07,523.6666666666662,0.1047333333333331,0.0815510146277207,0.4538930011781947,0.512698917886697,0.0096618524094949,0.3731524779091031,0.5363671977100805,0.4732641485742452,0.5519382932973148,2000,0.2146085295989815,219,523.6666666666667,Near alignment,True,All country-SDG units,5.2,normal,24.7632966866465,1.2579821769573518
NSF,S09,407.1928571428565,0.0814385714285712,0.0134095427915524,2.007586743929279,0.437916980955556,0.1890175220850797,1.9264635338674685,2.087403183588928,0.3974758245888418,0.4797789369849412,2000,0.2149589816455289,224,407.1928571428571,Relatively higher,True,All country-SDG units,7.3,bold,150.31226545955582,1.258893352278375
NSF,S10,97.01666666666662,0.0194033333333333,0.1396346690557235,-1.7698802977501316,0.2042604363511424,0.1469065691006521,-1.9180608319202397,-1.6431662879068594,0.1487648592139676,0.2635946154176839,2000,0.2649029376395807,111,97.0166666666667,Relatively lower,True,All country-SDG units,6.6,bold,120.83459837045652,1.38874763786291
NSF,S11,1087.8261904761916,0.2175652380952382,0.0342314879559441,2.0530571646708458,0.2984085780510276,0.1976767128213309,1.9981476596338732,2.109576963029377,0.2738535061562543,0.3225796318929566,2000,0.2240885966697819,303,1087.8261904761905,Relatively higher,True,All country-SDG units,7.3,bold,156.37369897493167,1.282630351341433
NSF,S12,259.2666666666669,0.0518533333333333,0.1155656803638798,-0.5977154740737598,0.4583440473129334,0.0167549225771591,-0.700692638986422,-0.50196998974547,0.405703756953441,0.5126385219495129,2000,0.2341218822319362,188,259.26666666666665,Relatively lower,True,All country-SDG units,5.9,normal,29.72844580401143,1.3087168938030342
NSF,S13,1065.5976190476213,0.2131195238095241,0.1174281346400197,0.7997309613901817,0.1489305129471275,0.029994473747201,0.7447099179454721,0.8574953014052995,0.1320313404678781,0.1677385379068109,2000,0.2489474197726441,301,1065.597619047619,Relatively higher,True,All country-SDG units,5.9,normal,38.9961316230407,1.347263291408875
NSF,S15,330.7,0.0661399999999999,0.1359736608287503,-0.516983154247743,0.0980243927023485,0.0125344767950353,-0.6097493641066501,-0.4206573963459273,0.0713046852913416,0.1267944612567734,2000,0.2139941250161994,197,330.70000000000005,Relatively lower,True,All country-SDG units,5.9,normal,26.77413375652472,1.2563847250421185
NSF,S16,72.83333333333334,0.0145666666666666,0.0880479940580053,-1.5954419045968122,0.1178489702517162,0.1193755584155657,-1.7642940369765707,-1.4252444233242914,0.0618043464367604,0.1760854064627881,2000,0.3466819221967961,87,72.83333333333337,Relatively lower,True,All country-SDG units,6.6,bold,101.56289089089606,1.6013729977116695
NSF,S17,71.78333333333333,0.0143566666666666,0.1148876015877635,-1.8760355277215013,0.1502205711632226,0.1650576068491371,-2.051735971895748,-1.7059908054607589,0.0916007389514968,0.2228274762327908,2000,0.3788406470087454,88,71.78333333333333,Relatively lower,True,All country-SDG units,7.3,bold,133.540324794396,1.684985682222738
NSFC,S02,210.4166666666668,0.037940257242457,0.0431969429617096,0.5487361394643684,0.3112871287128712,0.0095243219396682,0.428972195474036,0.6702119777350005,0.2557358511040249,0.3670414390488706,2000,0.6423762376237623,54,210.4166666666667,Relatively higher,True,All country-SDG units,5.2,normal,24.66702535776781,2.370178217821782
NSFC,S03,247.08333333333348,0.0445516288015386,0.0600027318547272,0.380751745059892,0.2957841483979762,0.0045855427306714,0.2662413742617084,0.4948773898098608,0.2505365049423516,0.3445865136831367,2000,0.7244519392917368,46,247.08333333333337,Near alignment,True,All country-SDG units,5.2,normal,21.209879911470036,2.5835750421585155
NSFC,S06,684.8333333333339,0.1234823897103018,0.0672938952315983,1.2855221524159268,0.3498418106595277,0.0522716332073183,1.2033397959550334,1.3752059505689944,0.3173768542994988,0.3826920736152333,2000,0.6366512533463128,83,684.8333333333335,Relatively higher,True,All country-SDG units,6.6,bold,54.590143245122846,2.355293258700413
NSFC,S07,196.9166666666668,0.0355060704411588,0.0932528479654356,-0.2871177963291531,0.5112145577655518,0.0026075170927769,-0.4127520121506828,-0.1559603087453903,0.4481675331358832,0.5743211888417069,2000,0.6703343207786712,49,196.91666666666669,Near alignment,True,All country-SDG units,5.2,normal,19.82526196494384,2.442869234024545
NSFC,S09,294.3333333333333,0.0530712826060824,0.0725550893828045,0.3657829605756384,0.5416194790486977,0.0042320801223826,0.2590703625080894,0.4818849508086558,0.489291776146968,0.5899636435284401,2000,0.6656285390713478,55,294.3333333333333,Near alignment,True,All country-SDG units,5.2,normal,20.962456085667853,2.4306342015855043
NSFC,S10,69.08333333333333,0.0124564250510878,0.1113516764108911,-1.511963768058028,0.1544028950542822,0.0723085592035402,-1.695843383211678,-1.3360171103139469,0.0848476557642084,0.2302205266665527,2000,0.7117008443908324,31,69.08333333333333,Relatively lower,True,All country-SDG units,6.6,bold,68.61599144247818,2.5504221954161643
NSFC,S11,1936.499999999998,0.3491705733862238,0.0871369653093776,2.0665724798461533,0.3600137705482404,0.1350853409337379,2.006657714932409,2.1421452071862777,0.3405946376752218,0.3799400118679368,2000,0.6954126861175661,86,1936.5,Relatively higher,True,All country-SDG units,6.6,bold,112.55973865361652,2.508072983905672
NSFC,S12,219.41666666666683,0.0395630484433225,0.0717178926694532,0.083648419662897,0.3577668059248002,0.0002213208964832,-0.0306352133078939,0.2028873995215834,0.3037720357146796,0.4117024124815653,2000,0.6517280668439045,57,219.41666666666663,Near alignment,True,All country-SDG units,5.2,normal,18.15492462753826,2.394492973794152
NSFC,S13,700.583333333334,0.1263222743118164,0.0364050095605188,1.9226231063989017,0.1811585583442367,0.1169217359419112,1.8460831191540727,2.00813232811786,0.158546470691315,0.2048529772218555,2000,0.6927560366361366,80,700.5833333333333,Relatively higher,True,All country-SDG units,6.6,bold,99.84521515933784,2.501165695253955
NSFC,S15,945.2500000000005,0.1704381536242337,0.1245898818728758,0.9918382201013564,0.136559992947192,0.0311163479452728,0.9189440154710314,1.0778035959789158,0.1166983358728034,0.1557945766531517,2000,0.5975491492550472,87,945.25,Relatively higher,True,All country-SDG units,5.9,normal,39.781443561691006,2.253627788063123
NSFC,S16,32.0,0.0057699242697439,0.105570318328033,-2.228225177010181,0.3645833333333333,0.1570453544225188,-2.531849582131806,-1.968051237683376,0.2166238317757009,0.5126736305589784,2000,0.7395833333333334,23,32.0,Relatively lower,True,All country-SDG units,7.3,bold,127.93174809576318,2.622916666666667
NSFC,S17,9.583333333333334,0.0017279721120326,0.1269267484525748,-3.618168482127774,0.2869565217391304,0.4140802455637181,-4.153205075293367,-3.209060467564328,0.068169002050581,0.5425607902735563,2000,0.8956521739130434,12,9.583333333333332,Relatively lower,True,All country-SDG units,7.3,bold,307.85617189460265,3.028695652173913
