agency,omitted_sdg,task,full_delta_pp,reclosed_delta_pp,difference_pp
NSF,S02,K01,-1.7783399880818869,-2.0331504421388895,-0.25481045405700264
NSF,S02,K02,4.381338054912925,4.835772883274725,0.4544348283617996
NSF,S02,K03,-2.4028367161076716,-2.727249839537993,-0.32441312343032136
NSF,S02,K04,-5.412229862529422,-5.58609037990645,-0.1738605173770278
NSF,S02,K05,4.72738739936586,4.975580226411306,0.24819282704544587
NSF,S02,K06,0.48468111244015444,0.5351375518972837,0.0504564394571293
NSF,S03,K01,-1.7783399880818869,-1.7790542913871303,-0.0007143033052434689
NSF,S03,K02,4.381338054912925,4.588721333673979,0.20738327876105345
NSF,S03,K03,-2.4028367161076716,-2.4897891736910887,-0.08695245758341708
NSF,S03,K04,-5.412229862529422,-5.652020086196743,-0.23979022366732128
NSF,S03,K05,4.72738739936586,4.833099486766958,0.10571208740109839
NSF,S03,K06,0.48468111244015444,0.4990427308340215,0.01436161839386707
NSF,S06,K01,-1.7783399880818869,-2.1004920200675183,-0.32215203198563147
NSF,S06,K02,4.381338054912925,4.515494591036129,0.13415653612320355
NSF,S06,K03,-2.4028367161076716,-2.8532416337165563,-0.4504049176088847
NSF,S06,K04,-5.412229862529422,-4.77112522587593,0.641104636653492
NSF,S06,K05,4.72738739936586,4.740564329648492,0.013176930282631893
NSF,S06,K06,0.48468111244015444,0.4687999589753751,-0.015881153464779363
NSF,S07,K01,-1.7783399880818869,-2.2743952704101873,-0.49605528232830043
NSF,S07,K02,4.381338054912925,4.152511297917593,-0.22882675699533195
NSF,S07,K03,-2.4028367161076716,-2.7454938388878176,-0.34265712278014604
NSF,S07,K04,-5.412229862529422,-4.715146780604237,0.697083081925185
NSF,S07,K05,4.72738739936586,5.065030516046651,0.33764311668079117
NSF,S07,K06,0.48468111244015444,0.5174940759379785,0.03281296349782403
NSF,S09,K01,-1.7783399880818869,-1.8907586364965838,-0.11241864841469695
NSF,S09,K02,4.381338054912925,3.021678307851028,-1.3596597470618974
NSF,S09,K03,-2.4028367161076716,-2.3919513609084757,0.010885355199195867
NSF,S09,K04,-5.412229862529422,-4.229289236454573,1.1829406260748492
NSF,S09,K05,4.72738739936586,5.052890792862233,0.3255033934963736
NSF,S09,K06,0.48468111244015444,0.43743013314637336,-0.04725097929378108
NSF,S10,K01,-1.7783399880818869,-1.8370720116852564,-0.05873202360336949
NSF,S10,K02,4.381338054912925,2.6188317328519615,-1.7625063220609638
NSF,S10,K03,-2.4028367161076716,-1.9974488559173886,0.40538786019028294
NSF,S10,K04,-5.412229862529422,-4.08321949499676,1.3290103675326623
NSF,S10,K05,4.72738739936586,5.1667019501825004,0.4393145508166407
NSF,S10,K06,0.48468111244015444,0.13220667956494164,-0.3524744328752128
NSF,S11,K01,-1.7783399880818869,-0.9636984988723785,0.8146414892095084
NSF,S11,K02,4.381338054912925,4.158895250334149,-0.22244280457877608
NSF,S11,K03,-2.4028367161076716,-2.1781130362422574,0.2247236798654142
NSF,S11,K04,-5.412229862529422,-7.051912777808495,-1.6396829152790726
NSF,S11,K05,4.72738739936586,5.3706271954147455,0.6432397960488858
NSF,S11,K06,0.48468111244015444,0.6642018671742316,0.17952075473407714
NSF,S12,K01,-1.7783399880818869,-1.5118381539185044,0.26650183416338247
NSF,S12,K02,4.381338054912925,6.199238919364963,1.8179008644520378
NSF,S12,K03,-2.4028367161076716,-2.217195854302033,0.18564086180563866
NSF,S12,K04,-5.412229862529422,-8.407184429560106,-2.9949545670306836
NSF,S12,K05,4.72738739936586,5.3349144303879035,0.6075270310220438
NSF,S12,K06,0.48468111244015444,0.602065088027786,0.11738397558763158
NSF,S13,K01,-1.7783399880818869,-1.3054424681802708,0.4728975199016161
NSF,S13,K02,4.381338054912925,6.675482812967154,2.2941447580542285
NSF,S13,K03,-2.4028367161076716,-2.0418399154825186,0.36099680062515294
NSF,S13,K04,-5.412229862529422,-8.965418643806029,-3.5531887812766065
NSF,S13,K05,4.72738739936586,5.107889415071343,0.38050201570548303
NSF,S13,K06,0.48468111244015444,0.5293287994303392,0.04464768699018473
NSF,S15,K01,-1.7783399880818869,-1.8794085114230086,-0.10106852334112171
NSF,S15,K02,4.381338054912925,2.7993195734646035,-1.5820184814483218
NSF,S15,K03,-2.4028367161076716,-2.8605661057187497,-0.4577293896110781
NSF,S15,K04,-5.412229862529422,-4.407629339387714,1.0046005231417077
NSF,S15,K05,4.72738739936586,5.788779248475148,1.0613918491092882
NSF,S15,K06,0.48468111244015444,0.5595051345897452,0.07482402214959072
NSF,S16,K01,-1.7783399880818869,-1.0846824785659237,0.6936575095159632
NSF,S16,K02,4.381338054912925,1.5670991312113858,-2.8142389237015397
NSF,S16,K03,-2.4028367161076716,-1.965306464080474,0.43753025202719753
NSF,S16,K04,-5.412229862529422,-3.9346731317976893,1.4775567307317328
NSF,S16,K05,4.72738739936586,4.957734435981978,0.23034703661611822
NSF,S16,K06,0.48468111244015444,0.4598285072507629,-0.02485260518939153
NSF,S17,K01,-1.7783399880818869,-2.382446384036099,-0.6041063959542123
NSF,S17,K02,4.381338054912925,7.516520176168218,3.1351821212552924
NSF,S17,K03,-2.4028367161076716,-2.1216839041562823,0.2811528119513893
NSF,S17,K04,-5.412229862529422,-3.623996155894227,1.7882337066351952
NSF,S17,K05,4.72738739936586,0.208012718434325,-4.519374680931534
NSF,S17,K06,0.48468111244015444,0.40359354948405496,-0.08108756295609948
NSFC,S02,K01,-4.996536856413894,-5.265341829704203,-0.26880497329030906
NSFC,S02,K02,1.3737398283019342,1.4473380643247158,0.0735982360227816
NSFC,S02,K03,-3.063655065518456,-3.2268414481858008,-0.16318638266734498
NSFC,S02,K04,0.5940094974087845,0.6451499417529066,0.05114044434412213
NSFC,S02,K05,6.045698223609229,6.352852114384208,0.30715389077497957
NSFC,S02,K06,0.04674437261235078,0.0468431574281644,9.878481581362258e-05
NSFC,S03,K01,-4.996536856413894,-5.344857394318775,-0.3483205379048808
NSFC,S03,K02,1.3737398283019342,1.4921986869331993,0.11845885863126515
NSFC,S03,K03,-3.063655065518456,-3.3530320654618304,-0.2893769999433746
NSFC,S03,K04,0.5940094974087845,0.6410787076403468,0.0470692102315623
NSFC,S03,K05,6.045698223609229,6.520284428633477,0.47458620502424864
NSFC,S03,K06,0.04674437261235078,0.04432763657358507,-0.0024167360387657086
NSFC,S06,K01,-4.996536856413894,-5.265124299118246,-0.26858744270435153
NSFC,S06,K02,1.3737398283019342,1.833634788416938,0.45989496011500375
NSFC,S06,K03,-3.063655065518456,-3.5744810192532186,-0.5108259537347628
NSFC,S06,K04,0.5940094974087845,0.8189029937325759,0.2248934963237914
NSFC,S06,K05,6.045698223609229,6.151699862290835,0.10600163868160628
NSFC,S06,K06,0.04674437261235078,0.03536767393110826,-0.011376698681242518
NSFC,S07,K01,-4.996536856413894,-4.795697001118163,0.20083985529573134
NSFC,S07,K02,1.3737398283019342,3.458204013066557,2.084464184764623
NSFC,S07,K03,-3.063655065518456,-3.0859354583225027,-0.022280392804046922
NSFC,S07,K04,0.5940094974087845,-2.135259388460706,-2.7292688858694905
NSFC,S07,K05,6.045698223609229,6.48332432000889,0.43762609639966144
NSFC,S07,K06,0.04674437261235078,0.07536351482592962,0.028619142213578842
NSFC,S09,K01,-4.996536856413894,-5.224579080548686,-0.22804222413479192
NSFC,S09,K02,1.3737398283019342,1.8453938395109115,0.4716540112089773
NSFC,S09,K03,-3.063655065518456,-3.3324183699847536,-0.2687633044662978
NSFC,S09,K04,0.5940094974087845,0.09004880400078075,-0.5039606934080038
NSFC,S09,K05,6.045698223609229,6.566921806271614,0.521223582662385
NSFC,S09,K06,0.04674437261235078,0.054633000750132575,0.007888628137781795
NSFC,S10,K01,-4.996536856413894,-4.722822486483594,0.2737143699303006
NSFC,S10,K02,1.3737398283019342,-1.2269677195504203,-2.6007075478523545
NSFC,S10,K03,-3.063655065518456,-2.4075605005392795,0.6560945649791763
NSFC,S10,K04,0.5940094974087845,2.3343423101875342,1.7403328127787496
NSFC,S10,K05,6.045698223609229,6.092891367293851,0.04719314368462246
NSFC,S10,K06,0.04674437261235078,-0.06988297090809387,-0.11662734352044465
NSFC,S11,K01,-4.996536856413894,-5.305320455517718,-0.30878359910382347
NSFC,S11,K02,1.3737398283019342,-1.6297143808199743,-3.0034542091219087
NSFC,S11,K03,-3.063655065518456,-2.9864513753617317,0.07720369015672413
NSFC,S11,K04,0.5940094974087845,0.8548536490306735,0.260844151621889
NSFC,S11,K05,6.045698223609229,9.02264022604843,2.976942002439202
NSFC,S11,K06,0.04674437261235078,0.04399233662031477,-0.002752035992036009
NSFC,S12,K01,-4.996536856413894,-5.246112543510314,-0.24957568709641986
NSFC,S12,K02,1.3737398283019342,1.4717254986961803,0.0979856703942461
NSFC,S12,K03,-3.063655065518456,-3.1841044377713303,-0.12044937225287455
NSFC,S12,K04,0.5940094974087845,0.43894429620436326,-0.15506520120442124
NSFC,S12,K05,6.045698223609229,6.48905969367953,0.44336147007030124
NSFC,S12,K06,0.04674437261235078,0.030487492701555645,-0.016256879910795136
NSFC,S13,K01,-4.996536856413894,-5.065122149591344,-0.06858529317744999
NSFC,S13,K02,1.3737398283019342,1.983534481746796,0.6097946534448617
NSFC,S13,K03,-3.063655065518456,-2.6139974770457166,0.4496575884727392
NSFC,S13,K04,0.5940094974087845,-0.36769440497238515,-0.9617039023811697
NSFC,S13,K05,6.045698223609229,6.020254111053058,-0.02544411255617085
NSFC,S13,K06,0.04674437261235078,0.04302543880955649,-0.00371893380279429
NSFC,S15,K01,-4.996536856413894,-5.5797482237996325,-0.5832113673857382
NSFC,S15,K02,1.3737398283019342,2.618099273372254,1.24435944507032
NSFC,S15,K03,-3.063655065518456,-3.6643326812201322,-0.6006776157016764
NSFC,S15,K04,0.5940094974087845,-0.028831248750027516,-0.622840746158812
NSFC,S15,K05,6.045698223609229,6.600806390074107,0.555108166464878
NSFC,S15,K06,0.04674437261235078,0.05400649032341002,0.007262117711059238
NSFC,S16,K01,-4.996536856413894,-3.431175169472062,1.5653616869418325
NSFC,S16,K02,1.3737398283019342,-0.77126590925643,-2.145005737558364
NSFC,S16,K03,-3.063655065518456,-2.0917250724755005,0.9719299930429552
NSFC,S16,K04,0.5940094974087845,2.0536845718242325,1.4596750744154479
NSFC,S16,K05,6.045698223609229,4.147748428839755,-1.897949794769474
NSFC,S16,K06,0.04674437261235078,0.09273315054000227,0.045988777927651485
NSFC,S17,K01,-4.996536856413894,-4.463385974111167,0.5331508823027269
NSFC,S17,K02,1.3737398283019342,3.176379794630435,1.8026399663285009
NSFC,S17,K03,-3.063655065518456,-3.051270644552284,0.01238442096617165
NSFC,S17,K04,0.5940094974087845,1.6587575251030051,1.0647480276942205
NSFC,S17,K05,6.045698223609229,2.5741767744466544,-3.4715214491625743
NSFC,S17,K06,0.04674437261235078,0.10534252448335278,0.058598151871002
