agency,sdg,supply_share,challenge_share,challenge_supply_ratio,family_count,fractional_support,effective_family_n
NSF,S02,0.031103333333333323,0.0768913922329981,2.4721270678276106,271,155.51666666666665,225.1803562330437
NSF,S03,0.045299999999999986,0.0363033109816837,0.8013975934146514,397,226.5,346.6368243243243
NSF,S06,0.14042,0.0460755108759583,0.3281264127329319,991,702.0999999999999,856.7226499023357
NSF,S07,0.1047333333333333,0.0815510146277207,0.7786538634091731,680,523.6666666666667,601.6420557387241
NSF,S09,0.08143857142857144,0.0134095427915524,0.16465837448184747,684,407.1928571428571,580.9729571964765
NSF,S10,0.01940333333333333,0.1396346690557235,7.196426853928372,192,97.01666666666667,165.5245839175016
NSF,S11,0.21756523809523806,0.0342314879559441,0.15733895844592344,1616,1087.8261904761903,1394.1663585178756
NSF,S12,0.05185333333333332,0.1155656803638798,2.228703015502954,398,259.26666666666665,341.27101802048276
NSF,S13,0.21311952380952376,0.1174281346400197,0.5509966076358703,1562,1065.597619047619,1343.2951659892367
NSF,S15,0.06613999999999999,0.1359736608287503,2.05584609659435,447,330.69999999999993,392.9018725724618
NSF,S16,0.014566666666666665,0.0880479940580053,6.044484717940867,128,72.83333333333333,108.752277904328
NSF,S17,0.014356666666666663,0.1148876015877635,8.002386922760403,132,71.78333333333333,107.9010987732595
NSFC,S02,0.037940257242457025,0.0431969429617096,1.1385516625693852,313,210.41666666666666,270.6007809515725
NSFC,S03,0.044551628801538644,0.0600027318547272,1.3468134267776746,390,247.08333333333331,339.2330696507814
NSFC,S06,0.1234823897103017,0.0672938952315983,0.5449675487288064,897,684.8333333333333,799.0478466635116
NSFC,S07,0.03550607044115879,0.0932528479654356,2.6263916791348585,269,196.91666666666666,234.95766884073214
NSFC,S09,0.053071282606082466,0.0725550893828045,1.3671252289366944,404,294.3333333333333,357.02089176349375
NSFC,S10,0.012456425051087875,0.1113516764108911,8.939296463808953,121,69.08333333333333,107.43176488979208
NSFC,S11,0.34917057338622437,0.0871369653093776,0.24955414903475762,2415,1936.5,2197.660098161307
NSFC,S12,0.039563048443322514,0.0717178926694532,1.8127494086355678,341,219.41666666666666,295.2216071200443
NSFC,S13,0.1263222743118163,0.0364050095605188,0.2881915304236526,1061,700.5833333333333,926.494710624631
NSFC,S15,0.1704381536242337,0.1245898818728758,0.7309976036677801,1152,945.25,1056.0656718623034
NSFC,S16,0.005769924269743961,0.105570318328033,18.296655795227217,49,31.999999999999996,42.96503496503496
NSFC,S17,0.0017279721120326962,0.1269267484525748,73.45416489578919,18,9.583333333333332,15.28901734104046
