agency,domain_code,domain_label_en,domain_label_zh,sdg_code,sdg_number,joint_fractional_project_count,joint_fractional_project_share_pct,joint_project_count_raw
NSF,D01,Urban safety and resilience,城市安全与韧性,S02,2,16.172222222222224,0.2605481266670247,63
NSF,D01,Urban safety and resilience,城市安全与韧性,S03,3,9.847222222222221,0.15864704724057063,55
NSF,D01,Urban safety and resilience,城市安全与韧性,S06,6,38.69166666666666,0.6233553514848826,168
NSF,D01,Urban safety and resilience,城市安全与韧性,S07,7,18.672222222222224,0.3008252331596942,73
NSF,D01,Urban safety and resilience,城市安全与韧性,S09,9,314.48333333333335,5.066591482734546,585
NSF,D01,Urban safety and resilience,城市安全与韧性,S10,10,8.375,0.13492830675044304,45
NSF,D01,Urban safety and resilience,城市安全与韧性,S11,11,783.5527777777778,12.623695469273045,1352
NSF,D01,Urban safety and resilience,城市安全与韧性,S12,12,6.038888888888889,0.09729158835007069,22
NSF,D01,Urban safety and resilience,城市安全与韧性,S13,13,920.8916666666667,14.836340690618105,1505
NSF,D01,Urban safety and resilience,城市安全与韧性,S15,15,17.388888888888886,0.2801496518267904,73
NSF,D01,Urban safety and resilience,城市安全与韧性,S16,16,5.388888888888888,0.08681954066197661,25
NSF,D01,Urban safety and resilience,城市安全与韧性,S17,17,16.413888888888888,0.2644415802946493,64
NSF,D02,Environmental quality and ecological protection,环境质量与生态保护,S02,2,40.42222222222222,0.6512360596459192,136
NSF,D02,Environmental quality and ecological protection,环境质量与生态保护,S03,3,83.80555555555554,1.3501781143153793,265
NSF,D02,Environmental quality and ecological protection,环境质量与生态保护,S06,6,726.6888888888889,11.707570305926987,1162
NSF,D02,Environmental quality and ecological protection,环境质量与生态保护,S07,7,14.563888888888888,0.23463652149007383,71
NSF,D02,Environmental quality and ecological protection,环境质量与生态保护,S09,9,24.958333333333336,0.4020997798184845,79
NSF,D02,Environmental quality and ecological protection,环境质量与生态保护,S10,10,4.166666666666666,0.06712851082111596,25
NSF,D02,Environmental quality and ecological protection,环境质量与生态保护,S11,11,166.13333333333333,2.676547983459538,339
NSF,D02,Environmental quality and ecological protection,环境质量与生态保护,S12,12,48.59166666666667,0.7828526931958538,141
NSF,D02,Environmental quality and ecological protection,环境质量与生态保护,S13,13,308.20000000000005,4.965361688416303,548
NSF,D02,Environmental quality and ecological protection,环境质量与生态保护,S15,15,402.30277777777775,6.481436729140934,562
NSF,D02,Environmental quality and ecological protection,环境质量与生态保护,S16,16,7.805555555555555,0.12575407693822385,35
NSF,D02,Environmental quality and ecological protection,环境质量与生态保护,S17,17,12.61111111111111,0.2031756260852442,50
NSF,D03,Basic services and spatial development,基础服务与空间发展,S02,2,100.87777777777778,1.6252259993197657,226
NSF,D03,Basic services and spatial development,基础服务与空间发展,S03,3,34.541666666666664,0.5564953547070511,77
NSF,D03,Basic services and spatial development,基础服务与空间发展,S06,6,12.102777777777778,0.19498594776506803,70
NSF,D03,Basic services and spatial development,基础服务与空间发展,S07,7,6.669444444444444,0.10745036965433287,45
NSF,D03,Basic services and spatial development,基础服务与空间发展,S09,9,19.573611111111113,0.31534736766732885,65
NSF,D03,Basic services and spatial development,基础服务与空间发展,S10,10,12.624999999999998,0.20339938778798128,49
NSF,D03,Basic services and spatial development,基础服务与空间发展,S11,11,218.7625,3.524448203641048,362
NSF,D03,Basic services and spatial development,基础服务与空间发展,S12,12,6.827777777777778,0.1100012530655353,30
NSF,D03,Basic services and spatial development,基础服务与空间发展,S13,13,19.84583333333333,0.31973309704097524,82
NSF,D03,Basic services and spatial development,基础服务与空间发展,S15,15,5.465277777777778,0.08805023002703041,19
NSF,D03,Basic services and spatial development,基础服务与空间发展,S16,16,1.4444444444444444,0.023271217084653528,7
NSF,D03,Basic services and spatial development,基础服务与空间发展,S17,17,3.5138888888888884,0.05661171079247446,22
NSF,D04,Low-carbon transition and resource circularity,低碳转型与资源循环,S02,2,6.488888888888889,0.1045414675187512,44
NSF,D04,Low-carbon transition and resource circularity,低碳转型与资源循环,S03,3,3.1527777777777777,0.05079390652131108,17
NSF,D04,Low-carbon transition and resource circularity,低碳转型与资源循环,S06,6,23.16111111111111,0.37314501548430973,116
NSF,D04,Low-carbon transition and resource circularity,低碳转型与资源循环,S07,7,545.2944444444445,8.785152963499991,751
NSF,D04,Low-carbon transition and resource circularity,低碳转型与资源循环,S09,9,135.0875,2.1763734493313995,279
NSF,D04,Low-carbon transition and resource circularity,低碳转型与资源循环,S10,10,5.138888888888889,0.08279183001270968,28
NSF,D04,Low-carbon transition and resource circularity,低碳转型与资源循环,S11,11,49.515277777777776,0.797732846427868,142
NSF,D04,Low-carbon transition and resource circularity,低碳转型与资源循环,S12,12,191.45277777777778,3.084465567549184,324
NSF,D04,Low-carbon transition and resource circularity,低碳转型与资源循环,S13,13,62.37083333333333,1.0048466784812846,132
NSF,D04,Low-carbon transition and resource circularity,低碳转型与资源循环,S15,15,1.2430555555555554,0.02002667239496626,8
NSF,D04,Low-carbon transition and resource circularity,低碳转型与资源循环,S16,16,2.2777777777777777,0.03669691924887671,10
NSF,D04,Low-carbon transition and resource circularity,低碳转型与资源循环,S17,17,8.733333333333333,0.140701358681059,32
NSF,D05,"Health, well-being and social equity",健康福祉与社会公平,S02,2,8.055555555555557,0.12978178758749082,32
NSF,D05,"Health, well-being and social equity",健康福祉与社会公平,S03,3,132.0138888888889,2.1268549845156914,331
NSF,D05,"Health, well-being and social equity",健康福祉与社会公平,S06,6,43.80833333333334,0.7057891627732131,178
NSF,D05,"Health, well-being and social equity",健康福祉与社会公平,S07,7,10.333333333333334,0.1664787068363675,41
NSF,D05,"Health, well-being and social equity",健康福祉与社会公平,S09,9,9.698611111111111,0.15625279702128422,54
NSF,D05,"Health, well-being and social equity",健康福祉与社会公平,S10,10,64.19166666666666,1.0341818377101124,196
NSF,D05,"Health, well-being and social equity",健康福祉与社会公平,S11,11,73.73194444444445,1.1878837513201939,261
NSF,D05,"Health, well-being and social equity",健康福祉与社会公平,S12,12,24.65,0.397132270017722,63
NSF,D05,"Health, well-being and social equity",健康福祉与社会公平,S13,13,34.69583333333333,0.5589791096074325,136
NSF,D05,"Health, well-being and social equity",健康福祉与社会公平,S15,15,6.656944444444445,0.10724898412186959,21
NSF,D05,"Health, well-being and social equity",健康福祉与社会公平,S16,16,14.291666666666666,0.23025079211642765,47
NSF,D05,"Health, well-being and social equity",健康福祉与社会公平,S17,17,5.205555555555556,0.08386588618584753,20
NSF,D06,Governance capacity and regional coordination,治理能力与区域协同,S02,2,8.416666666666666,0.13559959185865417,36
NSF,D06,Governance capacity and regional coordination,治理能力与区域协同,S03,3,2.7222222222222223,0.043857293736462424,12
NSF,D06,Governance capacity and regional coordination,治理能力与区域协同,S06,6,19.763888888888886,0.31841290299482666,71
NSF,D06,Governance capacity and regional coordination,治理能力与区域协同,S07,7,6.583333333333333,0.1060630470973632,25
NSF,D06,Governance capacity and regional coordination,治理能力与区域协同,S09,9,20.198611111111113,0.3254166442904964,49
NSF,D06,Governance capacity and regional coordination,治理能力与区域协同,S10,10,9.469444444444445,0.15256072892612277,36
NSF,D06,Governance capacity and regional coordination,治理能力与区域协同,S11,11,83.18749999999999,1.3402207185435806,207
NSF,D06,Governance capacity and regional coordination,治理能力与区域协同,S12,12,12.122222222222222,0.19529921414889997,29
NSF,D06,Governance capacity and regional coordination,治理能力与区域协同,S13,13,44.62916666666666,0.719013479404973,142
NSF,D06,Governance capacity and regional coordination,治理能力与区域协同,S15,15,12.309722222222222,0.1983199971358502,42
NSF,D06,Governance capacity and regional coordination,治理能力与区域协同,S16,16,49.625,0.7995005638794908,124
NSF,D06,Governance capacity and regional coordination,治理能力与区域协同,S17,17,38.30555555555555,0.6171347761487924,91
NSFC,D01,Urban safety and resilience,城市安全与韧性,S02,2,38.30555555555556,0.6906879833313299,81
NSFC,D01,Urban safety and resilience,城市安全与韧性,S03,3,3.916666666666667,0.07062146892655367,17
NSFC,D01,Urban safety and resilience,城市安全与韧性,S06,6,20.125,0.3628741435268662,78
NSFC,D01,Urban safety and resilience,城市安全与韧性,S07,7,7.333333333333333,0.1322274311816324,18
NSFC,D01,Urban safety and resilience,城市安全与韧性,S09,9,178.81944444444446,3.2242957887566615,241
NSFC,D01,Urban safety and resilience,城市安全与韧性,S10,10,0.125,0.0022538766678687344,1
NSFC,D01,Urban safety and resilience,城市安全与韧性,S11,11,531.4722222222223,9.582982730296107,745
NSFC,D01,Urban safety and resilience,城市安全与韧性,S12,12,3.5,0.06310854670032456,8
NSFC,D01,Urban safety and resilience,城市安全与韧性,S13,13,365.8611111111111,6.596846576110912,576
NSFC,D01,Urban safety and resilience,城市安全与韧性,S15,15,19.375,0.34935088351965377,56
NSFC,D01,Urban safety and resilience,城市安全与韧性,S16,16,2.1666666666666665,0.03906719557639139,7
NSFC,D01,Urban safety and resilience,城市安全与韧性,S17,17,0.0,0.0,0
NSFC,D02,Environmental quality and ecological protection,环境质量与生态保护,S02,2,40.06944444444444,0.7224926874223664,96
NSFC,D02,Environmental quality and ecological protection,环境质量与生态保护,S03,3,39.18055555555555,0.706465120006411,137
NSFC,D02,Environmental quality and ecological protection,环境质量与生态保护,S06,6,626.6944444444445,11.299935889730337,881
NSFC,D02,Environmental quality and ecological protection,环境质量与生态保护,S07,7,6.833333333333334,0.12321192451015744,28
NSFC,D02,Environmental quality and ecological protection,环境质量与生态保护,S09,9,11.944444444444443,0.2153704371519013,27
NSFC,D02,Environmental quality and ecological protection,环境质量与生态保护,S10,10,1.5,0.027046520014424813,7
NSFC,D02,Environmental quality and ecological protection,环境质量与生态保护,S11,11,367.66666666666663,6.629402572424567,599
NSFC,D02,Environmental quality and ecological protection,环境质量与生态保护,S12,12,48.09722222222222,0.867241655647714,109
NSFC,D02,Environmental quality and ecological protection,环境质量与生态保护,S13,13,179.40277777777777,3.2348138798733834,360
NSFC,D02,Environmental quality and ecological protection,环境质量与生态保护,S15,15,883.9722222222222,15.938914933685938,1119
NSFC,D02,Environmental quality and ecological protection,环境质量与生态保护,S16,16,1.9166666666666665,0.03455944224065393,7
NSFC,D02,Environmental quality and ecological protection,环境质量与生态保护,S17,17,0.8888888888888888,0.01602756741595544,6
NSFC,D03,Basic services and spatial development,基础服务与空间发展,S02,2,106.88888888888889,1.9273149817686428,172
NSFC,D03,Basic services and spatial development,基础服务与空间发展,S03,3,51.19444444444444,0.9230877108626838,78
NSFC,D03,Basic services and spatial development,基础服务与空间发展,S06,6,4.763888888888889,0.08589774411988622,23
NSFC,D03,Basic services and spatial development,基础服务与空间发展,S07,7,4.361111111111111,0.0786352526345314,16
NSFC,D03,Basic services and spatial development,基础服务与空间发展,S09,9,15.708333333333332,0.2832371679288376,29
NSFC,D03,Basic services and spatial development,基础服务与空间发展,S10,10,8.319444444444443,0.15000801378370798,37
NSFC,D03,Basic services and spatial development,基础服务与空间发展,S11,11,378.5138888888889,6.8249889810474045,509
NSFC,D03,Basic services and spatial development,基础服务与空间发展,S12,12,5.583333333333334,0.10067315783147013,14
NSFC,D03,Basic services and spatial development,基础服务与空间发展,S13,13,16.305555555555557,0.2940056897864326,51
NSFC,D03,Basic services and spatial development,基础服务与空间发展,S15,15,3.583333333333333,0.06461113114557038,14
NSFC,D03,Basic services and spatial development,基础服务与空间发展,S16,16,1.6944444444444444,0.030552550386665062,8
NSFC,D03,Basic services and spatial development,基础服务与空间发展,S17,17,0.5833333333333334,0.01051809111672076,2
NSFC,D04,Low-carbon transition and resource circularity,低碳转型与资源循环,S02,2,5.083333333333333,0.09165765115999519,16
NSFC,D04,Low-carbon transition and resource circularity,低碳转型与资源循环,S03,3,2.388888888888889,0.04307408743038025,15
NSFC,D04,Low-carbon transition and resource circularity,低碳转型与资源循环,S06,6,13.569444444444445,0.2446708338341948,51
NSFC,D04,Low-carbon transition and resource circularity,低碳转型与资源循环,S07,7,171.66666666666669,3.095323957206394,248
NSFC,D04,Low-carbon transition and resource circularity,低碳转型与资源循环,S09,9,62.222222222222214,1.121929719116881,109
NSFC,D04,Low-carbon transition and resource circularity,低碳转型与资源循环,S10,10,0.2777777777777778,0.005008614817486076,2
NSFC,D04,Low-carbon transition and resource circularity,低碳转型与资源循环,S11,11,82.88888888888889,1.4945706615378456,196
NSFC,D04,Low-carbon transition and resource circularity,低碳转型与资源循环,S12,12,126.72222222222221,2.2849300797371486,218
NSFC,D04,Low-carbon transition and resource circularity,低碳转型与资源循环,S13,13,113.93055555555554,2.054283367391914,221
NSFC,D04,Low-carbon transition and resource circularity,低碳转型与资源循环,S15,15,1.9444444444444444,0.03506030372240253,6
NSFC,D04,Low-carbon transition and resource circularity,低碳转型与资源循环,S16,16,0.16666666666666666,0.0030051688904916456,1
NSFC,D04,Low-carbon transition and resource circularity,低碳转型与资源循环,S17,17,1.8055555555555554,0.0325559963136595,9
NSFC,D05,"Health, well-being and social equity",健康福祉与社会公平,S02,2,6.847222222222221,0.12346235525103177,18
NSFC,D05,"Health, well-being and social equity",健康福祉与社会公平,S03,3,146.31944444444443,2.638287855110791,302
NSFC,D05,"Health, well-being and social equity",健康福祉与社会公平,S06,6,10.902777777777779,0.19658813158632843,45
NSFC,D05,"Health, well-being and social equity",健康福祉与社会公平,S07,7,3.25,0.05860079336458708,10
NSFC,D05,"Health, well-being and social equity",健康福祉与社会公平,S09,9,1.25,0.022538766678687344,3
NSFC,D05,"Health, well-being and social equity",健康福祉与社会公平,S10,10,49.94444444444444,0.9005489441839962,118
NSFC,D05,"Health, well-being and social equity",健康福祉与社会公平,S11,11,105.25,1.8977641543454753,275
NSFC,D05,"Health, well-being and social equity",健康福祉与社会公平,S12,12,19.125,0.3448431301839164,48
NSFC,D05,"Health, well-being and social equity",健康福祉与社会公平,S13,13,8.805555555555555,0.1587730897143086,32
NSFC,D05,"Health, well-being and social equity",健康福祉与社会公平,S15,15,7.527777777777779,0.13573346155387264,23
NSFC,D05,"Health, well-being and social equity",健康福祉与社会公平,S16,16,0.2777777777777778,0.005008614817486076,2
NSFC,D05,"Health, well-being and social equity",健康福祉与社会公平,S17,17,0.0,0.0,0
NSFC,D06,Governance capacity and regional coordination,治理能力与区域协同,S02,2,13.222222222222223,0.2384100653123372,28
NSFC,D06,Governance capacity and regional coordination,治理能力与区域协同,S03,3,4.083333333333333,0.07362663781704532,17
NSFC,D06,Governance capacity and regional coordination,治理能力与区域协同,S06,6,8.777777777777779,0.15827222823255999,30
NSFC,D06,Governance capacity and regional coordination,治理能力与区域协同,S07,7,3.4722222222222223,0.06260768521857595,12
NSFC,D06,Governance capacity and regional coordination,治理能力与区域协同,S09,9,24.38888888888889,0.43975638097527747,43
NSFC,D06,Governance capacity and regional coordination,治理能力与区域协同,S10,10,8.916666666666666,0.16077653564130304,33
NSFC,D06,Governance capacity and regional coordination,治理能力与区域协同,S11,11,470.70833333333337,8.487348238971034,654
NSFC,D06,Governance capacity and regional coordination,治理能力与区域协同,S12,12,16.388888888888886,0.2955082742316784,41
NSFC,D06,Governance capacity and regional coordination,治理能力与区域协同,S13,13,16.277777777777775,0.293504828304684,45
NSFC,D06,Governance capacity and regional coordination,治理能力与区域协同,S15,15,28.84722222222222,0.5201446487959289,87
NSFC,D06,Governance capacity and regional coordination,治理能力与区域协同,S16,16,25.77777777777778,0.46479945506270787,47
NSFC,D06,Governance capacity and regional coordination,治理能力与区域协同,S17,17,6.305555555555555,0.11369555635693393,16
