Level,n_categories,Rank,Category_code,Category_label_en,Plot_label_en,NSF_share_pct,NSFC_share_pct,Difference_NSF_minus_NSFC_pp,JSD_contribution_share_pct,Signed_JSD_contribution_share_pct,Signed_CI_2.5%,Signed_CI_97.5%,Higher_share_in,Direction_stability,Bootstrap_top5_inclusion_probability,Top5_cumulative_JSD_contribution_pct,Bootstrap_resamples
SDG,12,1,S15,SDG 15  Life on land,Life on land,7.175232264647439,17.04381536242338,-9.868583097775941,27.33481776276231,-27.33481776276231,-32.03452021323274,-22.672578368513612,NSFC,1.0,1.0,91.11445048397047,2000
SDG,12,2,S07,SDG 7  Clean energy,Clean energy,9.70060684173782,3.5506070441158806,6.1499997976219385,19.585543930673794,19.585543930673794,15.271961146467309,23.881384995939577,NSF,1.0,1.0,91.11445048397047,2000
SDG,12,3,S11,SDG 11  Sustainable cities,Sustainable cities,22.150528972665295,34.917057338622406,-12.766528365957114,19.01487554898276,-19.01487554898276,-22.757248293125542,-15.223515441364741,NSFC,1.0,1.0,91.11445048397047,2000
SDG,12,4,S13,SDG 13  Climate action,Climate action,22.404274743569097,12.632227431181636,9.77204731238746,18.233979350068974,18.233979350068974,14.479552056034386,21.821342446980506,NSF,1.0,1.0,91.11445048397047,2000
SDG,12,5,S17,SDG 17  Partnerships,Partnerships,1.3659309381880667,0.17279721120326963,1.1931337269847968,6.945233891482632,6.945233891482632,4.703922932757637,9.296183077719187,NSF,1.0,0.894,91.11445048397047,2000
Target,121,1,11.3,"11.3  By 2030, enhance inclusive and sustainable urbanization and capacity for participatory, integrated and sustainable human settlement planning and management in all countries",11.3  Inclusive urbanization,1.4478277213898276,10.283859667199009,-8.836031945809182,20.049527750047467,-20.049527750047467,-22.14604108116773,-17.35565474484589,NSFC,1.0,1.0,49.59634311370892,2000
Target,121,2,13.1,13.1  Strengthen resilience and adaptive capacity to climate-related hazards and natural disasters in all countries,13.1  Climate resilience,18.16094731754475,8.001863204712102,10.15908411283265,10.833615468855934,10.833615468855934,8.8282009551366,12.665432700683226,NSF,1.0,1.0,49.59634311370892,2000
Target,121,3,7.2,"7.2  By 2030, increase substantially the share of renewable energy in the global energy mix",7.2  Renewable energy,4.99758337361044,1.162571050778768,3.835012322831673,6.879865164643989,6.879865164643989,5.14761168228541,8.429089150282513,NSF,1.0,0.9635,49.59634311370892,2000
Target,121,4,15.3,"15.3  By 2030, combat desertification, restore degraded land and soil, including land affected by desertification, drought and floods, and strive to achieve a land degradation-neutral world",15.3  Land degradation neutrality,0.3007357284785995,2.858516648635654,-2.5577809201570543,6.401000894212921,-6.401000894212921,-7.924034149096109,-4.812934612399698,NSFC,1.0,0.918,49.59634311370892,2000
Target,121,5,15.1,"15.1  By 2020, ensure the conservation, restoration and sustainable use of terrestrial and inland freshwater ecosystems and their services, in particular forests, wetlands, mountains and drylands, in line with obligations under international agreements",15.1  Terrestrial ecosystems,2.453412813490145,6.678086308450529,-4.224673494960383,5.432333835948612,-5.432333835948612,-6.937183618400509,-3.8816921831036804,NSFC,1.0,0.5215,49.59634311370892,2000
Urban-need domain,6,1,D01,D01  Urban safety and resilience,D01  Safety & resilience,34.733634069061786,21.114316624594302,13.619317444467486,35.06574468708937,35.06574468708937,29.06954389930938,40.65918797688999,NSF,1.0,1.0,99.87327291111555,2000
Urban-need domain,6,2,D06,D06  Governance capacity and regional coordination,D06  Governance & coordination,4.951398958165514,11.308450534920068,-6.357051576754555,26.6827565833779,-26.6827565833779,-32.91044133361462,-20.452311811647856,NSFC,1.0,1.0,99.87327291111555,2000
Urban-need domain,6,3,D02,D02  Environmental quality and ecological protection,D02  Environment & ecology,29.647978089254064,39.81548263012381,-10.167504540869748,15.610803613257108,-15.610803613257108,-19.685251656448923,-11.296241060630333,NSFC,1.0,1.0,99.87327291111555,2000
Urban-need domain,6,4,D04,D04  Low-carbon transition and resource circularity,D04  Low carbon & circularity,16.657268675151716,10.506070441158794,6.15119823399292,14.685930785986132,14.685930785986132,9.921060325823722,20.388301758937377,NSF,1.0,1.0,99.87327291111555,2000
Urban-need domain,6,5,D03,D03  Basic services and spatial development,D03  Services & spatial development,7.125020138553236,10.773530472412551,-3.6485103338593157,7.828037241405049,-7.828037241405049,-12.197160654758234,-4.38041711403078,NSFC,1.0,1.0,99.87327291111555,2000
