agency,sdg,metric,figure5e_value,formal_reference_value,absolute_difference
NSF,S02,clr_mismatch_vs_Figure4b,-0.7013746063159512,-0.7013746063159512,0.0
NSF,S03,clr_mismatch_vs_Figure4b,0.4251024185623753,0.4251024185623753,0.0
NSF,S06,clr_mismatch_vs_Figure4b,1.3180606749750214,1.3180606749750214,0.0
NSF,S07,clr_mismatch_vs_Figure4b,0.45389300117819475,0.4538930011781947,5.551115123125783e-17
NSF,S09,clr_mismatch_vs_Figure4b,2.007586743929279,2.007586743929279,0.0
NSF,S10,clr_mismatch_vs_Figure4b,-1.7698802977501316,-1.7698802977501316,0.0
NSF,S11,clr_mismatch_vs_Figure4b,2.0530571646708458,2.0530571646708458,0.0
NSF,S12,clr_mismatch_vs_Figure4b,-0.5977154740737598,-0.5977154740737598,0.0
NSF,S13,clr_mismatch_vs_Figure4b,0.7997309613901817,0.7997309613901817,0.0
NSF,S15,clr_mismatch_vs_Figure4b,-0.516983154247743,-0.516983154247743,0.0
NSF,S16,clr_mismatch_vs_Figure4b,-1.5954419045968122,-1.5954419045968122,0.0
NSF,S17,clr_mismatch_vs_Figure4b,-1.8760355277215015,-1.8760355277215013,2.220446049250313e-16
NSFC,S02,clr_mismatch_vs_Figure4b,0.5487361394643684,0.5487361394643684,0.0
NSFC,S03,clr_mismatch_vs_Figure4b,0.38075174505989207,0.380751745059892,5.551115123125783e-17
NSFC,S06,clr_mismatch_vs_Figure4b,1.2855221524159268,1.2855221524159268,0.0
NSFC,S07,clr_mismatch_vs_Figure4b,-0.28711779632915313,-0.2871177963291531,5.551115123125783e-17
NSFC,S09,clr_mismatch_vs_Figure4b,0.3657829605756384,0.3657829605756388,3.885780586188048e-16
NSFC,S10,clr_mismatch_vs_Figure4b,-1.511963768058028,-1.511963768058028,0.0
NSFC,S11,clr_mismatch_vs_Figure4b,2.0665724798461533,2.0665724798461533,0.0
NSFC,S12,clr_mismatch_vs_Figure4b,0.08364841966289704,0.083648419662897,4.163336342344337e-17
NSFC,S13,clr_mismatch_vs_Figure4b,1.9226231063989019,1.9226231063989017,2.220446049250313e-16
NSFC,S15,clr_mismatch_vs_Figure4b,0.9918382201013565,0.9918382201013564,1.1102230246251565e-16
NSFC,S16,clr_mismatch_vs_Figure4b,-2.228225177010181,-2.228225177010181,0.0
NSFC,S17,clr_mismatch_vs_Figure4b,-3.618168482127774,-3.618168482127774,0.0
NSF,S02,clr_ci_low_vs_Figure4b,-0.8351005445458437,-0.8351005445458437,0.0
NSF,S03,clr_ci_low_vs_Figure4b,0.3217825186871481,0.3217825186871481,0.0
NSF,S06,clr_ci_low_vs_Figure4b,1.2477554101358082,1.2477554101358082,0.0
NSF,S07,clr_ci_low_vs_Figure4b,0.3731524779091031,0.3731524779091031,0.0
NSF,S09,clr_ci_low_vs_Figure4b,1.9264635338674683,1.9264635338674685,2.220446049250313e-16
NSF,S10,clr_ci_low_vs_Figure4b,-1.9180608319202395,-1.91806083192024,4.440892098500626e-16
NSF,S11,clr_ci_low_vs_Figure4b,1.9981476596338734,1.9981476596338728,6.661338147750939e-16
NSF,S12,clr_ci_low_vs_Figure4b,-0.700692638986422,-0.700692638986422,0.0
NSF,S13,clr_ci_low_vs_Figure4b,0.7447099179454721,0.7447099179454721,0.0
NSF,S15,clr_ci_low_vs_Figure4b,-0.6097493641066501,-0.6097493641066501,0.0
NSF,S16,clr_ci_low_vs_Figure4b,-1.7642940369765707,-1.7642940369765707,0.0
NSF,S17,clr_ci_low_vs_Figure4b,-2.051735971895748,-2.051735971895748,0.0
NSFC,S02,clr_ci_low_vs_Figure4b,0.428972195474036,0.428972195474036,0.0
NSFC,S03,clr_ci_low_vs_Figure4b,0.26624137426170846,0.2662413742617084,5.551115123125783e-17
NSFC,S06,clr_ci_low_vs_Figure4b,1.2033397959550334,1.2033397959550334,0.0
NSFC,S07,clr_ci_low_vs_Figure4b,-0.4127520121506828,-0.4127520121506828,0.0
NSFC,S09,clr_ci_low_vs_Figure4b,0.25907036250808946,0.2590703625080894,5.551115123125783e-17
NSFC,S10,clr_ci_low_vs_Figure4b,-1.695843383211678,-1.695843383211678,0.0
NSFC,S11,clr_ci_low_vs_Figure4b,2.006657714932409,2.006657714932409,0.0
NSFC,S12,clr_ci_low_vs_Figure4b,-0.03063521330789397,-0.0306352133078939,6.938893903907228e-17
NSFC,S13,clr_ci_low_vs_Figure4b,1.8460831191540727,1.8460831191540727,0.0
NSFC,S15,clr_ci_low_vs_Figure4b,0.9189440154710314,0.9189440154710314,0.0
NSFC,S16,clr_ci_low_vs_Figure4b,-2.531849582131806,-2.531849582131806,0.0
NSFC,S17,clr_ci_low_vs_Figure4b,-4.153205075293367,-4.153205075293367,0.0
NSF,S02,clr_ci_high_vs_Figure4b,-0.5893330488985354,-0.5893330488985354,0.0
NSF,S03,clr_ci_high_vs_Figure4b,0.5215360870752159,0.5215360870752159,0.0
NSF,S06,clr_ci_high_vs_Figure4b,1.3870290666603553,1.3870290666603553,0.0
NSF,S07,clr_ci_high_vs_Figure4b,0.5363671977100805,0.5363671977100805,0.0
NSF,S09,clr_ci_high_vs_Figure4b,2.087403183588928,2.087403183588928,0.0
NSF,S10,clr_ci_high_vs_Figure4b,-1.6431662879068594,-1.6431662879068594,0.0
NSF,S11,clr_ci_high_vs_Figure4b,2.109576963029377,2.109576963029377,0.0
NSF,S12,clr_ci_high_vs_Figure4b,-0.50196998974547,-0.50196998974547,0.0
NSF,S13,clr_ci_high_vs_Figure4b,0.8574953014052995,0.8574953014052995,0.0
NSF,S15,clr_ci_high_vs_Figure4b,-0.42065739634592736,-0.4206573963459273,5.551115123125783e-17
NSF,S16,clr_ci_high_vs_Figure4b,-1.4252444233242914,-1.4252444233242914,0.0
NSF,S17,clr_ci_high_vs_Figure4b,-1.7059908054607589,-1.7059908054607589,0.0
NSFC,S02,clr_ci_high_vs_Figure4b,0.6702119777350005,0.6702119777350005,0.0
NSFC,S03,clr_ci_high_vs_Figure4b,0.49487738980986085,0.4948773898098608,5.551115123125783e-17
NSFC,S06,clr_ci_high_vs_Figure4b,1.3752059505689944,1.3752059505689944,0.0
NSFC,S07,clr_ci_high_vs_Figure4b,-0.15596030874539035,-0.1559603087453903,5.551115123125783e-17
NSFC,S09,clr_ci_high_vs_Figure4b,0.48188495080865584,0.4818849508086558,5.551115123125783e-17
NSFC,S10,clr_ci_high_vs_Figure4b,-1.3360171103139469,-1.3360171103139469,0.0
NSFC,S11,clr_ci_high_vs_Figure4b,2.1421452071862777,2.1421452071862777,0.0
NSFC,S12,clr_ci_high_vs_Figure4b,0.20288739952158344,0.2028873995215834,2.7755575615628914e-17
NSFC,S13,clr_ci_high_vs_Figure4b,2.0081323281178594,2.00813232811786,4.440892098500626e-16
NSFC,S15,clr_ci_high_vs_Figure4b,1.0778035959789158,1.0778035959789158,0.0
NSFC,S16,clr_ci_high_vs_Figure4b,-1.9680512376833759,-1.968051237683376,2.220446049250313e-16
NSFC,S17,clr_ci_high_vs_Figure4b,-3.2090604675643277,-3.209060467564328,4.440892098500626e-16
NSF,S02,contribution_vs_Figure4c,0.02307031384474189,0.023070313844741893,3.469446951953614e-18
NSF,S03,contribution_vs_Figure4c,0.008475017007654566,0.008475017007654568,1.734723475976807e-18
NSF,S06,contribution_vs_Figure4c,0.08147497434694716,0.08147497434694717,1.3877787807814457e-17
NSF,S07,contribution_vs_Figure4c,0.009661852409494995,0.009661852409494997,1.734723475976807e-18
NSF,S09,contribution_vs_Figure4c,0.18901752208507974,0.18901752208507971,2.7755575615628914e-17
NSF,S10,contribution_vs_Figure4c,0.14690656910065217,0.1469065691006522,2.7755575615628914e-17
NSF,S11,contribution_vs_Figure4c,0.19767671282133098,0.197676712821331,2.7755575615628914e-17
NSF,S12,contribution_vs_Figure4c,0.016754922577159187,0.01675492257715919,3.469446951953614e-18
NSF,S13,contribution_vs_Figure4c,0.029994473747201,0.029994473747201007,6.938893903907228e-18
NSF,S15,contribution_vs_Figure4c,0.012534476795035316,0.012534476795035322,5.204170427930421e-18
NSF,S16,contribution_vs_Figure4c,0.11937555841556578,0.11937555841556581,2.7755575615628914e-17
NSF,S17,contribution_vs_Figure4c,0.16505760684913717,0.16505760684913715,2.7755575615628914e-17
NSFC,S02,contribution_vs_Figure4c,0.009524321939668299,0.0095243219396683,1.734723475976807e-18
NSFC,S03,contribution_vs_Figure4c,0.004585542730671477,0.004585542730671475,1.734723475976807e-18
NSFC,S06,contribution_vs_Figure4c,0.05227163320731835,0.05227163320731835,0.0
NSFC,S07,contribution_vs_Figure4c,0.0026075170927769187,0.002607517092776917,1.734723475976807e-18
NSFC,S09,contribution_vs_Figure4c,0.004232080122382646,0.0042320801223826535,7.806255641895632e-18
NSFC,S10,contribution_vs_Figure4c,0.07230855920354025,0.07230855920354025,0.0
NSFC,S11,contribution_vs_Figure4c,0.13508534093373792,0.13508534093373792,0.0
NSFC,S12,contribution_vs_Figure4c,0.00022132089648323186,0.00022132089648323102,8.402566836762659e-19
NSFC,S13,contribution_vs_Figure4c,0.1169217359419112,0.11692173594191116,4.163336342344337e-17
NSFC,S15,contribution_vs_Figure4c,0.03111634794527287,0.031116347945272863,6.938893903907228e-18
NSFC,S16,contribution_vs_Figure4c,0.15704535442251882,0.15704535442251885,2.7755575615628914e-17
NSFC,S17,contribution_vs_Figure4c,0.4140802455637181,0.4140802455637181,0.0
NSF,S02,top10_share_vs_Figure3d,0.2277355053048976,0.2277355053048971,4.996003610813204e-16
NSF,S03,top10_share_vs_Figure3d,0.2087319107186657,0.2087319107186651,6.106226635438361e-16
NSF,S06,top10_share_vs_Figure3d,0.18244868568896486,0.1824486856889642,6.661338147750939e-16
NSF,S07,top10_share_vs_Figure3d,0.2146085295989815,0.214608529598981,4.996003610813204e-16
NSF,S09,top10_share_vs_Figure3d,0.2149589816455289,0.2149589816455284,4.996003610813204e-16
NSF,S10,top10_share_vs_Figure3d,0.2649029376395807,0.2649029376395804,3.3306690738754696e-16
NSF,S11,top10_share_vs_Figure3d,0.22408859666978198,0.2240885966697814,5.828670879282072e-16
NSF,S12,top10_share_vs_Figure3d,0.23412188223193625,0.23412188223193559,6.661338147750939e-16
NSF,S13,top10_share_vs_Figure3d,0.24894741977264417,0.2489474197726437,4.718447854656915e-16
NSF,S15,top10_share_vs_Figure3d,0.2139941250161994,0.2139941250161991,3.0531133177191805e-16
NSF,S16,top10_share_vs_Figure3d,0.3466819221967961,0.3466819221967962,1.1102230246251565e-16
NSF,S17,top10_share_vs_Figure3d,0.3788406470087454,0.3788406470087449,4.996003610813204e-16
NSFC,S02,top10_share_vs_Figure3d,0.6423762376237623,0.642376237623762,3.3306690738754696e-16
NSFC,S03,top10_share_vs_Figure3d,0.7244519392917368,0.7244519392917365,3.3306690738754696e-16
NSFC,S06,top10_share_vs_Figure3d,0.6366512533463128,0.6366512533463126,2.220446049250313e-16
NSFC,S07,top10_share_vs_Figure3d,0.6703343207786712,0.6703343207786708,3.3306690738754696e-16
NSFC,S09,top10_share_vs_Figure3d,0.6656285390713478,0.6656285390713472,5.551115123125783e-16
NSFC,S10,top10_share_vs_Figure3d,0.7117008443908324,0.7117008443908321,2.220446049250313e-16
NSFC,S11,top10_share_vs_Figure3d,0.6954126861175661,0.6954126861175657,4.440892098500626e-16
NSFC,S12,top10_share_vs_Figure3d,0.6517280668439045,0.6517280668439038,6.661338147750939e-16
NSFC,S13,top10_share_vs_Figure3d,0.6927560366361366,0.692756036636136,5.551115123125783e-16
NSFC,S15,top10_share_vs_Figure3d,0.5975491492550472,0.5975491492550467,5.551115123125783e-16
NSFC,S16,top10_share_vs_Figure3d,0.7395833333333334,0.7395833333333333,1.1102230246251565e-16
NSFC,S17,top10_share_vs_Figure3d,0.8956521739130434,0.8956521739130431,3.3306690738754696e-16
