country,country_name,sdg,sdg_name,M_count,sign_count,squared_contribution_count,A2_count,dA_count,contribution_share_count,signed_coordinate_count,M_amount,sign_amount,squared_contribution_amount,A2_amount,contribution_share_amount,signed_coordinate_amount,amount_same_direction,stable_gate,stable_gate_status,ci_low_from_4b,ci_high_from_4b,ci_excludes_zero,sign_consistency_share,selected_for_4d,selection_rank,cumulative_share_at_selection,selection_status,formal_output_status
NSF,United States,S02,SDG 2 · Food,-0.7013746063159512,-1,0.4919263383848555,21.32291488080357,4.617674185215277,2.307031384474189,-2.307031384474189,,,,,,,,,UNRESOLVED_NOT_DISPLAYED,-0.8351005445458437,-0.5893330488985354,True,,,,,FIGURE4D_SELECTION_RULE_UNRESOLVED,FORMAL_OUTPUT_BLOCKED
NSF,United States,S03,SDG 3 · Health,0.4251024185623753,1,0.1807120662675809,21.32291488080357,4.617674185215277,0.8475017007654567,0.8475017007654567,,,,,,,,,UNRESOLVED_NOT_DISPLAYED,0.3217825186871481,0.5215360870752159,True,,,,,FIGURE4D_SELECTION_RULE_UNRESOLVED,FORMAL_OUTPUT_BLOCKED
NSF,United States,S06,SDG 6 · Water,1.3180606749750214,1,1.737283942915609,21.32291488080357,4.617674185215277,8.147497434694717,8.147497434694717,,,,,,,,,UNRESOLVED_NOT_DISPLAYED,1.2477554101358082,1.3870290666603553,True,,,,,FIGURE4D_SELECTION_RULE_UNRESOLVED,FORMAL_OUTPUT_BLOCKED
NSF,United States,S07,SDG 7 · Energy,0.4538930011781947,1,0.20601885651854865,21.32291488080357,4.617674185215277,0.9661852409494995,0.9661852409494995,,,,,,,,,UNRESOLVED_NOT_DISPLAYED,0.3731524779091031,0.5363671977100805,True,,,,,FIGURE4D_SELECTION_RULE_UNRESOLVED,FORMAL_OUTPUT_BLOCKED
NSF,United States,S09,SDG 9 · Infrastructure,2.007586743929279,1,4.030404534400565,21.32291488080357,4.617674185215277,18.901752208507975,18.901752208507975,,,,,,,,,UNRESOLVED_NOT_DISPLAYED,1.9264635338674685,2.087403183588928,True,,,,,FIGURE4D_SELECTION_RULE_UNRESOLVED,FORMAL_OUTPUT_BLOCKED
NSF,United States,S10,SDG 10 · Inequality,-1.7698802977501316,-1,3.1324762683640945,21.32291488080357,4.617674185215277,14.69065691006522,-14.69065691006522,,,,,,,,,UNRESOLVED_NOT_DISPLAYED,-1.9180608319202397,-1.6431662879068594,True,,,,,FIGURE4D_SELECTION_RULE_UNRESOLVED,FORMAL_OUTPUT_BLOCKED
NSF,United States,S11,SDG 11 · Cities,2.0530571646708458,1,4.215043721406293,21.32291488080357,4.617674185215277,19.7676712821331,19.7676712821331,,,,,,,,,UNRESOLVED_NOT_DISPLAYED,1.9981476596338732,2.109576963029377,True,,,,,FIGURE4D_SELECTION_RULE_UNRESOLVED,FORMAL_OUTPUT_BLOCKED
NSF,United States,S12,SDG 12 · Consumption,-0.5977154740737598,-1,0.3572637879472194,21.32291488080357,4.617674185215277,1.675492257715919,-1.675492257715919,,,,,,,,,UNRESOLVED_NOT_DISPLAYED,-0.700692638986422,-0.50196998974547,True,,,,,FIGURE4D_SELECTION_RULE_UNRESOLVED,FORMAL_OUTPUT_BLOCKED
NSF,United States,S13,SDG 13 · Climate,0.7997309613901817,1,0.6395696106060643,21.32291488080357,4.617674185215277,2.9994473747201007,2.9994473747201007,,,,,,,,,UNRESOLVED_NOT_DISPLAYED,0.7447099179454721,0.8574953014052995,True,,,,,FIGURE4D_SELECTION_RULE_UNRESOLVED,FORMAL_OUTPUT_BLOCKED
NSF,United States,S15,SDG 15 · Land,-0.516983154247743,-1,0.2672715817759456,21.32291488080357,4.617674185215277,1.2534476795035319,-1.2534476795035319,,,,,,,,,UNRESOLVED_NOT_DISPLAYED,-0.6097493641066501,-0.4206573963459273,True,,,,,FIGURE4D_SELECTION_RULE_UNRESOLVED,FORMAL_OUTPUT_BLOCKED
NSF,United States,S16,SDG 16 · Institutions,-1.5954419045968122,-1,2.5454348709435037,21.32291488080357,4.617674185215277,11.93755584155658,-11.93755584155658,,,,,,,,,UNRESOLVED_NOT_DISPLAYED,-1.7642940369765707,-1.4252444233242914,True,,,,,FIGURE4D_SELECTION_RULE_UNRESOLVED,FORMAL_OUTPUT_BLOCKED
NSF,United States,S17,SDG 17 · Partnerships,-1.8760355277215013,-1,3.519509301273292,21.32291488080357,4.617674185215277,16.505760684913714,-16.505760684913714,,,,,,,,,UNRESOLVED_NOT_DISPLAYED,-2.051735971895748,-1.7059908054607589,True,,,,,FIGURE4D_SELECTION_RULE_UNRESOLVED,FORMAL_OUTPUT_BLOCKED
NSFC,China,S02,SDG 2 · Food,0.5487361394643684,1,0.30111135075425877,31.614990826816328,5.622720945131132,0.9524321939668299,0.9524321939668299,,,,,,,,,UNRESOLVED_NOT_DISPLAYED,0.428972195474036,0.6702119777350005,True,,,,,FIGURE4D_SELECTION_RULE_UNRESOLVED,FORMAL_OUTPUT_BLOCKED
NSFC,China,S03,SDG 3 · Health,0.380751745059892,1,0.144971891366153,31.614990826816328,5.622720945131132,0.4585542730671475,0.4585542730671475,,,,,,,,,UNRESOLVED_NOT_DISPLAYED,0.2662413742617084,0.4948773898098608,True,,,,,FIGURE4D_SELECTION_RULE_UNRESOLVED,FORMAL_OUTPUT_BLOCKED
NSFC,China,S06,SDG 6 · Water,1.2855221524159268,1,1.6525672043520774,31.614990826816328,5.622720945131132,5.227163320731835,5.227163320731835,,,,,,,,,UNRESOLVED_NOT_DISPLAYED,1.2033397959550334,1.3752059505689944,True,,,,,FIGURE4D_SELECTION_RULE_UNRESOLVED,FORMAL_OUTPUT_BLOCKED
NSFC,China,S07,SDG 7 · Energy,-0.2871177963291531,-1,0.08243662896890902,31.614990826816328,5.622720945131132,0.26075170927769176,-0.26075170927769176,,,,,,,,,UNRESOLVED_NOT_DISPLAYED,-0.4127520121506828,-0.1559603087453903,True,,,,,FIGURE4D_SELECTION_RULE_UNRESOLVED,FORMAL_OUTPUT_BLOCKED
NSFC,China,S09,SDG 9 · Infrastructure,0.3657829605756388,1,0.13379717424747933,31.614990826816328,5.622720945131132,0.42320801223826543,0.42320801223826543,,,,,,,,,UNRESOLVED_NOT_DISPLAYED,0.2590703625080894,0.4818849508086558,True,,,,,FIGURE4D_SELECTION_RULE_UNRESOLVED,FORMAL_OUTPUT_BLOCKED
NSFC,China,S10,SDG 10 · Inequality,-1.511963768058028,-1,2.2860344359202305,31.614990826816328,5.622720945131132,7.230855920354025,-7.230855920354025,,,,,,,,,UNRESOLVED_NOT_DISPLAYED,-1.695843383211678,-1.3360171103139469,True,,,,,FIGURE4D_SELECTION_RULE_UNRESOLVED,FORMAL_OUTPUT_BLOCKED
NSFC,China,S11,SDG 11 · Cities,2.0665724798461533,1,4.27072181445748,31.614990826816328,5.622720945131132,13.508534093373791,13.508534093373791,,,,,,,,,UNRESOLVED_NOT_DISPLAYED,2.006657714932409,2.1421452071862777,True,,,,,FIGURE4D_SELECTION_RULE_UNRESOLVED,FORMAL_OUTPUT_BLOCKED
NSFC,China,S12,SDG 12 · Consumption,0.083648419662897,1,0.006997058112100134,31.614990826816328,5.622720945131132,0.022132089648323163,0.022132089648323163,,,,,,,,,UNRESOLVED_NOT_DISPLAYED,-0.0306352133078939,0.2028873995215834,False,,,,,FIGURE4D_SELECTION_RULE_UNRESOLVED,FORMAL_OUTPUT_BLOCKED
NSFC,China,S13,SDG 13 · Climate,1.9226231063989017,1,3.6964796092589625,31.614990826816328,5.622720945131132,11.692173594191116,11.692173594191116,,,,,,,,,UNRESOLVED_NOT_DISPLAYED,1.8460831191540727,2.00813232811786,True,,,,,FIGURE4D_SELECTION_RULE_UNRESOLVED,FORMAL_OUTPUT_BLOCKED
NSFC,China,S15,SDG 15 · Land,0.9918382201013564,1,0.9837430548538266,31.614990826816328,5.622720945131132,3.111634794527286,3.111634794527286,,,,,,,,,UNRESOLVED_NOT_DISPLAYED,0.9189440154710314,1.0778035959789158,True,,,,,FIGURE4D_SELECTION_RULE_UNRESOLVED,FORMAL_OUTPUT_BLOCKED
NSFC,China,S16,SDG 16 · Institutions,-2.228225177010181,-1,4.9649874394620515,31.614990826816328,5.622720945131132,15.704535442251883,-15.704535442251883,,,,,,,,,UNRESOLVED_NOT_DISPLAYED,-2.531849582131806,-1.968051237683376,True,,,,,FIGURE4D_SELECTION_RULE_UNRESOLVED,FORMAL_OUTPUT_BLOCKED
NSFC,China,S17,SDG 17 · Partnerships,-3.618168482127774,-1,13.0911431650628,31.614990826816328,5.622720945131132,41.40802455637181,-41.40802455637181,,,,,,,,,UNRESOLVED_NOT_DISPLAYED,-4.153205075293367,-3.209060467564328,True,,,,,FIGURE4D_SELECTION_RULE_UNRESOLVED,FORMAL_OUTPUT_BLOCKED
