mismatch_class,need,need_index,nsf_family_n,nsf_weighted_support,nsf_ess,nsfc_family_n,nsfc_weighted_support,nsfc_ess,min_ess,low_support
Near alignment,N01,0,31,4.086164394220862,19.642370516294,16,4.76701735631086,10.219368742653211,10.219368742653211,False
Near alignment,N02,1,27,4.044310652199658,19.752464153958897,53,22.029774727831885,27.45987310713138,19.752464153958897,False
Near alignment,N03,2,53,10.289266848261043,39.826216980308445,235,213.45937022935084,158.0376956047659,39.826216980308445,False
Near alignment,N04,3,100,39.580112706830235,70.68080873583322,120,41.21295488018474,77.50552664440806,70.68080873583322,False
Near alignment,N05,4,178,36.67159101098079,131.11359251154684,126,57.677693946155955,68.0155790652752,68.0155790652752,False
Near alignment,N06,5,6,0.6233751829246057,5.113285813223316,48,21.66710024570395,27.69949993255749,5.113285813223316,True
Near alignment,N07,6,11,2.1629252353588426,6.518527728998921,14,4.312578831616278,7.603189056198538,6.518527728998921,True
Near alignment,N08,7,55,34.019306476249284,35.95380969083143,94,52.46443686445024,67.11810488331659,35.95380969083143,False
Near alignment,N09,8,3,0.2850699244722566,2.701845435499428,5,1.8526245076425363,3.116354653704073,2.701845435499428,True
Near alignment,N10,9,33,4.643007753177847,23.974812984442185,17,7.77166266991367,10.280626196670779,10.280626196670779,False
Near alignment,N11,10,504,221.6084095318142,375.74110209781827,168,273.17567310790577,88.9711599093833,88.9711599093833,False
Near alignment,N12,11,192,86.46285239809154,139.32390751894135,219,183.64257360870812,100.80873795225367,100.80873795225367,False
Near alignment,N13,12,45,7.796034886713596,34.64002231080731,174,143.11457763519047,90.62810723492612,34.64002231080731,False
Near alignment,N14,13,227,79.23239889847102,137.3535679655133,244,138.42824588272032,139.19561560656746,137.3535679655133,False
Near alignment,N15,14,63,26.94740851720627,20.695383575921092,94,33.90459715823627,38.78000261649201,20.695383575921092,False
Near alignment,N16,15,56,10.601765764071642,17.833505515046532,23,5.57762222633344,13.339491867154221,13.339491867154221,False
Near alignment,N17,16,13,3.167733904279064,6.326949516736124,81,40.853159356037835,35.6433701667655,6.326949516736124,True
Near alignment,N18,17,22,2.6855516709432927,12.991688450878025,5,1.3336541349081146,4.719746686421509,4.719746686421509,True
Near alignment,N19,18,1,0.07399024503926288,1.0,27,19.302950670943805,14.050828158674546,1.0,True
Relative higher research supply,N01,0,894,495.7993462519364,641.9601682753363,533,577.914027658375,331.41395027055177,331.41395027055177,False
Relative higher research supply,N02,1,791,492.78470310040416,621.3983005818741,594,624.0221028776812,403.52281184815956,403.52281184815956,False
Relative higher research supply,N03,2,467,269.27128131005526,274.9489446341014,127,76.67835972636512,54.591589308310645,54.591589308310645,False
Relative higher research supply,N04,3,197,203.57431563141319,126.04022922512748,375,188.99780090272736,245.19892909233113,126.04022922512748,False
Relative higher research supply,N05,4,944,572.8706891061345,635.2178945896569,849,713.6407900110498,433.07381293698654,433.07381293698654,False
Relative higher research supply,N06,5,352,221.89424151590333,202.31874726259014,1324,846.7802912958646,840.5415204965641,202.31874726259014,False
Relative higher research supply,N07,6,59,52.95296833442889,13.011740539952628,171,72.32949830370258,108.47106202275626,13.011740539952628,False
Relative higher research supply,N08,7,236,203.0789319714629,151.44249234319068,286,195.32224281878695,198.516422497708,151.44249234319068,False
Relative higher research supply,N09,8,15,6.310757640529283,3.513554502550207,67,23.895326783273347,46.91857009203594,3.513554502550207,True
Relative higher research supply,N10,9,115,30.6920830921967,48.90130010398397,174,128.6288504854473,75.17246829640388,48.90130010398397,False
Relative higher research supply,N11,10,173,48.92614329613697,90.01995181502318,62,36.60578487858969,35.98508306642097,35.98508306642097,False
Relative higher research supply,N12,11,237,139.32067658350337,133.55860794523906,244,119.15151090907437,94.13273357652909,94.13273357652909,False
Relative higher research supply,N13,12,133,39.830266972958015,79.55804906652862,105,39.121790807869345,77.98058023377415,77.98058023377415,False
Relative higher research supply,N14,13,170,49.000488924722944,89.99854565601055,159,56.386216035924676,90.2101207389361,89.99854565601055,False
Relative higher research supply,N15,14,57,23.835036258718674,17.780096976683815,84,18.845025552009332,61.68627507565442,17.780096976683815,False
Relative higher research supply,N16,15,225,97.89797885634772,41.369759854351365,148,47.46702871227179,88.14327129668494,41.369759854351365,False
Relative higher research supply,N17,16,173,220.80964890824583,54.82510734038437,595,251.77908104778072,330.1225558393821,54.82510734038437,False
Relative higher research supply,N18,17,138,52.44444526788417,36.029389774785216,32,16.391789860807798,6.167999451222157,6.167999451222157,True
Relative higher research supply,N19,18,29,36.217497461748124,8.239665674270592,174,68.1053986895249,125.82242913443153,8.239665674270592,True
Relative lower research supply,N01,0,142,32.85890118069475,60.02986288803242,1,1.4355063781295485,1.0,1.0,True
Relative lower research supply,N02,1,52,8.417117884202511,38.63217091018234,6,2.6057044499245476,3.1905589150532547,3.1905589150532547,True
Relative lower research supply,N03,2,35,7.673878112708122,20.20808224849886,2,0.3765670586621069,1.9725337187321934,1.9725337187321934,True
Relative lower research supply,N04,3,22,11.803378523249458,3.523097514953196,9,1.6265868829465302,4.091312791626922,3.523097514953196,True
Relative lower research supply,N05,4,228,77.24212000553167,118.59055076498731,8,3.767830678499111,3.560643289127267,3.560643289127267,True
Relative lower research supply,N06,5,454,540.1995391148077,186.19808184820317,6,1.4246942206063156,2.7925151443094736,2.7925151443094736,True
Relative lower research supply,N07,6,16,3.7562085290434704,13.180002130585992,27,5.819281352006581,20.54353833642066,13.180002130585992,False
Relative lower research supply,N08,7,27,4.858525960058893,23.636265692184303,7,2.3307836610399115,3.5939304060856347,3.5939304060856347,True
Relative lower research supply,N09,8,7,0.9360235368166309,6.4610799286879175,18,3.9858041077857354,12.535708153073056,6.4610799286879175,True
Relative lower research supply,N10,9,208,107.67728225210095,90.2831887678994,1,0.18487323489988441,1.0,1.0,True
Relative lower research supply,N11,10,93,14.20636619406261,61.8489744384654,3,1.9760479115848086,2.348390080739641,2.348390080739641,True
Relative lower research supply,N12,11,54,14.188067432306394,17.27569771925886,6,8.914284833589281,1.0848601982630164,1.0848601982630164,True
Relative lower research supply,N13,12,274,125.56300809390953,187.15261293269322,3,0.6521356407273862,1.6408313280799691,1.6408313280799691,True
Relative lower research supply,N14,13,66,29.344562297270357,17.978439597334297,5,0.5527536206684811,3.8633081293697207,3.8633081293697207,True
Relative lower research supply,N15,14,17,4.852005324389843,7.798937177402148,8,1.1337742485182736,6.598390203915949,6.598390203915949,True
Relative lower research supply,N16,15,222,71.71375831002229,102.99801291512314,119,63.823596942627034,40.53776393894144,40.53776393894144,False
Relative lower research supply,N17,16,123,67.22296458142988,32.76874598449702,67,36.13693198016182,20.23909712894025,20.23909712894025,False
Relative lower research supply,N18,17,133,34.17629593842533,78.91728065016994,21,31.95884145583397,5.164167428181813,5.164167428181813,True
Relative lower research supply,N19,18,23,10.817220242932938,10.113294834434166,25,8.682815944517133,10.702736637581301,10.113294834434166,False
