pair_index,pair_id,target_a,target_b,sdg_a,sdg_b,pair_scope,stable_nsf,stable_nsfc,stability_class,main_network,observed_cooccurrence_nsf,observed_cooccurrence_nsfc,log2_observed_expected_nsf,log2_observed_expected_nsfc,bh_q_nsf,bh_q_nsfc,bootstrap_ci_low_nsf,bootstrap_ci_high_nsf,bootstrap_ci_low_nsfc,bootstrap_ci_high_nsfc,target_a_label_zh,target_b_label_zh
2,2.1–2.4,2.1,2.4,S02,S02,within-SDG,True,False,Other stable,False,16,9,2.0476227,2.66261821,4.757e-05,3.735e-05,1.28722931,2.55960398,1.70000147,3.22762442,消除饥饿并保障全年获得安全、营养和充足食物,建立可持续且具韧性的粮食生产系统
377,2.4–6.4,2.4,6.4,S02,S06,cross-SDG,True,True,Shared,False,53,39,2.24180988,1.42450129,0.0,1.27e-06,1.86655113,2.53465698,0.98697195,1.78992923,建立可持续且具韧性的粮食生产系统,提高用水效率并应对缺水
378,2.4–6.5,2.4,6.5,S02,S06,cross-SDG,True,False,NSF-specific,True,17,1,2.27501767,-1.80420512,1.51e-06,1.0,1.56254503,2.7708233,-3.57883529,-0.47497843,建立可持续且具韧性的粮食生产系统,实施综合水资源管理
426,2.4–13.1,2.4,13.1,S02,S13,cross-SDG,False,True,NSFC-specific,True,59,71,-0.15621876,0.95298643,1.0,2.21e-06,-0.51115351,0.12899899,0.6613983,1.21961213,建立可持续且具韧性的粮食生产系统,增强应对气候灾害和自然灾害的韧性与适应能力
1165,3.3–6.1,3.3,6.1,S03,S06,cross-SDG,True,False,Other stable,False,12,1,2.66310138,1.48109779,1.62e-06,1.0,1.84221826,3.16595108,-0.15195107,2.73431715,遏制艾滋病、结核病、疟疾等传染病,普及安全且可负担的饮用水
1307,3.4–11.3,3.4,11.3,S03,S11,cross-SDG,False,True,Other stable,False,1,21,0.5783534,1.19896604,1.0,0.0118903,-1.22994321,1.89948866,0.64354608,1.60857911,降低非传染性疾病过早死亡并促进心理健康,推进包容、可持续城市化和参与式规划管理
1311,3.4–11.7,3.4,11.7,S03,S11,cross-SDG,False,True,NSFC-specific,False,2,19,2.19390075,3.56829066,0.09568066,0.0,-0.13566404,3.33098958,2.97432578,3.99331741,降低非传染性疾病过早死亡并促进心理健康,普及安全、包容、可达的绿色和公共空间
1521,3.6–11.2,3.6,11.2,S03,S11,cross-SDG,True,True,Shared,True,42,28,3.7947902,2.78096386,0.0,0.0,3.54477871,3.99811678,2.31719569,3.12201351,减少道路交通事故伤亡,提供安全、可负担、可达和可持续交通系统
1804,3.9–6.1,3.9,6.1,S03,S06,cross-SDG,True,False,Other stable,False,60,8,1.94509618,2.47927635,0.0,0.00070528,1.61319689,2.22315958,1.38485793,3.10156225,减少危险化学品及空气、水和土壤污染所致疾病与死亡,普及安全且可负担的饮用水
1806,3.9–6.3,3.9,6.3,S03,S06,cross-SDG,True,False,NSF-specific,False,105,34,1.41869603,0.76694769,0.0,0.13589199,1.19023991,1.62079509,0.30337869,1.16615047,减少危险化学品及空气、水和土壤污染所致疾病与死亡,改善水质、污水处理、回用和安全再利用
1840,3.9–11.6,3.9,11.6,S03,S11,cross-SDG,True,True,Shared,True,82,94,2.27781382,1.9341739,0.0,0.0,2.01205452,2.50056995,1.696947,2.13794884,减少危险化学品及空气、水和土壤污染所致疾病与死亡,降低城市人均环境影响，重点关注空气质量和废弃物
1848,3.9–12.4,3.9,12.4,S03,S12,cross-SDG,True,True,Shared,False,23,29,1.29941307,2.12142991,0.00395479,0.0,0.69744207,1.7542497,1.6157154,2.50666,减少危险化学品及空气、水和土壤污染所致疾病与死亡,实现化学品和废弃物全生命周期环境无害化管理
2311,6.1–6.3,6.1,6.3,S06,S06,within-SDG,True,False,Other stable,False,95,5,1.6533291,1.23210513,0.0,1.0,1.41804798,1.86531612,-0.35617988,2.01011175,普及安全且可负担的饮用水,改善水质、污水处理、回用和安全再利用
2312,6.1–6.4,6.1,6.4,S06,S06,within-SDG,True,False,Other stable,False,26,3,1.02954727,1.1116052,0.03373362,1.0,0.47179113,1.47706922,-1.52830423,2.08675344,普及安全且可负担的饮用水,提高用水效率并应对缺水
2316,6.1–6.b,6.1,6.b,S06,S06,within-SDG,True,False,NSF-specific,True,15,0,2.76714766,-0.01191674,1e-08,1.0,2.05362893,3.25122432,-0.04153772,0.0,普及安全且可负担的饮用水,加强地方社区参与水与卫生管理
2507,6.3–6.4,6.3,6.4,S06,S06,within-SDG,True,False,NSF-specific,False,62,18,0.94479025,-0.25753773,2.249e-05,1.0,0.62755835,1.22697529,-1.05361203,0.26661728,改善水质、污水处理、回用和安全再利用,提高用水效率并应对缺水
2509,6.3–6.6,6.3,6.6,S06,S06,within-SDG,True,True,Shared,False,51,53,1.49583883,1.62110057,0.0,0.0,1.14281058,1.77553224,1.26109019,1.92286021,改善水质、污水处理、回用和安全再利用,保护和恢复涉水生态系统
2511,6.3–6.b,6.3,6.b,S06,S06,within-SDG,True,False,NSF-specific,True,22,0,2.15524066,-0.21426832,1e-08,1.0,1.69769097,2.50723942,-0.58278433,0.0,改善水质、污水处理、回用和安全再利用,加强地方社区参与水与卫生管理
2548,6.3–12.4,6.3,12.4,S06,S12,cross-SDG,True,True,Shared,False,50,27,1.46754978,1.22209606,0.0,0.00232609,1.10653238,1.76500666,0.66553358,1.63341454,改善水质、污水处理、回用和安全再利用,实现化学品和废弃物全生命周期环境无害化管理
2604,6.4–6.5,6.4,6.5,S06,S06,within-SDG,True,True,Shared,True,43,40,3.32155145,3.05251476,0.0,0.0,2.9936925,3.57783813,2.68803502,3.34882523,提高用水效率并应对缺水,实施综合水资源管理
2652,6.4–13.1,6.4,13.1,S06,S13,cross-SDG,False,True,NSFC-specific,True,68,62,-0.25666416,0.87031783,1.0,0.00014005,-0.58229604,0.01934052,0.53968285,1.14549936,提高用水效率并应对缺水,增强应对气候灾害和自然灾害的韧性与适应能力
2700,6.5–6.6,6.5,6.6,S06,S06,within-SDG,False,True,Other stable,False,7,14,1.50661505,1.88562307,0.40889672,0.00105326,0.20483384,2.2436247,1.08735881,2.44810097,实施综合水资源管理,保护和恢复涉水生态系统
2702,6.5–6.b,6.5,6.b,S06,S06,within-SDG,True,False,NSF-specific,True,11,0,3.45557641,-0.04608005,0.0,1.0,2.52314427,4.02691895,-0.14820015,0.0,实施综合水资源管理,加强地方社区参与水与卫生管理
2846,6.6–15.1,6.6,15.1,S06,S15,cross-SDG,True,True,Shared,False,32,70,2.28110286,1.69797794,0.0,0.0,1.79074007,2.65022491,1.42631759,1.94078973,保护和恢复涉水生态系统,保护、恢复和可持续利用陆地及内陆淡水生态系统
3074,7.1–7.2,7.1,7.2,S07,S07,within-SDG,True,True,Shared,True,104,14,2.643544,3.07075894,0.0,0.0,2.44758387,2.82277114,2.24824317,3.59058426,普及可负担、可靠和现代能源服务,提高可再生能源占比
3078,7.1–9.1,7.1,9.1,S07,S09,cross-SDG,True,True,Shared,False,48,15,1.04197495,1.95036445,6.934e-05,0.0002491,0.64570788,1.34370557,1.21514864,2.4698071,普及可负担、可靠和现代能源服务,建设优质、可靠、可持续和有韧性的基础设施
3165,7.2–7.3,7.2,7.3,S07,S07,within-SDG,True,True,Shared,False,58,13,1.55293535,2.23956014,0.0,0.00010538,1.22067955,1.82789416,1.3540443,2.8441871,提高可再生能源占比,提高能源效率
3208,7.2–13.2,7.2,13.2,S07,S13,cross-SDG,False,True,NSFC-specific,True,13,25,-0.28898532,1.80505637,1.0,1.91e-06,-1.24070003,0.29461582,1.27107837,2.22203598,提高可再生能源占比,将气候变化措施纳入政策、战略和规划
3260,7.3–9.4,7.3,9.4,S07,S09,cross-SDG,True,False,Other stable,False,29,9,1.85543095,1.72108935,8e-08,0.07550216,1.32940719,2.25227025,0.54920901,2.42504526,提高能源效率,升级基础设施和产业以提高资源效率并减少环境影响
3297,7.3–13.2,7.3,13.2,S07,S13,cross-SDG,False,True,NSFC-specific,True,6,21,-0.47789279,1.27551409,1.0,0.01149428,-1.88935215,0.36499265,0.67873431,1.75670365,提高能源效率,将气候变化措施纳入政策、战略和规划
3540,9.1–11.5,9.1,11.5,S09,S11,cross-SDG,True,True,Shared,False,236,69,0.82618658,1.15586054,0.0,1e-08,0.68043034,0.96452427,0.87383203,1.41539623,建设优质、可靠、可持续和有韧性的基础设施,减少灾害死亡、受影响人口和直接经济损失
3799,9.4–12.2,9.4,12.2,S09,S12,cross-SDG,True,False,NSF-specific,False,31,5,2.77649013,1.41928469,0.0,1.0,2.31713488,3.13401567,-0.33219274,2.28005454,升级基础设施和产业以提高资源效率并减少环境影响,实现自然资源可持续管理和高效利用
3802,9.4–12.5,9.4,12.5,S09,S12,cross-SDG,True,True,Shared,False,41,12,2.41885758,2.214099,0.0,0.00029172,1.99410445,2.76030351,1.33301623,2.80554721,升级基础设施和产业以提高资源效率并减少环境影响,通过预防、减量、回收和再利用减少废弃物
3810,9.4–13.2,9.4,13.2,S09,S13,cross-SDG,False,True,NSFC-specific,True,9,28,0.48311417,1.95253265,1.0,2e-08,-0.68145767,1.17673966,1.4636094,2.35045407,升级基础设施和产业以提高资源效率并减少环境影响,将气候变化措施纳入政策、战略和规划
4257,10.2–10.3,10.2,10.3,S10,S10,within-SDG,True,False,Other stable,False,19,8,3.54057868,3.10736962,0.0,4.04e-06,2.9805563,3.93710112,2.00242803,3.77165094,促进所有人的社会、经济和政治包容,确保机会平等并减少歧视性结果
4265,10.2–11.1,10.2,11.1,S10,S11,cross-SDG,True,True,Shared,True,14,14,2.76401113,3.41142409,9e-08,0.0,1.98689082,3.28897988,2.64613607,3.91973685,促进所有人的社会、经济和政治包容,保障适足、安全和可负担住房及基本服务并改造贫民区
4266,10.2–11.2,10.2,11.2,S10,S11,cross-SDG,True,False,NSF-specific,False,22,6,1.38009508,0.25230889,0.00256993,1.0,0.75966171,1.84421507,-1.18020442,1.08206876,促进所有人的社会、经济和政治包容,提供安全、可负担、可达和可持续交通系统
4267,10.2–11.3,10.2,11.3,S10,S11,cross-SDG,True,True,Shared,False,24,51,2.15794307,1.97020019,2e-08,0.0,1.59219736,2.59468098,1.68393387,2.20036607,促进所有人的社会、经济和政治包容,推进包容、可持续城市化和参与式规划管理
4309,10.2–16.7,10.2,16.7,S10,S16,cross-SDG,True,False,NSF-specific,True,19,0,2.37113921,-0.70263916,8e-08,1.0,1.69249743,2.85188618,-0.97030143,-0.43197635,促进所有人的社会、经济和政治包容,确保响应性、包容性、参与性和代表性决策
4343,10.3–11.3,10.3,11.3,S10,S11,cross-SDG,False,True,Other stable,False,2,15,0.60003269,1.63076024,1.0,0.00124639,-1.79459029,1.70365095,1.01873162,2.07889447,确保机会平等并减少歧视性结果,推进包容、可持续城市化和参与式规划管理
4915,11.1–11.3,11.1,11.3,S11,S11,within-SDG,False,True,Other stable,False,8,30,2.01853524,1.84443791,0.02152116,0.0,0.8914188,2.73522432,1.45632506,2.13807078,保障适足、安全和可负担住房及基本服务并改造贫民区,推进包容、可持续城市化和参与式规划管理
5049,11.3–11.4,11.3,11.4,S11,S11,within-SDG,False,True,Other stable,False,1,29,0.61918379,1.31756535,1.0,0.00011482,-1.15933903,1.97317629,0.864721,1.67127602,推进包容、可持续城市化和参与式规划管理,保护世界文化和自然遗产
5052,11.3–11.7,11.3,11.7,S11,S11,within-SDG,False,True,Other stable,False,4,33,2.24616599,1.10129167,0.08902329,0.00100677,0.54447146,3.08595803,0.6366018,1.44821231,推进包容、可持续城市化和参与式规划管理,普及安全、包容、可达的绿色和公共空间
5053,11.3–11.a,11.3,11.a,S11,S11,within-SDG,False,True,Other stable,False,8,63,2.75760745,1.76632478,7.722e-05,0.0,1.60611543,3.40802851,1.48895116,2.00090612,推进包容、可持续城市化和参与式规划管理,加强城市、城郊和农村地区的积极联系
5054,11.3–11.b,11.3,11.b,S11,S11,within-SDG,True,False,NSF-specific,False,14,14,1.41602366,-0.83872199,0.04450872,1.0,0.59323224,1.95830531,-1.71839012,-0.26053237,推进包容、可持续城市化和参与式规划管理,实施资源效率、气候适应和灾害韧性综合政策与规划
5080,11.3–15.9,11.3,15.9,S11,S15,cross-SDG,False,True,NSFC-specific,True,0,49,-1.29731413,1.24764442,1.0,2.3e-07,-1.62187646,-0.9393026,0.90183611,1.5461333,推进包容、可持续城市化和参与式规划管理,将生态系统和生物多样性价值纳入规划与核算
5090,11.3–16.7,11.3,16.7,S11,S16,cross-SDG,False,True,Other stable,False,7,10,1.0210247,1.62398514,1.0,0.02780178,-0.35431024,1.79063423,0.81663307,2.13405814,推进包容、可持续城市化和参与式规划管理,确保响应性、包容性、参与性和代表性决策
5112,11.3–17.17,11.3,17.17,S11,S17,cross-SDG,True,False,NSF-specific,True,14,0,2.66005056,-1.11279336,3.3e-07,1.0,1.85729334,3.17145232,-1.78773386,-0.35147624,推进包容、可持续城市化和参与式规划管理,促进公共、政企和民间社会伙伴关系
5183,11.5–11.b,11.5,11.b,S11,S11,within-SDG,True,True,Shared,True,97,74,1.47188117,1.99367642,0.0,0.0,1.26127895,1.65265217,1.74123486,2.21898934,减少灾害死亡、受影响人口和直接经济损失,实施资源效率、气候适应和灾害韧性综合政策与规划
5196,11.5–13.1,11.5,13.1,S11,S13,cross-SDG,True,True,Shared,False,543,141,0.65308919,0.96484962,0.0,0.0,0.57639665,0.72866172,0.77241443,1.13912454,减少灾害死亡、受影响人口和直接经济损失,增强应对气候灾害和自然灾害的韧性与适应能力
5251,11.6–12.4,11.6,12.4,S11,S12,cross-SDG,False,True,NSFC-specific,False,10,34,0.3874591,1.26750656,1.0,9.598e-05,-0.6908642,1.08566418,0.80541827,1.63446758,降低城市人均环境影响，重点关注空气质量和废弃物,实现化学品和废弃物全生命周期环境无害化管理
5252,11.6–12.5,11.6,12.5,S11,S12,cross-SDG,False,True,NSFC-specific,False,18,32,0.64415815,1.44024789,1.0,1.002e-05,-0.10181524,1.19412599,0.97055084,1.79919358,降低城市人均环境影响，重点关注空气质量和废弃物,通过预防、减量、回收和再利用减少废弃物
5442,11.b–13.1,11.b,13.1,S11,S13,cross-SDG,True,True,Shared,False,83,43,0.73390318,0.96167316,9.65e-06,0.00105326,0.47989088,0.94196,0.55799867,1.30737974,实施资源效率、气候适应和灾害韧性综合政策与规划,增强应对气候灾害和自然灾害的韧性与适应能力
5609,12.2–12.5,12.2,12.5,S12,S12,within-SDG,True,True,Shared,True,56,15,3.28898723,2.78363557,0.0,4e-08,2.99309598,3.54887585,2.0412948,3.2897915,实现自然资源可持续管理和高效利用,通过预防、减量、回收和再利用减少废弃物
5720,12.4–12.5,12.4,12.5,S12,S12,within-SDG,True,True,Shared,True,45,22,2.76097865,2.69501605,0.0,0.0,2.4312764,3.06724049,2.12508426,3.10587623,实现化学品和废弃物全生命周期环境无害化管理,通过预防、减量、回收和再利用减少废弃物
6357,15.1–15.2,15.1,15.2,S15,S15,within-SDG,True,False,NSF-specific,False,23,19,3.00075683,0.94073657,0.0,0.30906932,2.47778685,3.40690283,0.28729694,1.43592829,保护、恢复和可持续利用陆地及内陆淡水生态系统,可持续管理森林并制止毁林和恢复退化森林
6358,15.1–15.3,15.1,15.3,S15,S15,within-SDG,False,True,Other stable,False,4,45,1.43875856,1.00092076,1.0,0.00042343,-0.31940323,2.33549317,0.60062329,1.32280347,保护、恢复和可持续利用陆地及内陆淡水生态系统,防治荒漠化、恢复退化土地并实现土地退化零增长
6360,15.1–15.5,15.1,15.5,S15,S15,within-SDG,True,True,Shared,False,39,68,1.73010611,1.33984371,0.0,0.0,1.29632752,2.06954237,1.01972307,1.60680431,保护、恢复和可持续利用陆地及内陆淡水生态系统,遏制栖息地退化和生物多样性丧失
6364,15.1–15.9,15.1,15.9,S15,S15,within-SDG,False,True,Other stable,False,4,56,1.57985807,1.95368362,1.0,0.0,-0.05731363,2.46426005,1.6563507,2.21079444,保护、恢复和可持续利用陆地及内陆淡水生态系统,将生态系统和生物多样性价值纳入规划与核算
6480,15.4–15.5,15.4,15.5,S15,S15,within-SDG,False,True,Other stable,False,2,29,1.43013118,2.24753296,1.0,0.0,-0.93259024,2.44637599,1.72264166,2.64786708,保护山地生态系统及其生物多样性,遏制栖息地退化和生物多样性丧失
6522,15.5–15.9,15.5,15.9,S15,S15,within-SDG,True,True,Shared,False,14,30,3.06246203,2.08991913,0.0,0.0,2.383636,3.47322072,1.56413314,2.44994683,遏制栖息地退化和生物多样性丧失,将生态系统和生物多样性价值纳入规划与核算
6935,16.6–16.7,16.6,16.7,S16,S16,within-SDG,True,False,Other stable,False,12,5,3.4282534,3.15983882,0.0,1.629e-05,2.60350082,3.96473696,1.39411357,3.99043729,建立有效、负责和透明的机构,确保响应性、包容性、参与性和代表性决策
